C_max,Gamma,Gamma_ratio_C_over_A,N,Q,QTG,Q_data,Q_fac,Q_ref_uncapped,T_cycles,arm,d,d_max,d_ref,deltaQ_C_minus_A,eps_tot,est,f_T,feasible,k,p,reduction_vs_ref,saving_C_vs_A,src
100.0,,nan,10000.0,,,,,71494.0,,B0,,7,11,nan,,,0.1,False,,0.001,nan,nan,
100.0,64.0812961332837,nan,10000.0,14790.0,4738811849.05633,11550.0,3240,71494.0,320406.4806664185,A,5,7,11,nan,1.040038132338651,False,0.1,True,4,0.001,0.7931294933840602,nan,"15to1_7,3,3_minerr"
100.0,,nan,10000.0,,,,,71494.0,,B,,7,11,nan,,,0.1,False,,0.001,nan,nan,
100.0,,nan,10000.0,,,,,71494.0,,C,,7,11,nan,,,0.1,False,,0.001,nan,nan,
10000.0,,nan,10000.0,,,,,71494.0,,B0,,7,11,nan,,,0.1,False,,0.001,nan,nan,
10000.0,2255.8393098990136,nan,10000.0,13638.0,153825682542.01373,11550.0,2088,71494.0,11279196.549495067,A,5,7,11,nan,1.9303193455498702,False,0.1,True,4,0.001,0.8092427336559711,nan,"15to1_5,3,3_minerr"
10000.0,,nan,10000.0,,,,,71494.0,,B,,7,11,nan,,,0.1,False,,0.001,nan,nan,
10000.0,,nan,10000.0,,,,,71494.0,,C,,7,11,nan,,,0.1,False,,0.001,nan,nan,
100.0,,nan,10000.0,,,,,71494.0,,B0,,7,11,nan,,,0.3,False,,0.001,nan,nan,
100.0,3.0094897021282443,nan,10000.0,25068.0,1584279644.9119673,22638.0,2430,71494.0,63199.28374469313,A,7,7,11,nan,0.2754426325528946,False,0.3,True,3,0.001,0.6493691778331049,nan,"15to1_7,3,3_minerr"
100.0,,nan,10000.0,,,,,71494.0,,B,,7,11,nan,,,0.3,False,,0.001,nan,nan,
100.0,,nan,10000.0,,,,,71494.0,,C,,7,11,nan,,,0.3,False,,0.001,nan,nan,
10000.0,,nan,10000.0,,,,,71494.0,,B0,,7,11,nan,,,0.3,False,,0.001,nan,nan,
10000.0,105.68735289583937,nan,10000.0,14790.0,23446739239.941963,11550.0,3240,71494.0,1585310.2934375906,A,5,7,11,nan,1.1651213086948287,False,0.3,True,4,0.001,0.7931294933840602,nan,"15to1_7,3,3_minerr"
10000.0,,nan,10000.0,,,,,71494.0,,B,,7,11,nan,,,0.3,False,,0.001,nan,nan,
10000.0,,nan,10000.0,,,,,71494.0,,C,,7,11,nan,,,0.3,False,,0.001,nan,nan,
100.0,,nan,10000.0,,,,,71494.0,,B0,,7,11,nan,,,1.0,False,,0.001,nan,nan,
100.0,17.33859599968716,nan,10000.0,25068.0,30425074716.411045,22638.0,2430,71494.0,1213701.7199781013,A,7,7,11,nan,0.7132337497995166,False,1.0,True,3,0.001,0.6493691778331049,nan,"15to1_7,3,3_minerr"
100.0,,nan,10000.0,,,,,71494.0,,B,,7,11,nan,,,1.0,False,,0.001,nan,nan,
100.0,,nan,10000.0,,,,,71494.0,,C,,7,11,nan,,,1.0,False,,0.001,nan,nan,
10000.0,,nan,10000.0,,,,,71494.0,,B0,,7,11,nan,,,1.0,False,,0.001,nan,nan,
10000.0,608.8973532095636,nan,10000.0,14790.0,450279592698.4722,11550.0,3240,71494.0,30444867.66047818,A,5,7,11,nan,1.6029124259414507,False,1.0,True,4,0.001,0.7931294933840602,nan,"15to1_7,3,3_minerr"
10000.0,,nan,10000.0,,,,,71494.0,,B,,7,11,nan,,,1.0,False,,0.001,nan,nan,
10000.0,,nan,10000.0,,,,,71494.0,,C,,7,11,nan,,,1.0,False,,0.001,nan,nan,
100.0,,nan,100000.0,,,,,93670.0,,B0,,7,13,nan,,,0.1,False,,0.001,nan,nan,
100.0,,nan,100000.0,,,,,93670.0,,A,,7,13,nan,,,0.1,False,,0.001,nan,nan,
100.0,,nan,100000.0,,,,,93670.0,,B,,7,13,nan,,,0.1,False,,0.001,nan,nan,
100.0,,nan,100000.0,,,,,93670.0,,C,,7,13,nan,,,0.1,False,,0.001,nan,nan,
10000.0,,nan,100000.0,,,,,93670.0,,B0,,7,13,nan,,,0.1,False,,0.001,nan,nan,
10000.0,409.27129449342203,nan,100000.0,25068.0,718172896725.2772,22638.0,2430,93670.0,28648990.61453954,A,7,7,13,nan,1.5035945619671687,False,0.1,True,3,0.001,0.7323796306181274,nan,"15to1_7,3,3_minerr"
10000.0,,nan,100000.0,,,,,93670.0,,B,,7,13,nan,,,0.1,False,,0.001,nan,nan,
10000.0,,nan,100000.0,,,,,93670.0,,C,,7,13,nan,,,0.1,False,,0.001,nan,nan,
100.0,,nan,100000.0,,,,,115644.0,,B0,,7,15,nan,,,0.3,False,,0.001,nan,nan,
100.0,,nan,100000.0,,,,,115644.0,,A,,7,15,nan,,,0.3,False,,0.001,nan,nan,
100.0,,nan,100000.0,,,,,115644.0,,B,,7,15,nan,,,0.3,False,,0.001,nan,nan,
100.0,,nan,100000.0,,,,,115644.0,,C,,7,15,nan,,,0.3,False,,0.001,nan,nan,
10000.0,,nan,100000.0,,,,,115644.0,,B0,,7,15,nan,,,0.3,False,,0.001,nan,nan,
10000.0,,nan,100000.0,,,,,115644.0,,A,,7,15,nan,,,0.3,False,,0.001,nan,nan,
10000.0,,nan,100000.0,,,,,115644.0,,B,,7,15,nan,,,0.3,False,,0.001,nan,nan,
10000.0,,nan,100000.0,,,,,115644.0,,C,,7,15,nan,,,0.3,False,,0.001,nan,nan,
100.0,,nan,100000.0,,,,,287018.0,,B0,,7,17,nan,,,1.0,False,,0.001,nan,nan,
100.0,,nan,100000.0,,,,,287018.0,,A,,7,17,nan,,,1.0,False,,0.001,nan,nan,
100.0,,nan,100000.0,,,,,287018.0,,B,,7,17,nan,,,1.0,False,,0.001,nan,nan,
100.0,,nan,100000.0,,,,,287018.0,,C,,7,17,nan,,,1.0,False,,0.001,nan,nan,
10000.0,,nan,100000.0,,,,,287018.0,,B0,,7,17,nan,,,1.0,False,,0.001,nan,nan,
10000.0,,nan,100000.0,,,,,287018.0,,A,,7,17,nan,,,1.0,False,,0.001,nan,nan,
10000.0,,nan,100000.0,,,,,287018.0,,B,,7,17,nan,,,1.0,False,,0.001,nan,nan,
10000.0,,nan,100000.0,,,,,287018.0,,C,,7,17,nan,,,1.0,False,,0.001,nan,nan,
100.0,,nan,1000000.0,,,,,287018.0,,B0,,7,17,nan,,,0.1,False,,0.001,nan,nan,
100.0,,nan,1000000.0,,,,,287018.0,,A,,7,17,nan,,,0.1,False,,0.001,nan,nan,
100.0,,nan,1000000.0,,,,,287018.0,,B,,7,17,nan,,,0.1,False,,0.001,nan,nan,
100.0,,nan,1000000.0,,,,,287018.0,,C,,7,17,nan,,,0.1,False,,0.001,nan,nan,
10000.0,,nan,1000000.0,,,,,287018.0,,B0,,7,17,nan,,,0.1,False,,0.001,nan,nan,
10000.0,,nan,1000000.0,,,,,287018.0,,A,,7,17,nan,,,0.1,False,,0.001,nan,nan,
10000.0,,nan,1000000.0,,,,,287018.0,,B,,7,17,nan,,,0.1,False,,0.001,nan,nan,
10000.0,,nan,1000000.0,,,,,287018.0,,C,,7,17,nan,,,0.1,False,,0.001,nan,nan,
100.0,,nan,1000000.0,,,,,287018.0,,B0,,7,17,nan,,,0.3,False,,0.001,nan,nan,
100.0,,nan,1000000.0,,,,,287018.0,,A,,7,17,nan,,,0.3,False,,0.001,nan,nan,
100.0,,nan,1000000.0,,,,,287018.0,,B,,7,17,nan,,,0.3,False,,0.001,nan,nan,
100.0,,nan,1000000.0,,,,,287018.0,,C,,7,17,nan,,,0.3,False,,0.001,nan,nan,
10000.0,,nan,1000000.0,,,,,287018.0,,B0,,7,17,nan,,,0.3,False,,0.001,nan,nan,
10000.0,,nan,1000000.0,,,,,287018.0,,A,,7,17,nan,,,0.3,False,,0.001,nan,nan,
10000.0,,nan,1000000.0,,,,,287018.0,,B,,7,17,nan,,,0.3,False,,0.001,nan,nan,
10000.0,,nan,1000000.0,,,,,287018.0,,C,,7,17,nan,,,0.3,False,,0.001,nan,nan,
100.0,,nan,1000000.0,,,,,287018.0,,B0,,7,17,nan,,,1.0,False,,0.001,nan,nan,
100.0,,nan,1000000.0,,,,,287018.0,,A,,7,17,nan,,,1.0,False,,0.001,nan,nan,
100.0,,nan,1000000.0,,,,,287018.0,,B,,7,17,nan,,,1.0,False,,0.001,nan,nan,
100.0,,nan,1000000.0,,,,,287018.0,,C,,7,17,nan,,,1.0,False,,0.001,nan,nan,
10000.0,,nan,1000000.0,,,,,287018.0,,B0,,7,17,nan,,,1.0,False,,0.001,nan,nan,
10000.0,,nan,1000000.0,,,,,287018.0,,A,,7,17,nan,,,1.0,False,,0.001,nan,nan,
10000.0,,nan,1000000.0,,,,,287018.0,,B,,7,17,nan,,,1.0,False,,0.001,nan,nan,
10000.0,,nan,1000000.0,,,,,287018.0,,C,,7,17,nan,,,1.0,False,,0.001,nan,nan,
100.0,,nan,100000000.0,,,,,320282.0,,B0,,7,19,nan,,,0.1,False,,0.001,nan,nan,
100.0,,nan,100000000.0,,,,,320282.0,,A,,7,19,nan,,,0.1,False,,0.001,nan,nan,
100.0,,nan,100000000.0,,,,,320282.0,,B,,7,19,nan,,,0.1,False,,0.001,nan,nan,
100.0,,nan,100000000.0,,,,,320282.0,,C,,7,19,nan,,,0.1,False,,0.001,nan,nan,
10000.0,,nan,100000000.0,,,,,320282.0,,B0,,7,19,nan,,,0.1,False,,0.001,nan,nan,
10000.0,,nan,100000000.0,,,,,320282.0,,A,,7,19,nan,,,0.1,False,,0.001,nan,nan,
10000.0,,nan,100000000.0,,,,,320282.0,,B,,7,19,nan,,,0.1,False,,0.001,nan,nan,
10000.0,,nan,100000000.0,,,,,320282.0,,C,,7,19,nan,,,0.1,False,,0.001,nan,nan,
100.0,,nan,100000000.0,,,,,320282.0,,B0,,7,19,nan,,,0.3,False,,0.001,nan,nan,
100.0,,nan,100000000.0,,,,,320282.0,,A,,7,19,nan,,,0.3,False,,0.001,nan,nan,
100.0,,nan,100000000.0,,,,,320282.0,,B,,7,19,nan,,,0.3,False,,0.001,nan,nan,
100.0,,nan,100000000.0,,,,,320282.0,,C,,7,19,nan,,,0.3,False,,0.001,nan,nan,
10000.0,,nan,100000000.0,,,,,320282.0,,B0,,7,19,nan,,,0.3,False,,0.001,nan,nan,
10000.0,,nan,100000000.0,,,,,320282.0,,A,,7,19,nan,,,0.3,False,,0.001,nan,nan,
10000.0,,nan,100000000.0,,,,,320282.0,,B,,7,19,nan,,,0.3,False,,0.001,nan,nan,
10000.0,,nan,100000000.0,,,,,320282.0,,C,,7,19,nan,,,0.3,False,,0.001,nan,nan,
100.0,,nan,100000000.0,,,,,320282.0,,B0,,7,19,nan,,,1.0,False,,0.001,nan,nan,
100.0,,nan,100000000.0,,,,,320282.0,,A,,7,19,nan,,,1.0,False,,0.001,nan,nan,
100.0,,nan,100000000.0,,,,,320282.0,,B,,7,19,nan,,,1.0,False,,0.001,nan,nan,
100.0,,nan,100000000.0,,,,,320282.0,,C,,7,19,nan,,,1.0,False,,0.001,nan,nan,
10000.0,,nan,100000000.0,,,,,320282.0,,B0,,7,19,nan,,,1.0,False,,0.001,nan,nan,
10000.0,,nan,100000000.0,,,,,320282.0,,A,,7,19,nan,,,1.0,False,,0.001,nan,nan,
10000.0,,nan,100000000.0,,,,,320282.0,,B,,7,19,nan,,,1.0,False,,0.001,nan,nan,
10000.0,,nan,100000000.0,,,,,320282.0,,C,,7,19,nan,,,1.0,False,,0.001,nan,nan,
100.0,,nan,10000000000.0,,,,,439898.0,,B0,,7,23,nan,,,0.1,False,,0.001,nan,nan,
100.0,,nan,10000000000.0,,,,,439898.0,,A,,7,23,nan,,,0.1,False,,0.001,nan,nan,
100.0,,nan,10000000000.0,,,,,439898.0,,B,,7,23,nan,,,0.1,False,,0.001,nan,nan,
100.0,,nan,10000000000.0,,,,,439898.0,,C,,7,23,nan,,,0.1,False,,0.001,nan,nan,
10000.0,,nan,10000000000.0,,,,,439898.0,,B0,,7,23,nan,,,0.1,False,,0.001,nan,nan,
10000.0,,nan,10000000000.0,,,,,439898.0,,A,,7,23,nan,,,0.1,False,,0.001,nan,nan,
10000.0,,nan,10000000000.0,,,,,439898.0,,B,,7,23,nan,,,0.1,False,,0.001,nan,nan,
10000.0,,nan,10000000000.0,,,,,439898.0,,C,,7,23,nan,,,0.1,False,,0.001,nan,nan,
100.0,,nan,10000000000.0,,,,,439898.0,,B0,,7,23,nan,,,0.3,False,,0.001,nan,nan,
100.0,,nan,10000000000.0,,,,,439898.0,,A,,7,23,nan,,,0.3,False,,0.001,nan,nan,
100.0,,nan,10000000000.0,,,,,439898.0,,B,,7,23,nan,,,0.3,False,,0.001,nan,nan,
100.0,,nan,10000000000.0,,,,,439898.0,,C,,7,23,nan,,,0.3,False,,0.001,nan,nan,
10000.0,,nan,10000000000.0,,,,,439898.0,,B0,,7,23,nan,,,0.3,False,,0.001,nan,nan,
10000.0,,nan,10000000000.0,,,,,439898.0,,A,,7,23,nan,,,0.3,False,,0.001,nan,nan,
10000.0,,nan,10000000000.0,,,,,439898.0,,B,,7,23,nan,,,0.3,False,,0.001,nan,nan,
10000.0,,nan,10000000000.0,,,,,439898.0,,C,,7,23,nan,,,0.3,False,,0.001,nan,nan,
100.0,,nan,10000000000.0,,,,,439898.0,,B0,,7,23,nan,,,1.0,False,,0.001,nan,nan,
100.0,,nan,10000000000.0,,,,,439898.0,,A,,7,23,nan,,,1.0,False,,0.001,nan,nan,
100.0,,nan,10000000000.0,,,,,439898.0,,B,,7,23,nan,,,1.0,False,,0.001,nan,nan,
100.0,,nan,10000000000.0,,,,,439898.0,,C,,7,23,nan,,,1.0,False,,0.001,nan,nan,
10000.0,,nan,10000000000.0,,,,,439898.0,,B0,,7,23,nan,,,1.0,False,,0.001,nan,nan,
10000.0,,nan,10000000000.0,,,,,439898.0,,A,,7,23,nan,,,1.0,False,,0.001,nan,nan,
10000.0,,nan,10000000000.0,,,,,439898.0,,B,,7,23,nan,,,1.0,False,,0.001,nan,nan,
10000.0,,nan,10000000000.0,,,,,439898.0,,C,,7,23,nan,,,1.0,False,,0.001,nan,nan,
100.0,,nan,10000.0,,,,,71494.0,,B0,,9,11,nan,,,0.1,False,,0.001,nan,nan,
100.0,64.0812961332837,nan,10000.0,14790.0,4738811849.05633,11550.0,3240,71494.0,320406.4806664185,A,5,9,11,nan,1.040038132338651,False,0.1,True,4,0.001,0.7931294933840602,nan,"15to1_7,3,3_minerr"
100.0,,nan,10000.0,,,,,71494.0,,B,,9,11,nan,,,0.1,False,,0.001,nan,nan,
100.0,,nan,10000.0,,,,,71494.0,,C,,9,11,nan,,,0.1,False,,0.001,nan,nan,
10000.0,,nan,10000.0,,,,,71494.0,,B0,,9,11,nan,,,0.1,False,,0.001,nan,nan,
10000.0,2255.8393098990136,nan,10000.0,13638.0,153825682542.01373,11550.0,2088,71494.0,11279196.549495067,A,5,9,11,nan,1.9303193455498702,False,0.1,True,4,0.001,0.8092427336559711,nan,"15to1_5,3,3_minerr"
10000.0,,nan,10000.0,,,,,71494.0,,B,,9,11,nan,,,0.1,False,,0.001,nan,nan,
10000.0,,nan,10000.0,,,,,71494.0,,C,,9,11,nan,,,0.1,False,,0.001,nan,nan,
100.0,,nan,10000.0,,,,,71494.0,,B0,,9,11,nan,,,0.3,False,,0.001,nan,nan,
100.0,65.00585527918854,nan,10000.0,17280.0,16849517688.36567,11550.0,5730,71494.0,975087.8291878281,A,5,9,11,nan,1.0436193367642133,False,0.3,True,5,0.001,0.758301395921336,nan,"15to1_9,3,3_minq"
100.0,,nan,10000.0,,,,,71494.0,,B,,9,11,nan,,,0.3,False,,0.001,nan,nan,
100.0,,nan,10000.0,,,,,71494.0,,C,,9,11,nan,,,0.3,False,,0.001,nan,nan,
10000.0,,nan,10000.0,,,,,71494.0,,B0,,9,11,nan,,,0.3,False,,0.001,nan,nan,
10000.0,105.68735289583937,nan,10000.0,14790.0,23446739239.941963,11550.0,3240,71494.0,1585310.2934375906,A,5,9,11,nan,1.1651213086948287,False,0.3,True,4,0.001,0.7931294933840602,nan,"15to1_7,3,3_minerr"
10000.0,,nan,10000.0,,,,,71494.0,,B,,9,11,nan,,,0.3,False,,0.001,nan,nan,
10000.0,,nan,10000.0,,,,,71494.0,,C,,9,11,nan,,,0.3,False,,0.001,nan,nan,
100.0,,nan,10000.0,,,,,71494.0,,B0,,9,11,nan,,,1.0,False,,0.001,nan,nan,
100.0,65.77398317442457,nan,10000.0,22652.0,74495613343.35327,11550.0,11102,71494.0,3288699.1587212286,A,5,9,11,nan,1.0465560919142758,False,1.0,True,7,0.001,0.6831622234033625,nan,"15to1_9,5,5_minerr"
100.0,,nan,10000.0,,,,,71494.0,,B,,9,11,nan,,,1.0,False,,0.001,nan,nan,
100.0,,nan,10000.0,,,,,71494.0,,C,,9,11,nan,,,1.0,False,,0.001,nan,nan,
10000.0,,nan,10000.0,,,,,71494.0,,B0,,9,11,nan,,,1.0,False,,0.001,nan,nan,
10000.0,608.8973532095636,nan,10000.0,14790.0,450279592698.4722,11550.0,3240,71494.0,30444867.66047818,A,5,9,11,nan,1.6029124259414507,False,1.0,True,4,0.001,0.7931294933840602,nan,"15to1_7,3,3_minerr"
10000.0,,nan,10000.0,,,,,71494.0,,B,,9,11,nan,,,1.0,False,,0.001,nan,nan,
10000.0,,nan,10000.0,,,,,71494.0,,C,,9,11,nan,,,1.0,False,,0.001,nan,nan,
100.0,,nan,100000.0,,,,,93670.0,,B0,,9,13,nan,,,0.1,False,,0.001,nan,nan,
100.0,80.9921272464494,nan,100000.0,26076.0,147836549705.489,22638.0,3438,93670.0,5669448.907251458,A,7,9,13,nan,1.0985879888651173,False,0.1,True,3,0.001,0.7216184477420733,nan,"15to1_9,3,3_minq"
100.0,,nan,100000.0,,,,,93670.0,,B,,9,13,nan,,,0.1,False,,0.001,nan,nan,
100.0,,nan,100000.0,,,,,93670.0,,C,,9,13,nan,,,0.1,False,,0.001,nan,nan,
10000.0,,nan,100000.0,,,,,93670.0,,B0,,9,13,nan,,,0.1,False,,0.001,nan,nan,
10000.0,409.27129449342203,nan,100000.0,25068.0,718172896725.2772,22638.0,2430,93670.0,28648990.61453954,A,7,9,13,nan,1.5035945619671687,False,0.1,True,3,0.001,0.7323796306181274,nan,"15to1_7,3,3_minerr"
10000.0,,nan,100000.0,,,,,93670.0,,B,,9,13,nan,,,0.1,False,,0.001,nan,nan,
10000.0,,nan,100000.0,,,,,93670.0,,C,,9,13,nan,,,0.1,False,,0.001,nan,nan,
100.0,,nan,100000.0,,,,,115644.0,,B0,,9,15,nan,,,0.3,False,,0.001,nan,nan,
100.0,76.81725533741385,nan,100000.0,30568.0,493111470842.354,22638.0,7930,115644.0,16131623.62085691,A,7,9,15,nan,1.0853573234474212,False,0.3,True,5,0.001,0.7356715437030887,nan,"15to1_9,5,5_minerr"
100.0,,nan,100000.0,,,,,115644.0,,B,,9,15,nan,,,0.3,False,,0.001,nan,nan,
100.0,,nan,100000.0,,,,,115644.0,,C,,9,15,nan,,,0.3,False,,0.001,nan,nan,
10000.0,,nan,100000.0,,,,,115644.0,,B0,,9,15,nan,,,0.3,False,,0.001,nan,nan,
10000.0,472.3056902995282,nan,100000.0,26076.0,2586327067852.6045,22638.0,3438,115644.0,99184194.96290092,A,7,9,15,nan,1.5394066062227918,False,0.3,True,3,0.001,0.7745148905260973,nan,"15to1_9,3,3_minq"
10000.0,,nan,100000.0,,,,,115644.0,,B,,9,15,nan,,,0.3,False,,0.001,nan,nan,
10000.0,,nan,100000.0,,,,,115644.0,,C,,9,15,nan,,,0.3,False,,0.001,nan,nan,
100.0,,nan,100000.0,,,,,287018.0,,B0,,9,17,nan,,,1.0,False,,0.001,nan,nan,
100.0,21.714118822026315,nan,100000.0,43766.0,855306111928.3234,37422.0,6344,287018.0,19542706.939823683,A,9,9,17,nan,0.7694906714834229,False,1.0,True,4,0.001,0.8475147900131699,nan,"15to1_9,5,5_minerr"
100.0,,nan,100000.0,,,,,287018.0,,B,,9,17,nan,,,1.0,False,,0.001,nan,nan,
100.0,,nan,100000.0,,,,,287018.0,,C,,9,17,nan,,,1.0,False,,0.001,nan,nan,
10000.0,,nan,100000.0,,,,,287018.0,,B0,,9,17,nan,,,1.0,False,,0.001,nan,nan,
10000.0,531.1777074547251,nan,100000.0,30568.0,11365928113033.227,22638.0,7930,287018.0,371824395.2183076,A,7,9,17,nan,1.568774157723417,False,1.0,True,5,0.001,0.8934979687685093,nan,"15to1_9,5,5_minerr"
10000.0,,nan,100000.0,,,,,287018.0,,B,,9,17,nan,,,1.0,False,,0.001,nan,nan,
10000.0,,nan,100000.0,,,,,287018.0,,C,,9,17,nan,,,1.0,False,,0.001,nan,nan,
100.0,,nan,1000000.0,,,,,287018.0,,B0,,9,17,nan,,,0.1,False,,0.001,nan,nan,
100.0,,nan,1000000.0,,,,,287018.0,,A,,9,17,nan,,,0.1,False,,0.001,nan,nan,
100.0,,nan,1000000.0,,,,,287018.0,,B,,9,17,nan,,,0.1,False,,0.001,nan,nan,
100.0,,nan,1000000.0,,,,,287018.0,,C,,9,17,nan,,,0.1,False,,0.001,nan,nan,
10000.0,,nan,1000000.0,,,,,287018.0,,B0,,9,17,nan,,,0.1,False,,0.001,nan,nan,
10000.0,371.7381349181024,nan,1000000.0,43766.0,14642542091543.102,37422.0,6344,287018.0,334564321.4262921,A,9,9,17,nan,1.4795474169999958,False,0.1,True,4,0.001,0.8475147900131699,nan,"15to1_9,5,5_minerr"
10000.0,,nan,1000000.0,,,,,287018.0,,B,,9,17,nan,,,0.1,False,,0.001,nan,nan,
10000.0,,nan,1000000.0,,,,,287018.0,,C,,9,17,nan,,,0.1,False,,0.001,nan,nan,
100.0,,nan,1000000.0,,,,,287018.0,,B0,,9,17,nan,,,0.3,False,,0.001,nan,nan,
100.0,,nan,1000000.0,,,,,287018.0,,A,,9,17,nan,,,0.3,False,,0.001,nan,nan,
100.0,,nan,1000000.0,,,,,287018.0,,B,,9,17,nan,,,0.3,False,,0.001,nan,nan,
100.0,,nan,1000000.0,,,,,287018.0,,C,,9,17,nan,,,0.3,False,,0.001,nan,nan,
10000.0,,nan,1000000.0,,,,,287018.0,,B0,,9,17,nan,,,0.3,False,,0.001,nan,nan,
10000.0,,nan,1000000.0,,,,,287018.0,,A,,9,17,nan,,,0.3,False,,0.001,nan,nan,
10000.0,,nan,1000000.0,,,,,287018.0,,B,,9,17,nan,,,0.3,False,,0.001,nan,nan,
10000.0,,nan,1000000.0,,,,,287018.0,,C,,9,17,nan,,,0.3,False,,0.001,nan,nan,
100.0,,nan,1000000.0,,,,,287018.0,,B0,,9,17,nan,,,1.0,False,,0.001,nan,nan,
100.0,,nan,1000000.0,,,,,287018.0,,A,,9,17,nan,,,1.0,False,,0.001,nan,nan,
100.0,,nan,1000000.0,,,,,287018.0,,B,,9,17,nan,,,1.0,False,,0.001,nan,nan,
100.0,,nan,1000000.0,,,,,287018.0,,C,,9,17,nan,,,1.0,False,,0.001,nan,nan,
10000.0,,nan,1000000.0,,,,,287018.0,,B0,,9,17,nan,,,1.0,False,,0.001,nan,nan,
10000.0,,nan,1000000.0,,,,,287018.0,,A,,9,17,nan,,,1.0,False,,0.001,nan,nan,
10000.0,,nan,1000000.0,,,,,287018.0,,B,,9,17,nan,,,1.0,False,,0.001,nan,nan,
10000.0,,nan,1000000.0,,,,,287018.0,,C,,9,17,nan,,,1.0,False,,0.001,nan,nan,
100.0,,nan,100000000.0,,,,,320282.0,,B0,,9,19,nan,,,0.1,False,,0.001,nan,nan,
100.0,,nan,100000000.0,,,,,320282.0,,A,,9,19,nan,,,0.1,False,,0.001,nan,nan,
100.0,,nan,100000000.0,,,,,320282.0,,B,,9,19,nan,,,0.1,False,,0.001,nan,nan,
100.0,,nan,100000000.0,,,,,320282.0,,C,,9,19,nan,,,0.1,False,,0.001,nan,nan,
10000.0,,nan,100000000.0,,,,,320282.0,,B0,,9,19,nan,,,0.1,False,,0.001,nan,nan,
10000.0,,nan,100000000.0,,,,,320282.0,,A,,9,19,nan,,,0.1,False,,0.001,nan,nan,
10000.0,,nan,100000000.0,,,,,320282.0,,B,,9,19,nan,,,0.1,False,,0.001,nan,nan,
10000.0,,nan,100000000.0,,,,,320282.0,,C,,9,19,nan,,,0.1,False,,0.001,nan,nan,
100.0,,nan,100000000.0,,,,,320282.0,,B0,,9,19,nan,,,0.3,False,,0.001,nan,nan,
100.0,,nan,100000000.0,,,,,320282.0,,A,,9,19,nan,,,0.3,False,,0.001,nan,nan,
100.0,,nan,100000000.0,,,,,320282.0,,B,,9,19,nan,,,0.3,False,,0.001,nan,nan,
100.0,,nan,100000000.0,,,,,320282.0,,C,,9,19,nan,,,0.3,False,,0.001,nan,nan,
10000.0,,nan,100000000.0,,,,,320282.0,,B0,,9,19,nan,,,0.3,False,,0.001,nan,nan,
10000.0,,nan,100000000.0,,,,,320282.0,,A,,9,19,nan,,,0.3,False,,0.001,nan,nan,
10000.0,,nan,100000000.0,,,,,320282.0,,B,,9,19,nan,,,0.3,False,,0.001,nan,nan,
10000.0,,nan,100000000.0,,,,,320282.0,,C,,9,19,nan,,,0.3,False,,0.001,nan,nan,
100.0,,nan,100000000.0,,,,,320282.0,,B0,,9,19,nan,,,1.0,False,,0.001,nan,nan,
100.0,,nan,100000000.0,,,,,320282.0,,A,,9,19,nan,,,1.0,False,,0.001,nan,nan,
100.0,,nan,100000000.0,,,,,320282.0,,B,,9,19,nan,,,1.0,False,,0.001,nan,nan,
100.0,,nan,100000000.0,,,,,320282.0,,C,,9,19,nan,,,1.0,False,,0.001,nan,nan,
10000.0,,nan,100000000.0,,,,,320282.0,,B0,,9,19,nan,,,1.0,False,,0.001,nan,nan,
10000.0,,nan,100000000.0,,,,,320282.0,,A,,9,19,nan,,,1.0,False,,0.001,nan,nan,
10000.0,,nan,100000000.0,,,,,320282.0,,B,,9,19,nan,,,1.0,False,,0.001,nan,nan,
10000.0,,nan,100000000.0,,,,,320282.0,,C,,9,19,nan,,,1.0,False,,0.001,nan,nan,
100.0,,nan,10000000000.0,,,,,439898.0,,B0,,9,23,nan,,,0.1,False,,0.001,nan,nan,
100.0,,nan,10000000000.0,,,,,439898.0,,A,,9,23,nan,,,0.1,False,,0.001,nan,nan,
100.0,,nan,10000000000.0,,,,,439898.0,,B,,9,23,nan,,,0.1,False,,0.001,nan,nan,
100.0,,nan,10000000000.0,,,,,439898.0,,C,,9,23,nan,,,0.1,False,,0.001,nan,nan,
10000.0,,nan,10000000000.0,,,,,439898.0,,B0,,9,23,nan,,,0.1,False,,0.001,nan,nan,
10000.0,,nan,10000000000.0,,,,,439898.0,,A,,9,23,nan,,,0.1,False,,0.001,nan,nan,
10000.0,,nan,10000000000.0,,,,,439898.0,,B,,9,23,nan,,,0.1,False,,0.001,nan,nan,
10000.0,,nan,10000000000.0,,,,,439898.0,,C,,9,23,nan,,,0.1,False,,0.001,nan,nan,
100.0,,nan,10000000000.0,,,,,439898.0,,B0,,9,23,nan,,,0.3,False,,0.001,nan,nan,
100.0,,nan,10000000000.0,,,,,439898.0,,A,,9,23,nan,,,0.3,False,,0.001,nan,nan,
100.0,,nan,10000000000.0,,,,,439898.0,,B,,9,23,nan,,,0.3,False,,0.001,nan,nan,
100.0,,nan,10000000000.0,,,,,439898.0,,C,,9,23,nan,,,0.3,False,,0.001,nan,nan,
10000.0,,nan,10000000000.0,,,,,439898.0,,B0,,9,23,nan,,,0.3,False,,0.001,nan,nan,
10000.0,,nan,10000000000.0,,,,,439898.0,,A,,9,23,nan,,,0.3,False,,0.001,nan,nan,
10000.0,,nan,10000000000.0,,,,,439898.0,,B,,9,23,nan,,,0.3,False,,0.001,nan,nan,
10000.0,,nan,10000000000.0,,,,,439898.0,,C,,9,23,nan,,,0.3,False,,0.001,nan,nan,
100.0,,nan,10000000000.0,,,,,439898.0,,B0,,9,23,nan,,,1.0,False,,0.001,nan,nan,
100.0,,nan,10000000000.0,,,,,439898.0,,A,,9,23,nan,,,1.0,False,,0.001,nan,nan,
100.0,,nan,10000000000.0,,,,,439898.0,,B,,9,23,nan,,,1.0,False,,0.001,nan,nan,
100.0,,nan,10000000000.0,,,,,439898.0,,C,,9,23,nan,,,1.0,False,,0.001,nan,nan,
10000.0,,nan,10000000000.0,,,,,439898.0,,B0,,9,23,nan,,,1.0,False,,0.001,nan,nan,
10000.0,,nan,10000000000.0,,,,,439898.0,,A,,9,23,nan,,,1.0,False,,0.001,nan,nan,
10000.0,,nan,10000000000.0,,,,,439898.0,,B,,9,23,nan,,,1.0,False,,0.001,nan,nan,
10000.0,,nan,10000000000.0,,,,,439898.0,,C,,9,23,nan,,,1.0,False,,0.001,nan,nan,
100.0,,1.0068768350875883,10000.0,,,,,71494.0,,B0,,11,11,0.03451670766508145,,,0.1,False,,0.001,nan,0.1668517577963038,
100.0,64.0812961332837,1.0068768350875883,10000.0,14790.0,4738811849.05633,11550.0,3240,71494.0,320406.4806664185,A,5,11,11,0.03451670766508145,1.040038132338651,False,0.1,True,4,0.001,0.7931294933840602,0.1668517577963038,"15to1_7,3,3_minerr"
100.0,1.0,1.0068768350875883,10000.0,57587.180282487374,633458983.1073611,55902.0,1685.1802824873766,71494.0,11000.0,B,11,11,11,0.03451670766508145,0.0009148856410872238,False,0.1,True,0,0.001,0.1945172982000255,0.1668517577963038,cult_d1=5_att29
100.0,64.5219726389912,1.0068768350875883,10000.0,12322.262502192667,3975283420.084712,11550.0,772.262502192667,71494.0,322609.863194956,C,5,11,11,0.03451670766508145,1.0417514567148876,False,0.1,True,0,0.001,0.8276462010491417,0.1668517577963038,cult_d1=3_att2
10000.0,,0.2909208606805295,10000.0,,,,,71494.0,,B0,,11,11,0.01950682151455368,,,0.1,False,,0.001,nan,0.10225991328358275,
10000.0,2255.8393098990136,0.2909208606805295,10000.0,13638.0,153825682542.01373,11550.0,2088,71494.0,11279196.549495067,A,5,11,11,0.01950682151455368,1.9303193455498702,False,0.1,True,4,0.001,0.8092427336559711,0.10225991328358275,"15to1_5,3,3_minerr"
10000.0,1.0,0.2909208606805295,10000.0,57587.180282487374,633458983.1073611,55902.0,1685.1802824873766,71494.0,11000.0,B,11,11,11,0.01950682151455368,0.0009148856410872238,False,0.1,True,0,0.001,0.1945172982000255,0.10225991328358275,cult_d1=5_att29
10000.0,656.2707135927928,0.2909208606805295,10000.0,12243.3793026385,40174856358.648994,11550.0,693.3793026384985,71494.0,3281353.5679639643,C,5,11,11,0.01950682151455368,1.6216433442444211,False,0.1,True,0,0.001,0.8287495551705248,0.10225991328358275,cult_d1=3_att2
100.0,,1.0911315838590827,10000.0,,,,,71494.0,,B0,,11,11,0.06814256893203578,,,0.3,False,,0.001,nan,0.28193199208489383,
100.0,65.00585527918854,1.0911315838590827,10000.0,17280.0,16849517688.36567,11550.0,5730,71494.0,975087.8291878281,A,5,11,11,0.06814256893203578,1.0436193367642133,False,0.3,True,5,0.001,0.758301395921336,0.28193199208489383,"15to1_9,3,3_minq"
100.0,1.0,1.0911315838590827,10000.0,58004.20933292806,1914138907.9866261,55902.0,2102.2093329280597,71494.0,33000.0,B,11,11,11,0.06814256893203578,0.000981732058355132,False,0.3,True,0,0.001,0.18868423458013173,0.28193199208489383,cult_d1=5_att36
100.0,70.9299418308953,1.0911315838590827,10000.0,12408.215176773034,13201709710.706152,11550.0,858.2151767730338,71494.0,1063949.1274634295,C,5,11,11,0.06814256893203578,1.0654231637804883,False,0.3,True,0,0.001,0.8264439648533719,0.28193199208489383,cult_d1=3_att2
10000.0,,1.0207727030566827,10000.0,,,,,71494.0,,B0,,11,11,0.03451670766508145,,,0.3,False,,0.001,nan,0.1668517577963038,
10000.0,105.68735289583937,1.0207727030566827,10000.0,14790.0,23446739239.941963,11550.0,3240,71494.0,1585310.2934375906,A,5,11,11,0.03451670766508145,1.1651213086948287,False,0.3,True,4,0.001,0.7931294933840602,0.1668517577963038,"15to1_7,3,3_minerr"
10000.0,1.0,1.0207727030566827,10000.0,58004.20933292806,1914138907.9866261,55902.0,2102.2093329280597,71494.0,33000.0,B,11,11,11,0.03451670766508145,0.000981732058355132,False,0.3,True,0,0.001,0.18868423458013173,0.1668517577963038,cult_d1=5_att36
10000.0,107.88276489439147,1.0207727030566827,10000.0,12322.262502192667,19940396227.365414,11550.0,772.262502192667,71494.0,1618241.473415872,C,5,11,11,0.03451670766508145,1.1702612818235387,False,0.3,True,0,0.001,0.8276462010491417,0.1668517577963038,cult_d1=3_att2
100.0,,0.9959904658886565,10000.0,,,,,71494.0,,B0,,11,11,0.1414426853048052,,,1.0,False,,0.001,nan,0.4464198897749312,
100.0,65.77398317442457,0.9959904658886565,10000.0,22652.0,74495613343.35327,11550.0,11102,71494.0,3288699.1587212286,A,5,11,11,0.1414426853048052,1.0465560919142758,False,1.0,True,7,0.001,0.6831622234033625,0.4464198897749312,"15to1_9,5,5_minerr"
100.0,1.0,0.9959904658886565,10000.0,58855.38769290279,6474092646.219307,55902.0,2953.387692902794,71494.0,110000.0,B,11,11,11,0.1414426853048052,0.0008397314661858881,False,1.0,True,0,0.001,0.17677864306231583,0.4464198897749312,cult_d1=5_att50
100.0,65.51026014524778,0.9959904658886565,10000.0,12539.696656818258,41073939506.5329,11550.0,989.696656818257,71494.0,3275513.007262389,C,5,11,11,0.1414426853048052,1.0455516934532003,False,1.0,True,0,0.001,0.8246049087081677,0.4464198897749312,cult_d1=3_att3
10000.0,,1.070935938534293,10000.0,,,,,71494.0,,B0,,11,11,0.03451670766508145,,,1.0,False,,0.001,nan,0.1668517577963038,
10000.0,608.8973532095636,1.070935938534293,10000.0,14790.0,450279592698.4722,11550.0,3240,71494.0,30444867.66047818,A,5,11,11,0.03451670766508145,1.6029124259414507,False,1.0,True,4,0.001,0.7931294933840602,0.1668517577963038,"15to1_7,3,3_minerr"
10000.0,1.0,1.070935938534293,10000.0,58855.38769290279,6474092646.219307,55902.0,2953.387692902794,71494.0,110000.0,B,11,11,11,0.03451670766508145,0.0008397314661858881,False,1.0,True,0,0.001,0.17677864306231583,0.1668517577963038,cult_d1=5_att50
10000.0,652.0900584305308,1.070935938534293,10000.0,12322.262502192667,401761243752.55774,11550.0,772.262502192667,71494.0,32604502.92152654,C,5,11,11,0.03451670766508145,1.6200456697038177,False,1.0,True,0,0.001,0.8276462010491417,0.1668517577963038,cult_d1=3_att2
100.0,,0.5436679320438444,100000.0,,,,,93670.0,,B0,,11,13,0.029156334115067642,,,0.1,False,,0.001,nan,0.10473515173179881,
100.0,80.9921272464494,0.5436679320438444,100000.0,26076.0,147836549705.489,22638.0,3438,93670.0,5669448.907251458,A,7,11,13,0.029156334115067642,1.0985879888651173,False,0.1,True,3,0.001,0.7216184477420733,0.10473515173179881,"15to1_9,3,3_minq"
100.0,,0.5436679320438444,100000.0,,,,,93670.0,,B,,11,13,0.029156334115067642,,,0.1,False,,0.001,nan,0.10473515173179881,
100.0,44.03282233190905,0.5436679320438444,100000.0,23344.926183441614,71956009089.09114,22638.0,706.9261834416121,93670.0,3082297.5632336335,C,7,11,13,0.029156334115067642,0.9462338294789182,False,0.1,True,0,0.001,0.7507747818571409,0.10473515173179881,cult_d1=3_att3
10000.0,,1.0709359385342931,100000.0,,,,,93670.0,,B0,,11,13,0.020053207291611377,,,0.1,False,,0.001,nan,0.0749315432824812,
10000.0,409.27129449342203,1.0709359385342931,100000.0,25068.0,718172896725.2772,22638.0,2430,93670.0,28648990.61453954,A,7,11,13,0.020053207291611377,1.5035945619671687,False,0.1,True,3,0.001,0.7323796306181274,0.0749315432824812,"15to1_7,3,3_minerr"
10000.0,,1.0709359385342931,100000.0,,,,,93670.0,,B,,11,13,0.020053207291611377,,,0.1,False,,0.001,nan,0.0749315432824812,
10000.0,438.30333788345797,1.0709359385342931,100000.0,23189.616072994762,711486029032.0643,22638.0,551.6160729947621,93670.0,30681233.651842058,C,7,11,13,0.020053207291611377,1.5207278057295357,False,0.1,True,0,0.001,0.7524328379097388,0.0749315432824812,cult_d1=3_att2
100.0,,0.9880195622986094,100000.0,,,,,115644.0,,B0,,11,15,0.06245956397701901,,,0.3,False,,0.001,nan,0.2362952701046318,
100.0,76.81725533741385,0.9880195622986094,100000.0,30568.0,493111470842.354,22638.0,7930,115644.0,16131623.62085691,A,7,11,15,0.06245956397701901,1.0853573234474212,False,0.3,True,5,0.001,0.7356715437030887,0.2362952701046318,"15to1_9,5,5_minerr"
100.0,,0.9880195622986094,100000.0,,,,,115644.0,,B,,11,15,0.06245956397701901,,,0.3,False,,0.001,nan,0.2362952701046318,
100.0,75.89695099545216,0.9880195622986094,100000.0,23344.926183441614,372079830892.79443,22638.0,706.9261834416121,115644.0,15938359.709044954,C,7,11,15,0.06245956397701901,1.0823441280641946,False,0.3,True,0,0.001,0.7981311076801079,0.2362952701046318,cult_d1=3_att3
10000.0,,2.392055601639999,100000.0,,,,,115644.0,,B0,,11,15,0.02442832450838636,,,0.3,False,,0.001,nan,0.10833675254823716,
10000.0,472.3056902995282,2.392055601639999,100000.0,26076.0,2586327067852.6045,22638.0,3438,115644.0,99184194.96290092,A,7,11,15,0.02442832450838636,1.5394066062227918,False,0.3,True,3,0.001,0.7745148905260973,0.10833675254823716,"15to1_9,3,3_minq"
10000.0,,2.392055601639999,100000.0,,,,,115644.0,,B,,11,15,0.02442832450838636,,,0.3,False,,0.001,nan,0.10833675254823716,
10000.0,1129.781472167433,2.392055601639999,100000.0,23251.010840552168,5516397863932.195,22638.0,613.010840552167,115644.0,237254109.15516096,C,7,11,15,0.02442832450838636,1.7574448763855428,False,0.3,True,0,0.001,0.7989432150344837,0.10833675254823716,cult_d1=3_att2
100.0,,2.346194018316798,100000.0,,,,,287018.0,,B0,,11,17,0.031973800458690506,,,1.0,False,,0.001,nan,0.2783625412537136,
100.0,41.3077876212357,2.346194018316798,100000.0,32968.0,953284599607.829,22638.0,10330,287018.0,28915451.33486499,A,7,11,17,0.031973800458690506,0.9302627611122205,False,1.0,True,5,0.001,0.8851361238667959,0.2783625412537136,"15to1_11,5,5_minerr"
100.0,,2.346194018316798,100000.0,,,,,287018.0,,B,,11,17,0.031973800458690506,,,1.0,False,,0.001,nan,0.2783625412537136,
100.0,96.91608422684386,2.346194018316798,100000.0,23790.94373994757,1614007575135.8037,22638.0,1152.9437399475667,287018.0,67841258.9587907,C,7,11,17,0.031973800458690506,1.143461373253845,False,1.0,True,0,0.001,0.9171099243254863,0.2783625412537136,cult_d1=3_att4
10000.0,,0.9606204142237529,100000.0,,,,,287018.0,,B0,,11,17,0.025165926236537035,,,1.0,False,,0.001,nan,0.2362952701046318,
10000.0,531.1777074547251,0.9606204142237529,100000.0,30568.0,11365928113033.227,22638.0,7930,287018.0,371824395.2183076,A,7,11,17,0.025165926236537035,1.568774157723417,False,1.0,True,5,0.001,0.8934979687685093,0.2362952701046318,"15to1_9,5,5_minerr"
10000.0,,0.9606204142237529,100000.0,,,,,287018.0,,B,,11,17,0.025165926236537035,,,1.0,False,,0.001,nan,0.2362952701046318,
10000.0,510.26014936158145,0.9606204142237529,100000.0,23344.926183441614,8338389864838.608,22638.0,706.9261834416121,287018.0,357182104.553107,C,7,11,17,0.025165926236537035,1.5587301731126613,False,1.0,True,0,0.001,0.9186638950050463,0.2362952701046318,cult_d1=3_att3
100.0,,3.110082067584483,1000000.0,,,,,287018.0,,B0,,11,17,0.02635990095691658,,,0.1,False,,0.001,nan,0.16560359963341686,
100.0,28.908743180303883,3.110082067584483,1000000.0,45686.0,1188652356841.827,37422.0,8264,287018.0,26017868.862273496,A,9,11,17,0.02635990095691658,0.8410360203887992,False,0.1,True,4,0.001,0.8408253140917992,0.16560359963341686,"15to1_11,5,5_minerr"
100.0,,3.110082067584483,1000000.0,,,,,287018.0,,B,,11,17,0.02635990095691658,,,0.1,False,,0.001,nan,0.16560359963341686,
100.0,89.90856376146833,3.110082067584483,1000000.0,38120.23394714772,3084601935995.2983,37422.0,698.2339471477171,287018.0,80917707.3853215,C,9,11,17,0.02635990095691658,1.1246982989222514,False,0.1,True,0,0.001,0.8671852150487157,0.16560359963341686,cult_d1=3_att3
10000.0,,0.9606204142237529,1000000.0,,,,,287018.0,,B0,,11,17,0.020187474388330552,,,0.1,False,,0.001,nan,0.1323897208789896,
10000.0,371.7381349181024,0.9606204142237529,1000000.0,43766.0,14642542091543.102,37422.0,6344,287018.0,334564321.4262921,A,9,11,17,0.020187474388330552,1.4795474169999958,False,0.1,True,4,0.001,0.8475147900131699,0.1323897208789896,"15to1_9,5,5_minerr"
10000.0,,0.9606204142237529,1000000.0,,,,,287018.0,,B,,11,17,0.020187474388330552,,,0.1,False,,0.001,nan,0.1323897208789896,
10000.0,357.09924114779284,0.9606204142237529,1000000.0,37971.83147601014,12203740984567.588,37422.0,549.8314760101428,287018.0,321389317.0330136,C,9,11,17,0.020187474388330552,1.46950343238924,False,0.1,True,0,0.001,0.8677022644015004,0.1323897208789896,cult_d1=3_att3
100.0,,1.2194834243790071,1000000.0,,,,,287018.0,,B0,,11,17,0.023114305956212295,,,0.3,False,,0.001,nan,0.1452134541640796,
100.0,43.85184218353248,1.2194834243790071,1000000.0,45686.0,5409221207391.535,37422.0,8264,287018.0,118399973.8955377,A,9,11,17,0.023114305956212295,0.94520418224068,False,0.3,True,4,0.001,0.8408253140917992,0.1452134541640796,"15to1_11,5,5_minerr"
100.0,,1.2194834243790071,1000000.0,,,,,287018.0,,B,,11,17,0.023114305956212295,,,0.3,False,,0.001,nan,0.1452134541640796,
100.0,53.47659467130199,1.2194834243790071,1000000.0,39051.77813305986,5638561498121.191,37422.0,1629.7781330598589,287018.0,144386805.61251536,C,9,11,17,0.023114305956212295,0.9948110188497621,False,0.3,True,0,0.001,0.8639396200480114,0.1452134541640796,cult_d1=5_att23
10000.0,,77.58488435349064,1000000.0,,,,,287018.0,,B0,,11,17,0.026635567634891978,,,0.3,False,,0.001,nan,0.16733544962201607,
10000.0,43.85184218353248,77.58488435349064,1000000.0,45686.0,5409221207391.535,37422.0,8264,287018.0,118399973.8955377,A,9,11,17,0.026635567634891978,0.94520418224068,False,0.3,True,4,0.001,0.8408253140917992,0.16733544962201607,"15to1_11,5,5_minerr"
10000.0,,77.58488435349064,1000000.0,,,,,287018.0,,B,,11,17,0.026635567634891978,,,0.3,False,,0.001,nan,0.16733544962201607,
10000.0,3402.24010449689,77.58488435349064,1000000.0,38041.112648568575,349447497496138.56,37422.0,619.1126485685759,287018.0,9186048282.141603,C,9,11,17,0.026635567634891978,2.033047336979715,False,0.3,True,0,0.001,0.8674608817266911,0.16733544962201607,cult_d1=3_att3
100.0,,7.245798728726693,1000000.0,,,,,287018.0,,B0,,11,17,0.07954698465850461,,,1.0,False,,0.001,nan,0.36765565930297384,
100.0,10.664064648592353,7.245798728726693,1000000.0,62100.0,7284622561453.437,55902.0,6198,287018.0,117304711.13451588,A,11,11,17,0.07954698465850461,0.5917199112947863,False,1.0,True,3,0.001,0.7836372631681636,0.36765565930297384,"15to1_11,5,5_minerr"
100.0,,7.245798728726693,1000000.0,,,,,287018.0,,B,,11,17,0.07954698465850461,,,1.0,False,,0.001,nan,0.36765565930297384,
100.0,77.26966607382974,7.245798728726693,1000000.0,39268.583557285325,27308433047973.465,37422.0,1846.5835572853239,287018.0,695426994.6644677,C,9,11,17,0.07954698465850461,1.086825365096533,False,1.0,True,0,0.001,0.8631842478266682,0.36765565930297384,cult_d1=5_att26
10000.0,,1.937550387039403,1000000.0,,,,,287018.0,,B0,,11,17,0.023114305956212295,,,1.0,False,,0.001,nan,0.1452134541640796,
10000.0,188.51375874029128,1.937550387039403,1000000.0,45686.0,77511956236280.53,37422.0,8264,287018.0,1696623828.6626215,A,9,11,17,0.023114305956212295,1.309792748722263,False,1.0,True,4,0.001,0.8408253140917992,0.1452134541640796,"15to1_11,5,5_minerr"
10000.0,,1.937550387039403,1000000.0,,,,,287018.0,,B,,11,17,0.023114305956212295,,,1.0,False,,0.001,nan,0.1452134541640796,
10000.0,365.25490620950404,1.937550387039403,1000000.0,39051.77813305986,128374682033746.25,37422.0,1629.7781330598589,287018.0,3287294155.885536,C,9,11,17,0.023114305956212295,1.4751488707525366,False,1.0,True,0,0.001,0.8639396200480114,0.1452134541640796,cult_d1=5_att23
100.0,,nan,100000000.0,,,,,320282.0,,B0,,11,19,nan,,,0.1,False,,0.001,nan,nan,
100.0,,nan,100000000.0,,,,,320282.0,,A,,11,19,nan,,,0.1,False,,0.001,nan,nan,
100.0,,nan,100000000.0,,,,,320282.0,,B,,11,19,nan,,,0.1,False,,0.001,nan,nan,
100.0,,nan,100000000.0,,,,,320282.0,,C,,11,19,nan,,,0.1,False,,0.001,nan,nan,
10000.0,,nan,100000000.0,,,,,320282.0,,B0,,11,19,nan,,,0.1,False,,0.001,nan,nan,
10000.0,,nan,100000000.0,,,,,320282.0,,A,,11,19,nan,,,0.1,False,,0.001,nan,nan,
10000.0,,nan,100000000.0,,,,,320282.0,,B,,11,19,nan,,,0.1,False,,0.001,nan,nan,
10000.0,,nan,100000000.0,,,,,320282.0,,C,,11,19,nan,,,0.1,False,,0.001,nan,nan,
100.0,,nan,100000000.0,,,,,320282.0,,B0,,11,19,nan,,,0.3,False,,0.001,nan,nan,
100.0,,nan,100000000.0,,,,,320282.0,,A,,11,19,nan,,,0.3,False,,0.001,nan,nan,
100.0,,nan,100000000.0,,,,,320282.0,,B,,11,19,nan,,,0.3,False,,0.001,nan,nan,
100.0,,nan,100000000.0,,,,,320282.0,,C,,11,19,nan,,,0.3,False,,0.001,nan,nan,
10000.0,,nan,100000000.0,,,,,320282.0,,B0,,11,19,nan,,,0.3,False,,0.001,nan,nan,
10000.0,,nan,100000000.0,,,,,320282.0,,A,,11,19,nan,,,0.3,False,,0.001,nan,nan,
10000.0,,nan,100000000.0,,,,,320282.0,,B,,11,19,nan,,,0.3,False,,0.001,nan,nan,
10000.0,,nan,100000000.0,,,,,320282.0,,C,,11,19,nan,,,0.3,False,,0.001,nan,nan,
100.0,,nan,100000000.0,,,,,320282.0,,B0,,11,19,nan,,,1.0,False,,0.001,nan,nan,
100.0,,nan,100000000.0,,,,,320282.0,,A,,11,19,nan,,,1.0,False,,0.001,nan,nan,
100.0,,nan,100000000.0,,,,,320282.0,,B,,11,19,nan,,,1.0,False,,0.001,nan,nan,
100.0,,nan,100000000.0,,,,,320282.0,,C,,11,19,nan,,,1.0,False,,0.001,nan,nan,
10000.0,,nan,100000000.0,,,,,320282.0,,B0,,11,19,nan,,,1.0,False,,0.001,nan,nan,
10000.0,,nan,100000000.0,,,,,320282.0,,A,,11,19,nan,,,1.0,False,,0.001,nan,nan,
10000.0,,nan,100000000.0,,,,,320282.0,,B,,11,19,nan,,,1.0,False,,0.001,nan,nan,
10000.0,,nan,100000000.0,,,,,320282.0,,C,,11,19,nan,,,1.0,False,,0.001,nan,nan,
100.0,,nan,10000000000.0,,,,,439898.0,,B0,,11,23,nan,,,0.1,False,,0.001,nan,nan,
100.0,,nan,10000000000.0,,,,,439898.0,,A,,11,23,nan,,,0.1,False,,0.001,nan,nan,
100.0,,nan,10000000000.0,,,,,439898.0,,B,,11,23,nan,,,0.1,False,,0.001,nan,nan,
100.0,,nan,10000000000.0,,,,,439898.0,,C,,11,23,nan,,,0.1,False,,0.001,nan,nan,
10000.0,,nan,10000000000.0,,,,,439898.0,,B0,,11,23,nan,,,0.1,False,,0.001,nan,nan,
10000.0,,nan,10000000000.0,,,,,439898.0,,A,,11,23,nan,,,0.1,False,,0.001,nan,nan,
10000.0,,nan,10000000000.0,,,,,439898.0,,B,,11,23,nan,,,0.1,False,,0.001,nan,nan,
10000.0,,nan,10000000000.0,,,,,439898.0,,C,,11,23,nan,,,0.1,False,,0.001,nan,nan,
100.0,,nan,10000000000.0,,,,,439898.0,,B0,,11,23,nan,,,0.3,False,,0.001,nan,nan,
100.0,,nan,10000000000.0,,,,,439898.0,,A,,11,23,nan,,,0.3,False,,0.001,nan,nan,
100.0,,nan,10000000000.0,,,,,439898.0,,B,,11,23,nan,,,0.3,False,,0.001,nan,nan,
100.0,,nan,10000000000.0,,,,,439898.0,,C,,11,23,nan,,,0.3,False,,0.001,nan,nan,
10000.0,,nan,10000000000.0,,,,,439898.0,,B0,,11,23,nan,,,0.3,False,,0.001,nan,nan,
10000.0,,nan,10000000000.0,,,,,439898.0,,A,,11,23,nan,,,0.3,False,,0.001,nan,nan,
10000.0,,nan,10000000000.0,,,,,439898.0,,B,,11,23,nan,,,0.3,False,,0.001,nan,nan,
10000.0,,nan,10000000000.0,,,,,439898.0,,C,,11,23,nan,,,0.3,False,,0.001,nan,nan,
100.0,,nan,10000000000.0,,,,,439898.0,,B0,,11,23,nan,,,1.0,False,,0.001,nan,nan,
100.0,,nan,10000000000.0,,,,,439898.0,,A,,11,23,nan,,,1.0,False,,0.001,nan,nan,
100.0,,nan,10000000000.0,,,,,439898.0,,B,,11,23,nan,,,1.0,False,,0.001,nan,nan,
100.0,,nan,10000000000.0,,,,,439898.0,,C,,11,23,nan,,,1.0,False,,0.001,nan,nan,
10000.0,,nan,10000000000.0,,,,,439898.0,,B0,,11,23,nan,,,1.0,False,,0.001,nan,nan,
10000.0,,nan,10000000000.0,,,,,439898.0,,A,,11,23,nan,,,1.0,False,,0.001,nan,nan,
10000.0,,nan,10000000000.0,,,,,439898.0,,B,,11,23,nan,,,1.0,False,,0.001,nan,nan,
10000.0,,nan,10000000000.0,,,,,439898.0,,C,,11,23,nan,,,1.0,False,,0.001,nan,nan,
100.0,1.0,1.0068768350875883,10000.0,84276.0,1095588000.0,78078.0,6198,71494.0,13000.0,B0,13,13,11,0.03451670766508145,0.0005845182888884231,False,0.1,True,3,0.001,-0.17878423364198404,0.1668517577963038,"15to1_11,5,5_minerr"
100.0,64.0812961332837,1.0068768350875883,10000.0,14790.0,4738811849.05633,11550.0,3240,71494.0,320406.4806664185,A,5,13,11,0.03451670766508145,1.040038132338651,False,0.1,True,4,0.001,0.7931294933840602,0.1668517577963038,"15to1_7,3,3_minerr"
100.0,1.0,1.0068768350875883,10000.0,57587.180282487374,633458983.1073611,55902.0,1685.1802824873766,71494.0,11000.0,B,11,13,11,0.03451670766508145,0.0009148856410872238,False,0.1,True,0,0.001,0.1945172982000255,0.1668517577963038,cult_d1=5_att29
100.0,64.5219726389912,1.0068768350875883,10000.0,12322.262502192667,3975283420.084712,11550.0,772.262502192667,71494.0,322609.863194956,C,5,13,11,0.03451670766508145,1.0417514567148876,False,0.1,True,0,0.001,0.8276462010491417,0.1668517577963038,cult_d1=3_att2
10000.0,1.0,0.2909208606805295,10000.0,84276.0,1095588000.0,78078.0,6198,71494.0,13000.0,B0,13,13,11,0.01950682151455368,0.0005845182888884231,False,0.1,True,3,0.001,-0.17878423364198404,0.10225991328358275,"15to1_11,5,5_minerr"
10000.0,2255.8393098990136,0.2909208606805295,10000.0,13638.0,153825682542.01373,11550.0,2088,71494.0,11279196.549495067,A,5,13,11,0.01950682151455368,1.9303193455498702,False,0.1,True,4,0.001,0.8092427336559711,0.10225991328358275,"15to1_5,3,3_minerr"
10000.0,1.0,0.2909208606805295,10000.0,57587.180282487374,633458983.1073611,55902.0,1685.1802824873766,71494.0,11000.0,B,11,13,11,0.01950682151455368,0.0009148856410872238,False,0.1,True,0,0.001,0.1945172982000255,0.10225991328358275,cult_d1=5_att29
10000.0,656.2707135927928,0.2909208606805295,10000.0,12243.3793026385,40174856358.648994,11550.0,693.3793026384985,71494.0,3281353.5679639643,C,5,13,11,0.01950682151455368,1.6216433442444211,False,0.1,True,0,0.001,0.8287495551705248,0.10225991328358275,cult_d1=3_att2
100.0,,1.0911315838590827,10000.0,,,,,71494.0,,B0,,13,11,0.06814256893203578,,,0.3,False,,0.001,nan,0.28193199208489383,
100.0,65.00585527918854,1.0911315838590827,10000.0,17280.0,16849517688.36567,11550.0,5730,71494.0,975087.8291878281,A,5,13,11,0.06814256893203578,1.0436193367642133,False,0.3,True,5,0.001,0.758301395921336,0.28193199208489383,"15to1_9,3,3_minq"
100.0,1.0,1.0911315838590827,10000.0,58004.20933292806,1914138907.9866261,55902.0,2102.2093329280597,71494.0,33000.0,B,11,13,11,0.06814256893203578,0.000981732058355132,False,0.3,True,0,0.001,0.18868423458013173,0.28193199208489383,cult_d1=5_att36
100.0,70.9299418308953,1.0911315838590827,10000.0,12408.215176773034,13201709710.706152,11550.0,858.2151767730338,71494.0,1063949.1274634295,C,5,13,11,0.06814256893203578,1.0654231637804883,False,0.3,True,0,0.001,0.8264439648533719,0.28193199208489383,cult_d1=3_att2
10000.0,,1.0207727030566827,10000.0,,,,,71494.0,,B0,,13,11,0.03451670766508145,,,0.3,False,,0.001,nan,0.1668517577963038,
10000.0,105.68735289583937,1.0207727030566827,10000.0,14790.0,23446739239.941963,11550.0,3240,71494.0,1585310.2934375906,A,5,13,11,0.03451670766508145,1.1651213086948287,False,0.3,True,4,0.001,0.7931294933840602,0.1668517577963038,"15to1_7,3,3_minerr"
10000.0,1.0,1.0207727030566827,10000.0,58004.20933292806,1914138907.9866261,55902.0,2102.2093329280597,71494.0,33000.0,B,11,13,11,0.03451670766508145,0.000981732058355132,False,0.3,True,0,0.001,0.18868423458013173,0.1668517577963038,cult_d1=5_att36
10000.0,107.88276489439147,1.0207727030566827,10000.0,12322.262502192667,19940396227.365414,11550.0,772.262502192667,71494.0,1618241.473415872,C,5,13,11,0.03451670766508145,1.1702612818235387,False,0.3,True,0,0.001,0.8276462010491417,0.1668517577963038,cult_d1=3_att2
100.0,,0.9959904658886565,10000.0,,,,,71494.0,,B0,,13,11,0.1414426853048052,,,1.0,False,,0.001,nan,0.4464198897749312,
100.0,65.77398317442457,0.9959904658886565,10000.0,22652.0,74495613343.35327,11550.0,11102,71494.0,3288699.1587212286,A,5,13,11,0.1414426853048052,1.0465560919142758,False,1.0,True,7,0.001,0.6831622234033625,0.4464198897749312,"15to1_9,5,5_minerr"
100.0,1.0,0.9959904658886565,10000.0,58855.38769290279,6474092646.219307,55902.0,2953.387692902794,71494.0,110000.0,B,11,13,11,0.1414426853048052,0.0008397314661858881,False,1.0,True,0,0.001,0.17677864306231583,0.4464198897749312,cult_d1=5_att50
100.0,65.51026014524778,0.9959904658886565,10000.0,12539.696656818258,41073939506.5329,11550.0,989.696656818257,71494.0,3275513.007262389,C,5,13,11,0.1414426853048052,1.0455516934532003,False,1.0,True,0,0.001,0.8246049087081677,0.4464198897749312,cult_d1=3_att3
10000.0,,1.070935938534293,10000.0,,,,,71494.0,,B0,,13,11,0.03451670766508145,,,1.0,False,,0.001,nan,0.1668517577963038,
10000.0,608.8973532095636,1.070935938534293,10000.0,14790.0,450279592698.4722,11550.0,3240,71494.0,30444867.66047818,A,5,13,11,0.03451670766508145,1.6029124259414507,False,1.0,True,4,0.001,0.7931294933840602,0.1668517577963038,"15to1_7,3,3_minerr"
10000.0,1.0,1.070935938534293,10000.0,58855.38769290279,6474092646.219307,55902.0,2953.387692902794,71494.0,110000.0,B,11,13,11,0.03451670766508145,0.0008397314661858881,False,1.0,True,0,0.001,0.17677864306231583,0.1668517577963038,cult_d1=5_att50
10000.0,652.0900584305308,1.070935938534293,10000.0,12322.262502192667,401761243752.55774,11550.0,772.262502192667,71494.0,32604502.92152654,C,5,13,11,0.03451670766508145,1.6200456697038177,False,1.0,True,0,0.001,0.8276462010491417,0.1668517577963038,cult_d1=3_att2
100.0,,0.5436679320438444,100000.0,,,,,93670.0,,B0,,13,13,0.029156334115067642,,,0.1,False,,0.001,nan,0.10473515173179881,
100.0,80.9921272464494,0.5436679320438444,100000.0,26076.0,147836549705.489,22638.0,3438,93670.0,5669448.907251458,A,7,13,13,0.029156334115067642,1.0985879888651173,False,0.1,True,3,0.001,0.7216184477420733,0.10473515173179881,"15to1_9,3,3_minq"
100.0,1.0,0.5436679320438444,100000.0,80293.93523544812,10438211580.608255,78078.0,2215.9352354481307,93670.0,130000.0,B,13,13,13,0.029156334115067642,0.0009591969944219389,False,0.1,True,0,0.001,0.14279988005286515,0.10473515173179881,cult_d1=5_att45
100.0,44.03282233190905,0.5436679320438444,100000.0,23344.926183441614,71956009089.09114,22638.0,706.9261834416121,93670.0,3082297.5632336335,C,7,13,13,0.029156334115067642,0.9462338294789182,False,0.1,True,0,0.001,0.7507747818571409,0.10473515173179881,cult_d1=3_att3
10000.0,,1.0709359385342931,100000.0,,,,,93670.0,,B0,,13,13,0.020053207291611377,,,0.1,False,,0.001,nan,0.0749315432824812,
10000.0,409.27129449342203,1.0709359385342931,100000.0,25068.0,718172896725.2772,22638.0,2430,93670.0,28648990.61453954,A,7,13,13,0.020053207291611377,1.5035945619671687,False,0.1,True,3,0.001,0.7323796306181274,0.0749315432824812,"15to1_7,3,3_minerr"
10000.0,1.0,1.0709359385342931,100000.0,80293.93523544812,10438211580.608255,78078.0,2215.9352354481307,93670.0,130000.0,B,13,13,13,0.020053207291611377,0.0009591969944219389,False,0.1,True,0,0.001,0.14279988005286515,0.0749315432824812,cult_d1=5_att45
10000.0,438.30333788345797,1.0709359385342931,100000.0,23189.616072994762,711486029032.0643,22638.0,551.6160729947621,93670.0,30681233.651842058,C,7,13,13,0.020053207291611377,1.5207278057295357,False,0.1,True,0,0.001,0.7524328379097388,0.0749315432824812,cult_d1=3_att2
100.0,,0.9880195622986094,100000.0,,,,,115644.0,,B0,,13,15,0.06245956397701901,,,0.3,False,,0.001,nan,0.2362952701046318,
100.0,76.81725533741385,0.9880195622986094,100000.0,30568.0,493111470842.354,22638.0,7930,115644.0,16131623.62085691,A,7,13,15,0.06245956397701901,1.0853573234474212,False,0.3,True,5,0.001,0.7356715437030887,0.2362952701046318,"15to1_9,5,5_minerr"
100.0,1.0,0.9880195622986094,100000.0,80987.17787260559,31584999370.31618,78078.0,2909.177872605597,115644.0,390000.0,B,13,13,15,0.06245956397701901,0.0009357747529796352,False,0.3,True,0,0.001,0.29968543225238153,0.2362952701046318,cult_d1=5_att59
100.0,75.89695099545216,0.9880195622986094,100000.0,23344.926183441614,372079830892.79443,22638.0,706.9261834416121,115644.0,15938359.709044954,C,7,13,15,0.06245956397701901,1.0823441280641946,False,0.3,True,0,0.001,0.7981311076801079,0.2362952701046318,cult_d1=3_att3
10000.0,,2.392055601639999,100000.0,,,,,115644.0,,B0,,13,15,0.02442832450838636,,,0.3,False,,0.001,nan,0.10833675254823716,
10000.0,472.3056902995282,2.392055601639999,100000.0,26076.0,2586327067852.6045,22638.0,3438,115644.0,99184194.96290092,A,7,13,15,0.02442832450838636,1.5394066062227918,False,0.3,True,3,0.001,0.7745148905260973,0.10833675254823716,"15to1_9,3,3_minq"
10000.0,1.0,2.392055601639999,100000.0,80987.17787260559,31584999370.31618,78078.0,2909.177872605597,115644.0,390000.0,B,13,13,15,0.02442832450838636,0.0009357747529796352,False,0.3,True,0,0.001,0.29968543225238153,0.10833675254823716,cult_d1=5_att59
10000.0,1129.781472167433,2.392055601639999,100000.0,23251.010840552168,5516397863932.195,22638.0,613.010840552167,115644.0,237254109.15516096,C,7,13,15,0.02442832450838636,1.7574448763855428,False,0.3,True,0,0.001,0.7989432150344837,0.10833675254823716,cult_d1=3_att2
100.0,,2.346194018316798,100000.0,,,,,287018.0,,B0,,13,17,0.031973800458690506,,,1.0,False,,0.001,nan,0.2783625412537136,
100.0,41.3077876212357,2.346194018316798,100000.0,32968.0,953284599607.829,22638.0,10330,287018.0,28915451.33486499,A,7,13,17,0.031973800458690506,0.9302627611122205,False,1.0,True,5,0.001,0.8851361238667959,0.2783625412537136,"15to1_11,5,5_minerr"
100.0,1.0,2.346194018316798,100000.0,82022.22122726346,106628887595.4425,78078.0,3944.2212272634642,287018.0,1300000.0,B,13,13,17,0.031973800458690506,0.0009070280036150736,False,1.0,True,0,0.001,0.7142262115014966,0.2783625412537136,cult_d1=5_att79
100.0,96.91608422684386,2.346194018316798,100000.0,23790.94373994757,1614007575135.8037,22638.0,1152.9437399475667,287018.0,67841258.9587907,C,7,13,17,0.031973800458690506,1.143461373253845,False,1.0,True,0,0.001,0.9171099243254863,0.2783625412537136,cult_d1=3_att4
10000.0,,0.9606204142237529,100000.0,,,,,287018.0,,B0,,13,17,0.025165926236537035,,,1.0,False,,0.001,nan,0.2362952701046318,
10000.0,531.1777074547251,0.9606204142237529,100000.0,30568.0,11365928113033.227,22638.0,7930,287018.0,371824395.2183076,A,7,13,17,0.025165926236537035,1.568774157723417,False,1.0,True,5,0.001,0.8934979687685093,0.2362952701046318,"15to1_9,5,5_minerr"
10000.0,1.0,0.9606204142237529,100000.0,82022.22122726346,106628887595.4425,78078.0,3944.2212272634642,287018.0,1300000.0,B,13,13,17,0.025165926236537035,0.0009070280036150736,False,1.0,True,0,0.001,0.7142262115014966,0.2362952701046318,cult_d1=5_att79
10000.0,510.26014936158145,0.9606204142237529,100000.0,23344.926183441614,8338389864838.608,22638.0,706.9261834416121,287018.0,357182104.553107,C,7,13,17,0.025165926236537035,1.5587301731126613,False,1.0,True,0,0.001,0.9186638950050463,0.2362952701046318,cult_d1=3_att3
100.0,,3.110082067584483,1000000.0,,,,,287018.0,,B0,,13,17,0.02635990095691658,,,0.1,False,,0.001,nan,0.16560359963341686,
100.0,28.908743180303883,3.110082067584483,1000000.0,45686.0,1188652356841.827,37422.0,8264,287018.0,26017868.862273496,A,9,13,17,0.02635990095691658,0.8410360203887992,False,0.1,True,4,0.001,0.8408253140917992,0.16560359963341686,"15to1_11,5,5_minerr"
100.0,,3.110082067584483,1000000.0,,,,,287018.0,,B,,13,17,0.02635990095691658,,,0.1,False,,0.001,nan,0.16560359963341686,
100.0,89.90856376146833,3.110082067584483,1000000.0,38120.23394714772,3084601935995.2983,37422.0,698.2339471477171,287018.0,80917707.3853215,C,9,13,17,0.02635990095691658,1.1246982989222514,False,0.1,True,0,0.001,0.8671852150487157,0.16560359963341686,cult_d1=3_att3
10000.0,,0.9606204142237529,1000000.0,,,,,287018.0,,B0,,13,17,0.020187474388330552,,,0.1,False,,0.001,nan,0.1323897208789896,
10000.0,371.7381349181024,0.9606204142237529,1000000.0,43766.0,14642542091543.102,37422.0,6344,287018.0,334564321.4262921,A,9,13,17,0.020187474388330552,1.4795474169999958,False,0.1,True,4,0.001,0.8475147900131699,0.1323897208789896,"15to1_9,5,5_minerr"
10000.0,,0.9606204142237529,1000000.0,,,,,287018.0,,B,,13,17,0.020187474388330552,,,0.1,False,,0.001,nan,0.1323897208789896,
10000.0,357.09924114779284,0.9606204142237529,1000000.0,37971.83147601014,12203740984567.588,37422.0,549.8314760101428,287018.0,321389317.0330136,C,9,13,17,0.020187474388330552,1.46950343238924,False,0.1,True,0,0.001,0.8677022644015004,0.1323897208789896,cult_d1=3_att3
100.0,,1.2194834243790071,1000000.0,,,,,287018.0,,B0,,13,17,0.023114305956212295,,,0.3,False,,0.001,nan,0.1452134541640796,
100.0,43.85184218353248,1.2194834243790071,1000000.0,45686.0,5409221207391.535,37422.0,8264,287018.0,118399973.8955377,A,9,13,17,0.023114305956212295,0.94520418224068,False,0.3,True,4,0.001,0.8408253140917992,0.1452134541640796,"15to1_11,5,5_minerr"
100.0,,1.2194834243790071,1000000.0,,,,,287018.0,,B,,13,17,0.023114305956212295,,,0.3,False,,0.001,nan,0.1452134541640796,
100.0,53.47659467130199,1.2194834243790071,1000000.0,39051.77813305986,5638561498121.191,37422.0,1629.7781330598589,287018.0,144386805.61251536,C,9,13,17,0.023114305956212295,0.9948110188497621,False,0.3,True,0,0.001,0.8639396200480114,0.1452134541640796,cult_d1=5_att23
10000.0,,77.58488435349064,1000000.0,,,,,287018.0,,B0,,13,17,0.026635567634891978,,,0.3,False,,0.001,nan,0.16733544962201607,
10000.0,43.85184218353248,77.58488435349064,1000000.0,45686.0,5409221207391.535,37422.0,8264,287018.0,118399973.8955377,A,9,13,17,0.026635567634891978,0.94520418224068,False,0.3,True,4,0.001,0.8408253140917992,0.16733544962201607,"15to1_11,5,5_minerr"
10000.0,,77.58488435349064,1000000.0,,,,,287018.0,,B,,13,17,0.026635567634891978,,,0.3,False,,0.001,nan,0.16733544962201607,
10000.0,3402.24010449689,77.58488435349064,1000000.0,38041.112648568575,349447497496138.56,37422.0,619.1126485685759,287018.0,9186048282.141603,C,9,13,17,0.026635567634891978,2.033047336979715,False,0.3,True,0,0.001,0.8674608817266911,0.16733544962201607,cult_d1=3_att3
100.0,,7.245798728726693,1000000.0,,,,,287018.0,,B0,,13,17,0.07954698465850461,,,1.0,False,,0.001,nan,0.36765565930297384,
100.0,10.664064648592353,7.245798728726693,1000000.0,62100.0,7284622561453.437,55902.0,6198,287018.0,117304711.13451588,A,11,13,17,0.07954698465850461,0.5917199112947863,False,1.0,True,3,0.001,0.7836372631681636,0.36765565930297384,"15to1_11,5,5_minerr"
100.0,,7.245798728726693,1000000.0,,,,,287018.0,,B,,13,17,0.07954698465850461,,,1.0,False,,0.001,nan,0.36765565930297384,
100.0,77.26966607382974,7.245798728726693,1000000.0,39268.583557285325,27308433047973.465,37422.0,1846.5835572853239,287018.0,695426994.6644677,C,9,13,17,0.07954698465850461,1.086825365096533,False,1.0,True,0,0.001,0.8631842478266682,0.36765565930297384,cult_d1=5_att26
10000.0,,1.937550387039403,1000000.0,,,,,287018.0,,B0,,13,17,0.023114305956212295,,,1.0,False,,0.001,nan,0.1452134541640796,
10000.0,188.51375874029128,1.937550387039403,1000000.0,45686.0,77511956236280.53,37422.0,8264,287018.0,1696623828.6626215,A,9,13,17,0.023114305956212295,1.309792748722263,False,1.0,True,4,0.001,0.8408253140917992,0.1452134541640796,"15to1_11,5,5_minerr"
10000.0,,1.937550387039403,1000000.0,,,,,287018.0,,B,,13,17,0.023114305956212295,,,1.0,False,,0.001,nan,0.1452134541640796,
10000.0,365.25490620950404,1.937550387039403,1000000.0,39051.77813305986,128374682033746.25,37422.0,1629.7781330598589,287018.0,3287294155.885536,C,9,13,17,0.023114305956212295,1.4751488707525366,False,1.0,True,0,0.001,0.8639396200480114,0.1452134541640796,cult_d1=5_att23
100.0,,nan,100000000.0,,,,,320282.0,,B0,,13,19,nan,,,0.1,False,,0.001,nan,nan,
100.0,,nan,100000000.0,,,,,320282.0,,A,,13,19,nan,,,0.1,False,,0.001,nan,nan,
100.0,,nan,100000000.0,,,,,320282.0,,B,,13,19,nan,,,0.1,False,,0.001,nan,nan,
100.0,46.37627332473287,nan,100000000.0,80293.93523544812,484085353283680.4,78078.0,2215.9352354481307,320282.0,6028915532.215273,C,13,13,19,nan,0.959196994421939,False,0.1,True,0,0.001,0.749302379667143,nan,cult_d1=5_att45
10000.0,,nan,100000000.0,,,,,320282.0,,B0,,13,19,nan,,,0.1,False,,0.001,nan,nan,
10000.0,,nan,100000000.0,,,,,320282.0,,A,,13,19,nan,,,0.1,False,,0.001,nan,nan,
10000.0,,nan,100000000.0,,,,,320282.0,,B,,13,19,nan,,,0.1,False,,0.001,nan,nan,
10000.0,3721.080872769713,nan,100000000.0,79670.67696125864,3.853993418095004e+16,78078.0,1592.6769612586356,320282.0,483740513460.0627,C,13,13,19,nan,2.055442365564946,False,0.1,True,0,0.001,0.7512483468903697,nan,cult_d1=5_att32
100.0,,nan,100000000.0,,,,,320282.0,,B0,,13,19,nan,,,0.3,False,,0.001,nan,nan,
100.0,,nan,100000000.0,,,,,320282.0,,A,,13,19,nan,,,0.3,False,,0.001,nan,nan,
100.0,,nan,100000000.0,,,,,320282.0,,B,,13,19,nan,,,0.3,False,,0.001,nan,nan,
100.0,61.45987575524557,nan,100000000.0,80577.02035553314,1931378927313794.5,78078.0,2499.020355533133,320282.0,23969351544.545773,C,13,13,19,nan,1.0295961337863884,False,0.3,True,0,0.001,0.74841851757035,nan,cult_d1=5_att50
10000.0,,nan,100000000.0,,,,,320282.0,,B0,,13,19,nan,,,0.3,False,,0.001,nan,nan,
10000.0,,nan,100000000.0,,,,,320282.0,,A,,13,19,nan,,,0.3,False,,0.001,nan,nan,
10000.0,,nan,100000000.0,,,,,320282.0,,B,,13,19,nan,,,0.3,False,,0.001,nan,nan,
10000.0,611.6532657602633,nan,100000000.0,80293.93523544812,1.9153698605926916e+16,78078.0,2215.9352354481307,320282.0,238544773646.50266,C,13,13,19,nan,1.604041390685438,False,0.3,True,0,0.001,0.749302379667143,nan,cult_d1=5_att45
100.0,,nan,100000000.0,,,,,320282.0,,B0,,13,19,nan,,,1.0,False,,0.001,nan,nan,
100.0,,nan,100000000.0,,,,,320282.0,,A,,13,19,nan,,,1.0,False,,0.001,nan,nan,
100.0,,nan,100000000.0,,,,,320282.0,,B,,13,19,nan,,,1.0,False,,0.001,nan,nan,
100.0,37.641682535935054,nan,100000000.0,82022.22122726346,4013690736027550.0,78078.0,3944.2212272634642,320282.0,48934187296.71557,C,13,13,19,nan,0.9070280036150736,False,1.0,True,0,0.001,0.7439062412896651,nan,cult_d1=5_att79
10000.0,,nan,100000000.0,,,,,320282.0,,B0,,13,19,nan,,,1.0,False,,0.001,nan,nan,
10000.0,,nan,100000000.0,,,,,320282.0,,A,,13,19,nan,,,1.0,False,,0.001,nan,nan,
10000.0,,nan,100000000.0,,,,,320282.0,,B,,13,19,nan,,,1.0,False,,0.001,nan,nan,
10000.0,2403.5858812557394,nan,100000000.0,80577.02035553314,2.517759250242805e+17,78078.0,2499.020355533133,320282.0,3124661645632.4614,C,13,13,19,nan,1.9461792546108527,False,1.0,True,0,0.001,0.74841851757035,nan,cult_d1=5_att50
100.0,,nan,10000000000.0,,,,,439898.0,,B0,,13,23,nan,,,0.1,False,,0.001,nan,nan,
100.0,,nan,10000000000.0,,,,,439898.0,,A,,13,23,nan,,,0.1,False,,0.001,nan,nan,
100.0,,nan,10000000000.0,,,,,439898.0,,B,,13,23,nan,,,0.1,False,,0.001,nan,nan,
100.0,,nan,10000000000.0,,,,,439898.0,,C,,13,23,nan,,,0.1,False,,0.001,nan,nan,
10000.0,,nan,10000000000.0,,,,,439898.0,,B0,,13,23,nan,,,0.1,False,,0.001,nan,nan,
10000.0,,nan,10000000000.0,,,,,439898.0,,A,,13,23,nan,,,0.1,False,,0.001,nan,nan,
10000.0,,nan,10000000000.0,,,,,439898.0,,B,,13,23,nan,,,0.1,False,,0.001,nan,nan,
10000.0,,nan,10000000000.0,,,,,439898.0,,C,,13,23,nan,,,0.1,False,,0.001,nan,nan,
100.0,,nan,10000000000.0,,,,,439898.0,,B0,,13,23,nan,,,0.3,False,,0.001,nan,nan,
100.0,,nan,10000000000.0,,,,,439898.0,,A,,13,23,nan,,,0.3,False,,0.001,nan,nan,
100.0,,nan,10000000000.0,,,,,439898.0,,B,,13,23,nan,,,0.3,False,,0.001,nan,nan,
100.0,,nan,10000000000.0,,,,,439898.0,,C,,13,23,nan,,,0.3,False,,0.001,nan,nan,
10000.0,,nan,10000000000.0,,,,,439898.0,,B0,,13,23,nan,,,0.3,False,,0.001,nan,nan,
10000.0,,nan,10000000000.0,,,,,439898.0,,A,,13,23,nan,,,0.3,False,,0.001,nan,nan,
10000.0,,nan,10000000000.0,,,,,439898.0,,B,,13,23,nan,,,0.3,False,,0.001,nan,nan,
10000.0,,nan,10000000000.0,,,,,439898.0,,C,,13,23,nan,,,0.3,False,,0.001,nan,nan,
100.0,,nan,10000000000.0,,,,,439898.0,,B0,,13,23,nan,,,1.0,False,,0.001,nan,nan,
100.0,,nan,10000000000.0,,,,,439898.0,,A,,13,23,nan,,,1.0,False,,0.001,nan,nan,
100.0,,nan,10000000000.0,,,,,439898.0,,B,,13,23,nan,,,1.0,False,,0.001,nan,nan,
100.0,,nan,10000000000.0,,,,,439898.0,,C,,13,23,nan,,,1.0,False,,0.001,nan,nan,
10000.0,,nan,10000000000.0,,,,,439898.0,,B0,,13,23,nan,,,1.0,False,,0.001,nan,nan,
10000.0,,nan,10000000000.0,,,,,439898.0,,A,,13,23,nan,,,1.0,False,,0.001,nan,nan,
10000.0,,nan,10000000000.0,,,,,439898.0,,B,,13,23,nan,,,1.0,False,,0.001,nan,nan,
10000.0,,nan,10000000000.0,,,,,439898.0,,C,,13,23,nan,,,1.0,False,,0.001,nan,nan,
100.0,1.0,1.0068768350875883,10000.0,71494.0,786434000.0,55902.0,15592,71494.0,11000.0,B0,11,15,11,0.03451670766508145,0.000725167356196771,False,0.1,True,4,0.001,0.0,0.1668517577963038,"15to1_15,7,7_minerr"
100.0,64.0812961332837,1.0068768350875883,10000.0,14790.0,4738811849.05633,11550.0,3240,71494.0,320406.4806664185,A,5,15,11,0.03451670766508145,1.040038132338651,False,0.1,True,4,0.001,0.7931294933840602,0.1668517577963038,"15to1_7,3,3_minerr"
100.0,1.0,1.0068768350875883,10000.0,57587.180282487374,633458983.1073611,55902.0,1685.1802824873766,71494.0,11000.0,B,11,15,11,0.03451670766508145,0.0009148856410872238,False,0.1,True,0,0.001,0.1945172982000255,0.1668517577963038,cult_d1=5_att29
100.0,64.5219726389912,1.0068768350875883,10000.0,12322.262502192667,3975283420.084712,11550.0,772.262502192667,71494.0,322609.863194956,C,5,15,11,0.03451670766508145,1.0417514567148876,False,0.1,True,0,0.001,0.8276462010491417,0.1668517577963038,cult_d1=3_att2
10000.0,1.0,0.2909208606805295,10000.0,71494.0,786434000.0,55902.0,15592,71494.0,11000.0,B0,11,15,11,0.01950682151455368,0.000725167356196771,False,0.1,True,4,0.001,0.0,0.10225991328358275,"15to1_15,7,7_minerr"
10000.0,2255.8393098990136,0.2909208606805295,10000.0,13638.0,153825682542.01373,11550.0,2088,71494.0,11279196.549495067,A,5,15,11,0.01950682151455368,1.9303193455498702,False,0.1,True,4,0.001,0.8092427336559711,0.10225991328358275,"15to1_5,3,3_minerr"
10000.0,1.0,0.2909208606805295,10000.0,57587.180282487374,633458983.1073611,55902.0,1685.1802824873766,71494.0,11000.0,B,11,15,11,0.01950682151455368,0.0009148856410872238,False,0.1,True,0,0.001,0.1945172982000255,0.10225991328358275,cult_d1=5_att29
10000.0,656.2707135927928,0.2909208606805295,10000.0,12243.3793026385,40174856358.648994,11550.0,693.3793026384985,71494.0,3281353.5679639643,C,5,15,11,0.01950682151455368,1.6216433442444211,False,0.1,True,0,0.001,0.8287495551705248,0.10225991328358275,cult_d1=3_att2
100.0,1.0,1.0911315838590827,10000.0,71494.0,2359302000.0,55902.0,15592,71494.0,33000.0,B0,11,15,11,0.06814256893203578,0.0007579200278826693,False,0.3,True,4,0.001,0.0,0.28193199208489383,"15to1_15,7,7_minerr"
100.0,65.00585527918854,1.0911315838590827,10000.0,17280.0,16849517688.36567,11550.0,5730,71494.0,975087.8291878281,A,5,15,11,0.06814256893203578,1.0436193367642133,False,0.3,True,5,0.001,0.758301395921336,0.28193199208489383,"15to1_9,3,3_minq"
100.0,1.0,1.0911315838590827,10000.0,58004.20933292806,1914138907.9866261,55902.0,2102.2093329280597,71494.0,33000.0,B,11,15,11,0.06814256893203578,0.000981732058355132,False,0.3,True,0,0.001,0.18868423458013173,0.28193199208489383,cult_d1=5_att36
100.0,70.9299418308953,1.0911315838590827,10000.0,12408.215176773034,13201709710.706152,11550.0,858.2151767730338,71494.0,1063949.1274634295,C,5,15,11,0.06814256893203578,1.0654231637804883,False,0.3,True,0,0.001,0.8264439648533719,0.28193199208489383,cult_d1=3_att2
10000.0,1.0,1.0207727030566827,10000.0,71494.0,2359302000.0,55902.0,15592,71494.0,33000.0,B0,11,15,11,0.03451670766508145,0.0007579200278826693,False,0.3,True,4,0.001,0.0,0.1668517577963038,"15to1_15,7,7_minerr"
10000.0,105.68735289583937,1.0207727030566827,10000.0,14790.0,23446739239.941963,11550.0,3240,71494.0,1585310.2934375906,A,5,15,11,0.03451670766508145,1.1651213086948287,False,0.3,True,4,0.001,0.7931294933840602,0.1668517577963038,"15to1_7,3,3_minerr"
10000.0,1.0,1.0207727030566827,10000.0,58004.20933292806,1914138907.9866261,55902.0,2102.2093329280597,71494.0,33000.0,B,11,15,11,0.03451670766508145,0.000981732058355132,False,0.3,True,0,0.001,0.18868423458013173,0.1668517577963038,cult_d1=5_att36
10000.0,107.88276489439147,1.0207727030566827,10000.0,12322.262502192667,19940396227.365414,11550.0,772.262502192667,71494.0,1618241.473415872,C,5,15,11,0.03451670766508145,1.1702612818235387,False,0.3,True,0,0.001,0.8276462010491417,0.1668517577963038,cult_d1=3_att2
100.0,1.0,0.9959904658886565,10000.0,71494.0,7864340000.0,55902.0,15592,71494.0,110000.0,B0,11,15,11,0.1414426853048052,0.0008725543787833135,False,1.0,True,4,0.001,0.0,0.4464198897749312,"15to1_15,7,7_minerr"
100.0,65.77398317442457,0.9959904658886565,10000.0,22652.0,74495613343.35327,11550.0,11102,71494.0,3288699.1587212286,A,5,15,11,0.1414426853048052,1.0465560919142758,False,1.0,True,7,0.001,0.6831622234033625,0.4464198897749312,"15to1_9,5,5_minerr"
100.0,1.0,0.9959904658886565,10000.0,58855.38769290279,6474092646.219307,55902.0,2953.387692902794,71494.0,110000.0,B,11,15,11,0.1414426853048052,0.0008397314661858881,False,1.0,True,0,0.001,0.17677864306231583,0.4464198897749312,cult_d1=5_att50
100.0,65.51026014524778,0.9959904658886565,10000.0,12539.696656818258,41073939506.5329,11550.0,989.696656818257,71494.0,3275513.007262389,C,5,15,11,0.1414426853048052,1.0455516934532003,False,1.0,True,0,0.001,0.8246049087081677,0.4464198897749312,cult_d1=3_att3
10000.0,1.0,1.070935938534293,10000.0,71494.0,7864340000.0,55902.0,15592,71494.0,110000.0,B0,11,15,11,0.03451670766508145,0.0008725543787833135,False,1.0,True,4,0.001,0.0,0.1668517577963038,"15to1_15,7,7_minerr"
10000.0,608.8973532095636,1.070935938534293,10000.0,14790.0,450279592698.4722,11550.0,3240,71494.0,30444867.66047818,A,5,15,11,0.03451670766508145,1.6029124259414507,False,1.0,True,4,0.001,0.7931294933840602,0.1668517577963038,"15to1_7,3,3_minerr"
10000.0,1.0,1.070935938534293,10000.0,58855.38769290279,6474092646.219307,55902.0,2953.387692902794,71494.0,110000.0,B,11,15,11,0.03451670766508145,0.0008397314661858881,False,1.0,True,0,0.001,0.17677864306231583,0.1668517577963038,cult_d1=5_att50
10000.0,652.0900584305308,1.070935938534293,10000.0,12322.262502192667,401761243752.55774,11550.0,772.262502192667,71494.0,32604502.92152654,C,5,15,11,0.03451670766508145,1.6200456697038177,False,1.0,True,0,0.001,0.8276462010491417,0.1668517577963038,cult_d1=3_att2
100.0,1.0,0.5436679320438444,100000.0,93670.0,12177100000.0,78078.0,15592,93670.0,130000.0,B0,13,15,13,0.029156334115067642,0.0008005381547196811,False,0.1,True,4,0.001,0.0,0.10473515173179881,"15to1_15,7,7_minerr"
100.0,80.9921272464494,0.5436679320438444,100000.0,26076.0,147836549705.489,22638.0,3438,93670.0,5669448.907251458,A,7,15,13,0.029156334115067642,1.0985879888651173,False,0.1,True,3,0.001,0.7216184477420733,0.10473515173179881,"15to1_9,3,3_minq"
100.0,1.0,0.5436679320438444,100000.0,80293.93523544812,10438211580.608255,78078.0,2215.9352354481307,93670.0,130000.0,B,13,15,13,0.029156334115067642,0.0009591969944219389,False,0.1,True,0,0.001,0.14279988005286515,0.10473515173179881,cult_d1=5_att45
100.0,44.03282233190905,0.5436679320438444,100000.0,23344.926183441614,71956009089.09114,22638.0,706.9261834416121,93670.0,3082297.5632336335,C,7,15,13,0.029156334115067642,0.9462338294789182,False,0.1,True,0,0.001,0.7507747818571409,0.10473515173179881,cult_d1=3_att3
10000.0,1.0,1.0709359385342931,100000.0,93670.0,12177100000.0,78078.0,15592,93670.0,130000.0,B0,13,15,13,0.020053207291611377,0.0008005381547196811,False,0.1,True,4,0.001,0.0,0.0749315432824812,"15to1_15,7,7_minerr"
10000.0,409.27129449342203,1.0709359385342931,100000.0,25068.0,718172896725.2772,22638.0,2430,93670.0,28648990.61453954,A,7,15,13,0.020053207291611377,1.5035945619671687,False,0.1,True,3,0.001,0.7323796306181274,0.0749315432824812,"15to1_7,3,3_minerr"
10000.0,1.0,1.0709359385342931,100000.0,80293.93523544812,10438211580.608255,78078.0,2215.9352354481307,93670.0,130000.0,B,13,15,13,0.020053207291611377,0.0009591969944219389,False,0.1,True,0,0.001,0.14279988005286515,0.0749315432824812,cult_d1=5_att45
10000.0,438.30333788345797,1.0709359385342931,100000.0,23189.616072994762,711486029032.0643,22638.0,551.6160729947621,93670.0,30681233.651842058,C,7,15,13,0.020053207291611377,1.5207278057295357,False,0.1,True,0,0.001,0.7524328379097388,0.0749315432824812,cult_d1=3_att2
100.0,1.0,0.9880195622986094,100000.0,115644.0,52039800000.0,103950.0,11694,115644.0,450000.0,B0,15,15,15,0.06245956397701901,0.0005484976484019155,False,0.3,True,3,0.001,0.0,0.2362952701046318,"15to1_15,7,7_minerr"
100.0,76.81725533741385,0.9880195622986094,100000.0,30568.0,493111470842.354,22638.0,7930,115644.0,16131623.62085691,A,7,15,15,0.06245956397701901,1.0853573234474212,False,0.3,True,5,0.001,0.7356715437030887,0.2362952701046318,"15to1_9,5,5_minerr"
100.0,1.0,0.9880195622986094,100000.0,80987.17787260559,31584999370.31618,78078.0,2909.177872605597,115644.0,390000.0,B,13,15,15,0.06245956397701901,0.0009357747529796352,False,0.3,True,0,0.001,0.29968543225238153,0.2362952701046318,cult_d1=5_att59
100.0,75.89695099545216,0.9880195622986094,100000.0,23344.926183441614,372079830892.79443,22638.0,706.9261834416121,115644.0,15938359.709044954,C,7,15,15,0.06245956397701901,1.0823441280641946,False,0.3,True,0,0.001,0.7981311076801079,0.2362952701046318,cult_d1=3_att3
10000.0,1.0,2.392055601639999,100000.0,115644.0,52039800000.0,103950.0,11694,115644.0,450000.0,B0,15,15,15,0.02442832450838636,0.0005484976484019155,False,0.3,True,3,0.001,0.0,0.10833675254823716,"15to1_15,7,7_minerr"
10000.0,472.3056902995282,2.392055601639999,100000.0,26076.0,2586327067852.6045,22638.0,3438,115644.0,99184194.96290092,A,7,15,15,0.02442832450838636,1.5394066062227918,False,0.3,True,3,0.001,0.7745148905260973,0.10833675254823716,"15to1_9,3,3_minq"
10000.0,1.0,2.392055601639999,100000.0,80987.17787260559,31584999370.31618,78078.0,2909.177872605597,115644.0,390000.0,B,13,15,15,0.02442832450838636,0.0009357747529796352,False,0.3,True,0,0.001,0.29968543225238153,0.10833675254823716,cult_d1=5_att59
10000.0,1129.781472167433,2.392055601639999,100000.0,23251.010840552168,5516397863932.195,22638.0,613.010840552167,115644.0,237254109.15516096,C,7,15,15,0.02442832450838636,1.7574448763855428,False,0.3,True,0,0.001,0.7989432150344837,0.10833675254823716,cult_d1=3_att2
100.0,,2.346194018316798,100000.0,,,,,287018.0,,B0,,15,17,0.031973800458690506,,,1.0,False,,0.001,nan,0.2783625412537136,
100.0,41.3077876212357,2.346194018316798,100000.0,32968.0,953284599607.829,22638.0,10330,287018.0,28915451.33486499,A,7,15,17,0.031973800458690506,0.9302627611122205,False,1.0,True,5,0.001,0.8851361238667959,0.2783625412537136,"15to1_11,5,5_minerr"
100.0,1.0,2.346194018316798,100000.0,82022.22122726346,106628887595.4425,78078.0,3944.2212272634642,287018.0,1300000.0,B,13,15,17,0.031973800458690506,0.0009070280036150736,False,1.0,True,0,0.001,0.7142262115014966,0.2783625412537136,cult_d1=5_att79
100.0,96.91608422684386,2.346194018316798,100000.0,23790.94373994757,1614007575135.8037,22638.0,1152.9437399475667,287018.0,67841258.9587907,C,7,15,17,0.031973800458690506,1.143461373253845,False,1.0,True,0,0.001,0.9171099243254863,0.2783625412537136,cult_d1=3_att4
10000.0,,0.9606204142237529,100000.0,,,,,287018.0,,B0,,15,17,0.025165926236537035,,,1.0,False,,0.001,nan,0.2362952701046318,
10000.0,531.1777074547251,0.9606204142237529,100000.0,30568.0,11365928113033.227,22638.0,7930,287018.0,371824395.2183076,A,7,15,17,0.025165926236537035,1.568774157723417,False,1.0,True,5,0.001,0.8934979687685093,0.2362952701046318,"15to1_9,5,5_minerr"
10000.0,1.0,0.9606204142237529,100000.0,82022.22122726346,106628887595.4425,78078.0,3944.2212272634642,287018.0,1300000.0,B,13,15,17,0.025165926236537035,0.0009070280036150736,False,1.0,True,0,0.001,0.7142262115014966,0.2362952701046318,cult_d1=5_att79
10000.0,510.26014936158145,0.9606204142237529,100000.0,23344.926183441614,8338389864838.608,22638.0,706.9261834416121,287018.0,357182104.553107,C,7,15,17,0.025165926236537035,1.5587301731126613,False,1.0,True,0,0.001,0.9186638950050463,0.2362952701046318,cult_d1=3_att3
100.0,,3.110082067584483,1000000.0,,,,,287018.0,,B0,,15,17,0.02635990095691658,,,0.1,False,,0.001,nan,0.16560359963341686,
100.0,28.908743180303883,3.110082067584483,1000000.0,45686.0,1188652356841.827,37422.0,8264,287018.0,26017868.862273496,A,9,15,17,0.02635990095691658,0.8410360203887992,False,0.1,True,4,0.001,0.8408253140917992,0.16560359963341686,"15to1_11,5,5_minerr"
100.0,1.0,3.110082067584483,1000000.0,107368.32506362833,161052487595.4425,103950.0,3418.3250636283356,287018.0,1500000.0,B,15,15,17,0.02635990095691658,0.0008423289384592873,False,0.1,True,0,0.001,0.6259177993588265,0.16560359963341686,cult_d1=5_att79
100.0,89.90856376146833,3.110082067584483,1000000.0,38120.23394714772,3084601935995.2983,37422.0,698.2339471477171,287018.0,80917707.3853215,C,9,15,17,0.02635990095691658,1.1246982989222514,False,0.1,True,0,0.001,0.8671852150487157,0.16560359963341686,cult_d1=3_att3
10000.0,,0.9606204142237529,1000000.0,,,,,287018.0,,B0,,15,17,0.020187474388330552,,,0.1,False,,0.001,nan,0.1323897208789896,
10000.0,371.7381349181024,0.9606204142237529,1000000.0,43766.0,14642542091543.102,37422.0,6344,287018.0,334564321.4262921,A,9,15,17,0.020187474388330552,1.4795474169999958,False,0.1,True,4,0.001,0.8475147900131699,0.1323897208789896,"15to1_9,5,5_minerr"
10000.0,1.0,0.9606204142237529,1000000.0,107368.32506362833,161052487595.4425,103950.0,3418.3250636283356,287018.0,1500000.0,B,15,15,17,0.020187474388330552,0.0008423289384592873,False,0.1,True,0,0.001,0.6259177993588265,0.1323897208789896,cult_d1=5_att79
10000.0,357.09924114779284,0.9606204142237529,1000000.0,37971.83147601014,12203740984567.588,37422.0,549.8314760101428,287018.0,321389317.0330136,C,9,15,17,0.020187474388330552,1.46950343238924,False,0.1,True,0,0.001,0.8677022644015004,0.1323897208789896,cult_d1=3_att3
100.0,,1.2194834243790071,1000000.0,,,,,287018.0,,B0,,15,17,0.023114305956212295,,,0.3,False,,0.001,nan,0.1452134541640796,
100.0,43.85184218353248,1.2194834243790071,1000000.0,45686.0,5409221207391.535,37422.0,8264,287018.0,118399973.8955377,A,9,15,17,0.023114305956212295,0.94520418224068,False,0.3,True,4,0.001,0.8408253140917992,0.1452134541640796,"15to1_11,5,5_minerr"
100.0,1.0,1.2194834243790071,1000000.0,109827.55571117206,494224000700.27423,103950.0,5877.5557111720545,287018.0,4500000.0,B,15,15,17,0.023114305956212295,0.0009820877517984895,False,0.3,True,0,0.001,0.6173495888370344,0.1452134541640796,cult_d1=5_att137
100.0,53.47659467130199,1.2194834243790071,1000000.0,39051.77813305986,5638561498121.191,37422.0,1629.7781330598589,287018.0,144386805.61251536,C,9,15,17,0.023114305956212295,0.9948110188497621,False,0.3,True,0,0.001,0.8639396200480114,0.1452134541640796,cult_d1=5_att23
10000.0,,77.58488435349064,1000000.0,,,,,287018.0,,B0,,15,17,0.026635567634891978,,,0.3,False,,0.001,nan,0.16733544962201607,
10000.0,43.85184218353248,77.58488435349064,1000000.0,45686.0,5409221207391.535,37422.0,8264,287018.0,118399973.8955377,A,9,15,17,0.026635567634891978,0.94520418224068,False,0.3,True,4,0.001,0.8408253140917992,0.16733544962201607,"15to1_11,5,5_minerr"
10000.0,1.0,77.58488435349064,1000000.0,109827.55571117206,494224000700.27423,103950.0,5877.5557111720545,287018.0,4500000.0,B,15,15,17,0.026635567634891978,0.0009820877517984895,False,0.3,True,0,0.001,0.6173495888370344,0.16733544962201607,cult_d1=5_att137
10000.0,3402.24010449689,77.58488435349064,1000000.0,38041.112648568575,349447497496138.56,37422.0,619.1126485685759,287018.0,9186048282.141603,C,9,15,17,0.026635567634891978,2.033047336979715,False,0.3,True,0,0.001,0.8674608817266911,0.16733544962201607,cult_d1=3_att3
100.0,,3.0832627144209703,1000000.0,,,,,287018.0,,B0,,15,17,0.06147146326263397,,,1.0,False,,0.001,nan,0.3100122371857372,
100.0,25.061006223188738,3.0832627144209703,1000000.0,56912.0,12836447875567.057,37422.0,19490,287018.0,225549056.00869864,A,9,15,17,0.06147146326263397,0.805328275305808,False,1.0,True,5,0.001,0.8017127845640343,0.3100122371857372,"15to1_15,7,7_minerr"
100.0,,3.0832627144209703,1000000.0,,,,,287018.0,,B,,15,17,0.06147146326263397,,,1.0,False,,0.001,nan,0.3100122371857372,
100.0,77.26966607382974,3.0832627144209703,1000000.0,39268.583557285325,27308433047973.465,37422.0,1846.5835572853239,287018.0,695426994.6644677,C,9,15,17,0.06147146326263397,1.086825365096533,False,1.0,True,0,0.001,0.8631842478266682,0.3100122371857372,cult_d1=5_att26
10000.0,,1.937550387039403,1000000.0,,,,,287018.0,,B0,,15,17,0.023114305956212295,,,1.0,False,,0.001,nan,0.1452134541640796,
10000.0,188.51375874029128,1.937550387039403,1000000.0,45686.0,77511956236280.53,37422.0,8264,287018.0,1696623828.6626215,A,9,15,17,0.023114305956212295,1.309792748722263,False,1.0,True,4,0.001,0.8408253140917992,0.1452134541640796,"15to1_11,5,5_minerr"
10000.0,,1.937550387039403,1000000.0,,,,,287018.0,,B,,15,17,0.023114305956212295,,,1.0,False,,0.001,nan,0.1452134541640796,
10000.0,365.25490620950404,1.937550387039403,1000000.0,39051.77813305986,128374682033746.25,37422.0,1629.7781330598589,287018.0,3287294155.885536,C,9,15,17,0.023114305956212295,1.4751488707525366,False,1.0,True,0,0.001,0.8639396200480114,0.1452134541640796,cult_d1=5_att23
100.0,,1.8863341808946943,100000000.0,,,,,320282.0,,B0,,15,19,0.041763398394389556,,,0.1,False,,0.001,nan,0.14279988005286515,
100.0,24.58539626458789,1.8863341808946943,100000000.0,93670.0,299378828853513.2,78078.0,15592,320282.0,3196101514.3964257,A,13,15,19,0.041763398394389556,0.8005381547196811,False,0.1,True,4,0.001,0.7075389812727534,0.14279988005286515,"15to1_15,7,7_minerr"
100.0,,1.8863341808946943,100000000.0,,,,,320282.0,,B,,15,19,0.041763398394389556,,,0.1,False,,0.001,nan,0.14279988005286515,
100.0,46.37627332473287,1.8863341808946943,100000000.0,80293.93523544812,484085353283680.4,78078.0,2215.9352354481307,320282.0,6028915532.215273,C,13,15,19,0.041763398394389556,0.959196994421939,False,0.1,True,0,0.001,0.749302379667143,0.14279988005286515,cult_d1=5_att45
10000.0,,151.35330066367297,100000000.0,,,,,320282.0,,B0,,15,19,0.043709365617616236,,,0.1,False,,0.001,nan,0.1494536461913245,
10000.0,24.58539626458789,151.35330066367297,100000000.0,93670.0,299378828853513.2,78078.0,15592,320282.0,3196101514.3964257,A,13,15,19,0.043709365617616236,0.8005381547196811,False,0.1,True,4,0.001,0.7075389812727534,0.1494536461913245,"15to1_15,7,7_minerr"
10000.0,,151.35330066367297,100000000.0,,,,,320282.0,,B,,15,19,0.043709365617616236,,,0.1,False,,0.001,nan,0.1494536461913245,
10000.0,3721.080872769713,151.35330066367297,100000000.0,79670.67696125864,3.853993418095004e+16,78078.0,1592.6769612586356,320282.0,483740513460.0627,C,13,15,19,0.043709365617616236,2.055442365564946,False,0.1,True,0,0.001,0.7512483468903697,0.1494536461913245,cult_d1=5_att32
100.0,,0.6744383886995143,100000000.0,,,,,320282.0,,B0,,15,19,0.040879536297596684,,,0.3,False,,0.001,nan,0.1397777265342891,
100.0,91.1274873806569,0.6744383886995143,100000000.0,93670.0,3329005579748991.5,78078.0,15592,320282.0,35539720078.45619,A,13,15,19,0.040879536297596684,1.1280648715786645,False,0.3,True,4,0.001,0.7075389812727534,0.1397777265342891,"15to1_15,7,7_minerr"
100.0,,0.6744383886995143,100000000.0,,,,,320282.0,,B,,15,19,0.040879536297596684,,,0.3,False,,0.001,nan,0.1397777265342891,
100.0,61.45987575524557,0.6744383886995143,100000000.0,80577.02035553314,1931378927313794.5,78078.0,2499.020355533133,320282.0,23969351544.545773,C,13,15,19,0.040879536297596684,1.0295961337863884,False,0.3,True,0,0.001,0.74841851757035,0.1397777265342891,cult_d1=5_att50
10000.0,,6.712061128222167,100000000.0,,,,,320282.0,,B0,,15,19,0.041763398394389556,,,0.3,False,,0.001,nan,0.14279988005286515,
10000.0,91.1274873806569,6.712061128222167,100000000.0,93670.0,3329005579748991.5,78078.0,15592,320282.0,35539720078.45619,A,13,15,19,0.041763398394389556,1.1280648715786645,False,0.3,True,4,0.001,0.7075389812727534,0.14279988005286515,"15to1_15,7,7_minerr"
10000.0,,6.712061128222167,100000000.0,,,,,320282.0,,B,,15,19,0.041763398394389556,,,0.3,False,,0.001,nan,0.14279988005286515,
10000.0,611.6532657602633,6.712061128222167,100000000.0,80293.93523544812,1.9153698605926916e+16,78078.0,2215.9352354481307,320282.0,238544773646.50266,C,13,15,19,0.041763398394389556,1.604041390685438,False,0.3,True,0,0.001,0.749302379667143,0.14279988005286515,cult_d1=5_att45
100.0,,nan,100000000.0,,,,,320282.0,,B0,,15,19,nan,,,1.0,False,,0.001,nan,nan,
100.0,,nan,100000000.0,,,,,320282.0,,A,,15,19,nan,,,1.0,False,,0.001,nan,nan,
100.0,,nan,100000000.0,,,,,320282.0,,B,,15,19,nan,,,1.0,False,,0.001,nan,nan,
100.0,37.641682535935054,nan,100000000.0,82022.22122726346,4013690736027550.0,78078.0,3944.2212272634642,320282.0,48934187296.71557,C,13,15,19,nan,0.9070280036150736,False,1.0,True,0,0.001,0.7439062412896651,nan,cult_d1=5_att79
10000.0,,0.269034271567978,100000000.0,,,,,320282.0,,B0,,15,19,0.040879536297596684,,,1.0,False,,0.001,nan,0.1397777265342891,
10000.0,8934.125259385088,0.269034271567978,100000000.0,93670.0,1.0879173669605815e+18,78078.0,15592,320282.0,11614362837200.613,A,13,15,19,0.040879536297596684,2.2744083805851067,False,1.0,True,4,0.001,0.7075389812727534,0.1397777265342891,"15to1_15,7,7_minerr"
10000.0,,0.269034271567978,100000000.0,,,,,320282.0,,B,,15,19,0.040879536297596684,,,1.0,False,,0.001,nan,0.1397777265342891,
10000.0,2403.5858812557394,0.269034271567978,100000000.0,80577.02035553314,2.517759250242805e+17,78078.0,2499.020355533133,320282.0,3124661645632.4614,C,13,15,19,0.040879536297596684,1.9461792546108527,False,1.0,True,0,0.001,0.74841851757035,0.1397777265342891,cult_d1=5_att50
100.0,,nan,10000000000.0,,,,,439898.0,,B0,,15,23,nan,,,0.1,False,,0.001,nan,nan,
100.0,,nan,10000000000.0,,,,,439898.0,,A,,15,23,nan,,,0.1,False,,0.001,nan,nan,
100.0,,nan,10000000000.0,,,,,439898.0,,B,,15,23,nan,,,0.1,False,,0.001,nan,nan,
100.0,,nan,10000000000.0,,,,,439898.0,,C,,15,23,nan,,,0.1,False,,0.001,nan,nan,
10000.0,,nan,10000000000.0,,,,,439898.0,,B0,,15,23,nan,,,0.1,False,,0.001,nan,nan,
10000.0,,nan,10000000000.0,,,,,439898.0,,A,,15,23,nan,,,0.1,False,,0.001,nan,nan,
10000.0,,nan,10000000000.0,,,,,439898.0,,B,,15,23,nan,,,0.1,False,,0.001,nan,nan,
10000.0,,nan,10000000000.0,,,,,439898.0,,C,,15,23,nan,,,0.1,False,,0.001,nan,nan,
100.0,,nan,10000000000.0,,,,,439898.0,,B0,,15,23,nan,,,0.3,False,,0.001,nan,nan,
100.0,,nan,10000000000.0,,,,,439898.0,,A,,15,23,nan,,,0.3,False,,0.001,nan,nan,
100.0,,nan,10000000000.0,,,,,439898.0,,B,,15,23,nan,,,0.3,False,,0.001,nan,nan,
100.0,,nan,10000000000.0,,,,,439898.0,,C,,15,23,nan,,,0.3,False,,0.001,nan,nan,
10000.0,,nan,10000000000.0,,,,,439898.0,,B0,,15,23,nan,,,0.3,False,,0.001,nan,nan,
10000.0,,nan,10000000000.0,,,,,439898.0,,A,,15,23,nan,,,0.3,False,,0.001,nan,nan,
10000.0,,nan,10000000000.0,,,,,439898.0,,B,,15,23,nan,,,0.3,False,,0.001,nan,nan,
10000.0,,nan,10000000000.0,,,,,439898.0,,C,,15,23,nan,,,0.3,False,,0.001,nan,nan,
100.0,,nan,10000000000.0,,,,,439898.0,,B0,,15,23,nan,,,1.0,False,,0.001,nan,nan,
100.0,,nan,10000000000.0,,,,,439898.0,,A,,15,23,nan,,,1.0,False,,0.001,nan,nan,
100.0,,nan,10000000000.0,,,,,439898.0,,B,,15,23,nan,,,1.0,False,,0.001,nan,nan,
100.0,,nan,10000000000.0,,,,,439898.0,,C,,15,23,nan,,,1.0,False,,0.001,nan,nan,
10000.0,,nan,10000000000.0,,,,,439898.0,,B0,,15,23,nan,,,1.0,False,,0.001,nan,nan,
10000.0,,nan,10000000000.0,,,,,439898.0,,A,,15,23,nan,,,1.0,False,,0.001,nan,nan,
10000.0,,nan,10000000000.0,,,,,439898.0,,B,,15,23,nan,,,1.0,False,,0.001,nan,nan,
10000.0,,nan,10000000000.0,,,,,439898.0,,C,,15,23,nan,,,1.0,False,,0.001,nan,nan,
100.0,1.0,1.0068768350875883,10000.0,71494.0,786434000.0,55902.0,15592,71494.0,11000.0,B0,11,17,11,0.03451670766508145,0.000725167356196771,False,0.1,True,4,0.001,0.0,0.1668517577963038,"15to1_15,7,7_minerr"
100.0,64.0812961332837,1.0068768350875883,10000.0,14790.0,4738811849.05633,11550.0,3240,71494.0,320406.4806664185,A,5,17,11,0.03451670766508145,1.040038132338651,False,0.1,True,4,0.001,0.7931294933840602,0.1668517577963038,"15to1_7,3,3_minerr"
100.0,1.0,1.0068768350875883,10000.0,57587.180282487374,633458983.1073611,55902.0,1685.1802824873766,71494.0,11000.0,B,11,17,11,0.03451670766508145,0.0009148856410872238,False,0.1,True,0,0.001,0.1945172982000255,0.1668517577963038,cult_d1=5_att29
100.0,64.5219726389912,1.0068768350875883,10000.0,12322.262502192667,3975283420.084712,11550.0,772.262502192667,71494.0,322609.863194956,C,5,17,11,0.03451670766508145,1.0417514567148876,False,0.1,True,0,0.001,0.8276462010491417,0.1668517577963038,cult_d1=3_att2
10000.0,1.0,0.2909208606805295,10000.0,71494.0,786434000.0,55902.0,15592,71494.0,11000.0,B0,11,17,11,0.01950682151455368,0.000725167356196771,False,0.1,True,4,0.001,0.0,0.10225991328358275,"15to1_15,7,7_minerr"
10000.0,2255.8393098990136,0.2909208606805295,10000.0,13638.0,153825682542.01373,11550.0,2088,71494.0,11279196.549495067,A,5,17,11,0.01950682151455368,1.9303193455498702,False,0.1,True,4,0.001,0.8092427336559711,0.10225991328358275,"15to1_5,3,3_minerr"
10000.0,1.0,0.2909208606805295,10000.0,57587.180282487374,633458983.1073611,55902.0,1685.1802824873766,71494.0,11000.0,B,11,17,11,0.01950682151455368,0.0009148856410872238,False,0.1,True,0,0.001,0.1945172982000255,0.10225991328358275,cult_d1=5_att29
10000.0,656.2707135927928,0.2909208606805295,10000.0,12243.3793026385,40174856358.648994,11550.0,693.3793026384985,71494.0,3281353.5679639643,C,5,17,11,0.01950682151455368,1.6216433442444211,False,0.1,True,0,0.001,0.8287495551705248,0.10225991328358275,cult_d1=3_att2
100.0,1.0,1.0911315838590827,10000.0,71494.0,2359302000.0,55902.0,15592,71494.0,33000.0,B0,11,17,11,0.06814256893203578,0.0007579200278826693,False,0.3,True,4,0.001,0.0,0.28193199208489383,"15to1_15,7,7_minerr"
100.0,65.00585527918854,1.0911315838590827,10000.0,17280.0,16849517688.36567,11550.0,5730,71494.0,975087.8291878281,A,5,17,11,0.06814256893203578,1.0436193367642133,False,0.3,True,5,0.001,0.758301395921336,0.28193199208489383,"15to1_9,3,3_minq"
100.0,1.0,1.0911315838590827,10000.0,58004.20933292806,1914138907.9866261,55902.0,2102.2093329280597,71494.0,33000.0,B,11,17,11,0.06814256893203578,0.000981732058355132,False,0.3,True,0,0.001,0.18868423458013173,0.28193199208489383,cult_d1=5_att36
100.0,70.9299418308953,1.0911315838590827,10000.0,12408.215176773034,13201709710.706152,11550.0,858.2151767730338,71494.0,1063949.1274634295,C,5,17,11,0.06814256893203578,1.0654231637804883,False,0.3,True,0,0.001,0.8264439648533719,0.28193199208489383,cult_d1=3_att2
10000.0,1.0,1.0207727030566827,10000.0,71494.0,2359302000.0,55902.0,15592,71494.0,33000.0,B0,11,17,11,0.03451670766508145,0.0007579200278826693,False,0.3,True,4,0.001,0.0,0.1668517577963038,"15to1_15,7,7_minerr"
10000.0,105.68735289583937,1.0207727030566827,10000.0,14790.0,23446739239.941963,11550.0,3240,71494.0,1585310.2934375906,A,5,17,11,0.03451670766508145,1.1651213086948287,False,0.3,True,4,0.001,0.7931294933840602,0.1668517577963038,"15to1_7,3,3_minerr"
10000.0,1.0,1.0207727030566827,10000.0,58004.20933292806,1914138907.9866261,55902.0,2102.2093329280597,71494.0,33000.0,B,11,17,11,0.03451670766508145,0.000981732058355132,False,0.3,True,0,0.001,0.18868423458013173,0.1668517577963038,cult_d1=5_att36
10000.0,107.88276489439147,1.0207727030566827,10000.0,12322.262502192667,19940396227.365414,11550.0,772.262502192667,71494.0,1618241.473415872,C,5,17,11,0.03451670766508145,1.1702612818235387,False,0.3,True,0,0.001,0.8276462010491417,0.1668517577963038,cult_d1=3_att2
100.0,1.0,0.9959904658886565,10000.0,71494.0,7864340000.0,55902.0,15592,71494.0,110000.0,B0,11,17,11,0.1414426853048052,0.0008725543787833135,False,1.0,True,4,0.001,0.0,0.4464198897749312,"15to1_15,7,7_minerr"
100.0,65.77398317442457,0.9959904658886565,10000.0,22652.0,74495613343.35327,11550.0,11102,71494.0,3288699.1587212286,A,5,17,11,0.1414426853048052,1.0465560919142758,False,1.0,True,7,0.001,0.6831622234033625,0.4464198897749312,"15to1_9,5,5_minerr"
100.0,1.0,0.9959904658886565,10000.0,58855.38769290279,6474092646.219307,55902.0,2953.387692902794,71494.0,110000.0,B,11,17,11,0.1414426853048052,0.0008397314661858881,False,1.0,True,0,0.001,0.17677864306231583,0.4464198897749312,cult_d1=5_att50
100.0,65.51026014524778,0.9959904658886565,10000.0,12539.696656818258,41073939506.5329,11550.0,989.696656818257,71494.0,3275513.007262389,C,5,17,11,0.1414426853048052,1.0455516934532003,False,1.0,True,0,0.001,0.8246049087081677,0.4464198897749312,cult_d1=3_att3
10000.0,1.0,1.070935938534293,10000.0,71494.0,7864340000.0,55902.0,15592,71494.0,110000.0,B0,11,17,11,0.03451670766508145,0.0008725543787833135,False,1.0,True,4,0.001,0.0,0.1668517577963038,"15to1_15,7,7_minerr"
10000.0,608.8973532095636,1.070935938534293,10000.0,14790.0,450279592698.4722,11550.0,3240,71494.0,30444867.66047818,A,5,17,11,0.03451670766508145,1.6029124259414507,False,1.0,True,4,0.001,0.7931294933840602,0.1668517577963038,"15to1_7,3,3_minerr"
10000.0,1.0,1.070935938534293,10000.0,58855.38769290279,6474092646.219307,55902.0,2953.387692902794,71494.0,110000.0,B,11,17,11,0.03451670766508145,0.0008397314661858881,False,1.0,True,0,0.001,0.17677864306231583,0.1668517577963038,cult_d1=5_att50
10000.0,652.0900584305308,1.070935938534293,10000.0,12322.262502192667,401761243752.55774,11550.0,772.262502192667,71494.0,32604502.92152654,C,5,17,11,0.03451670766508145,1.6200456697038177,False,1.0,True,0,0.001,0.8276462010491417,0.1668517577963038,cult_d1=3_att2
100.0,1.0,0.5436679320438444,100000.0,93670.0,12177100000.0,78078.0,15592,93670.0,130000.0,B0,13,17,13,0.029156334115067642,0.0008005381547196811,False,0.1,True,4,0.001,0.0,0.10473515173179881,"15to1_15,7,7_minerr"
100.0,80.9921272464494,0.5436679320438444,100000.0,26076.0,147836549705.489,22638.0,3438,93670.0,5669448.907251458,A,7,17,13,0.029156334115067642,1.0985879888651173,False,0.1,True,3,0.001,0.7216184477420733,0.10473515173179881,"15to1_9,3,3_minq"
100.0,1.0,0.5436679320438444,100000.0,80293.93523544812,10438211580.608255,78078.0,2215.9352354481307,93670.0,130000.0,B,13,17,13,0.029156334115067642,0.0009591969944219389,False,0.1,True,0,0.001,0.14279988005286515,0.10473515173179881,cult_d1=5_att45
100.0,44.03282233190905,0.5436679320438444,100000.0,23344.926183441614,71956009089.09114,22638.0,706.9261834416121,93670.0,3082297.5632336335,C,7,17,13,0.029156334115067642,0.9462338294789182,False,0.1,True,0,0.001,0.7507747818571409,0.10473515173179881,cult_d1=3_att3
10000.0,1.0,1.0709359385342931,100000.0,93670.0,12177100000.0,78078.0,15592,93670.0,130000.0,B0,13,17,13,0.020053207291611377,0.0008005381547196811,False,0.1,True,4,0.001,0.0,0.0749315432824812,"15to1_15,7,7_minerr"
10000.0,409.27129449342203,1.0709359385342931,100000.0,25068.0,718172896725.2772,22638.0,2430,93670.0,28648990.61453954,A,7,17,13,0.020053207291611377,1.5035945619671687,False,0.1,True,3,0.001,0.7323796306181274,0.0749315432824812,"15to1_7,3,3_minerr"
10000.0,1.0,1.0709359385342931,100000.0,80293.93523544812,10438211580.608255,78078.0,2215.9352354481307,93670.0,130000.0,B,13,17,13,0.020053207291611377,0.0009591969944219389,False,0.1,True,0,0.001,0.14279988005286515,0.0749315432824812,cult_d1=5_att45
10000.0,438.30333788345797,1.0709359385342931,100000.0,23189.616072994762,711486029032.0643,22638.0,551.6160729947621,93670.0,30681233.651842058,C,7,17,13,0.020053207291611377,1.5207278057295357,False,0.1,True,0,0.001,0.7524328379097388,0.0749315432824812,cult_d1=3_att2
100.0,1.0,0.9880195622986094,100000.0,115644.0,52039800000.0,103950.0,11694,115644.0,450000.0,B0,15,17,15,0.06245956397701901,0.0005484976484019155,False,0.3,True,3,0.001,0.0,0.2362952701046318,"15to1_15,7,7_minerr"
100.0,76.81725533741385,0.9880195622986094,100000.0,30568.0,493111470842.354,22638.0,7930,115644.0,16131623.62085691,A,7,17,15,0.06245956397701901,1.0853573234474212,False,0.3,True,5,0.001,0.7356715437030887,0.2362952701046318,"15to1_9,5,5_minerr"
100.0,1.0,0.9880195622986094,100000.0,80987.17787260559,31584999370.31618,78078.0,2909.177872605597,115644.0,390000.0,B,13,17,15,0.06245956397701901,0.0009357747529796352,False,0.3,True,0,0.001,0.29968543225238153,0.2362952701046318,cult_d1=5_att59
100.0,75.89695099545216,0.9880195622986094,100000.0,23344.926183441614,372079830892.79443,22638.0,706.9261834416121,115644.0,15938359.709044954,C,7,17,15,0.06245956397701901,1.0823441280641946,False,0.3,True,0,0.001,0.7981311076801079,0.2362952701046318,cult_d1=3_att3
10000.0,1.0,2.392055601639999,100000.0,115644.0,52039800000.0,103950.0,11694,115644.0,450000.0,B0,15,17,15,0.02442832450838636,0.0005484976484019155,False,0.3,True,3,0.001,0.0,0.10833675254823716,"15to1_15,7,7_minerr"
10000.0,472.3056902995282,2.392055601639999,100000.0,26076.0,2586327067852.6045,22638.0,3438,115644.0,99184194.96290092,A,7,17,15,0.02442832450838636,1.5394066062227918,False,0.3,True,3,0.001,0.7745148905260973,0.10833675254823716,"15to1_9,3,3_minq"
10000.0,1.0,2.392055601639999,100000.0,80987.17787260559,31584999370.31618,78078.0,2909.177872605597,115644.0,390000.0,B,13,17,15,0.02442832450838636,0.0009357747529796352,False,0.3,True,0,0.001,0.29968543225238153,0.10833675254823716,cult_d1=5_att59
10000.0,1129.781472167433,2.392055601639999,100000.0,23251.010840552168,5516397863932.195,22638.0,613.010840552167,115644.0,237254109.15516096,C,7,17,15,0.02442832450838636,1.7574448763855428,False,0.3,True,0,0.001,0.7989432150344837,0.10833675254823716,cult_d1=3_att2
100.0,,2.346194018316798,100000.0,,,,,287018.0,,B0,,17,17,0.031973800458690506,,,1.0,False,,0.001,nan,0.2783625412537136,
100.0,41.3077876212357,2.346194018316798,100000.0,32968.0,953284599607.829,22638.0,10330,287018.0,28915451.33486499,A,7,17,17,0.031973800458690506,0.9302627611122205,False,1.0,True,5,0.001,0.8851361238667959,0.2783625412537136,"15to1_11,5,5_minerr"
100.0,1.0,2.346194018316798,100000.0,82022.22122726346,106628887595.4425,78078.0,3944.2212272634642,287018.0,1300000.0,B,13,17,17,0.031973800458690506,0.0009070280036150736,False,1.0,True,0,0.001,0.7142262115014966,0.2783625412537136,cult_d1=5_att79
100.0,96.91608422684386,2.346194018316798,100000.0,23790.94373994757,1614007575135.8037,22638.0,1152.9437399475667,287018.0,67841258.9587907,C,7,17,17,0.031973800458690506,1.143461373253845,False,1.0,True,0,0.001,0.9171099243254863,0.2783625412537136,cult_d1=3_att4
10000.0,,0.9606204142237529,100000.0,,,,,287018.0,,B0,,17,17,0.025165926236537035,,,1.0,False,,0.001,nan,0.2362952701046318,
10000.0,531.1777074547251,0.9606204142237529,100000.0,30568.0,11365928113033.227,22638.0,7930,287018.0,371824395.2183076,A,7,17,17,0.025165926236537035,1.568774157723417,False,1.0,True,5,0.001,0.8934979687685093,0.2362952701046318,"15to1_9,5,5_minerr"
10000.0,1.0,0.9606204142237529,100000.0,82022.22122726346,106628887595.4425,78078.0,3944.2212272634642,287018.0,1300000.0,B,13,17,17,0.025165926236537035,0.0009070280036150736,False,1.0,True,0,0.001,0.7142262115014966,0.2362952701046318,cult_d1=5_att79
10000.0,510.26014936158145,0.9606204142237529,100000.0,23344.926183441614,8338389864838.608,22638.0,706.9261834416121,287018.0,357182104.553107,C,7,17,17,0.025165926236537035,1.5587301731126613,False,1.0,True,0,0.001,0.9186638950050463,0.2362952701046318,cult_d1=3_att3
100.0,,3.110082067584483,1000000.0,,,,,287018.0,,B0,,17,17,0.02635990095691658,,,0.1,False,,0.001,nan,0.16560359963341686,
100.0,28.908743180303883,3.110082067584483,1000000.0,45686.0,1188652356841.827,37422.0,8264,287018.0,26017868.862273496,A,9,17,17,0.02635990095691658,0.8410360203887992,False,0.1,True,4,0.001,0.8408253140917992,0.16560359963341686,"15to1_11,5,5_minerr"
100.0,1.0,3.110082067584483,1000000.0,107368.32506362833,161052487595.4425,103950.0,3418.3250636283356,287018.0,1500000.0,B,15,17,17,0.02635990095691658,0.0008423289384592873,False,0.1,True,0,0.001,0.6259177993588265,0.16560359963341686,cult_d1=5_att79
100.0,89.90856376146833,3.110082067584483,1000000.0,38120.23394714772,3084601935995.2983,37422.0,698.2339471477171,287018.0,80917707.3853215,C,9,17,17,0.02635990095691658,1.1246982989222514,False,0.1,True,0,0.001,0.8671852150487157,0.16560359963341686,cult_d1=3_att3
10000.0,,0.9606204142237529,1000000.0,,,,,287018.0,,B0,,17,17,0.020187474388330552,,,0.1,False,,0.001,nan,0.1323897208789896,
10000.0,371.7381349181024,0.9606204142237529,1000000.0,43766.0,14642542091543.102,37422.0,6344,287018.0,334564321.4262921,A,9,17,17,0.020187474388330552,1.4795474169999958,False,0.1,True,4,0.001,0.8475147900131699,0.1323897208789896,"15to1_9,5,5_minerr"
10000.0,1.0,0.9606204142237529,1000000.0,107368.32506362833,161052487595.4425,103950.0,3418.3250636283356,287018.0,1500000.0,B,15,17,17,0.020187474388330552,0.0008423289384592873,False,0.1,True,0,0.001,0.6259177993588265,0.1323897208789896,cult_d1=5_att79
10000.0,357.09924114779284,0.9606204142237529,1000000.0,37971.83147601014,12203740984567.588,37422.0,549.8314760101428,287018.0,321389317.0330136,C,9,17,17,0.020187474388330552,1.46950343238924,False,0.1,True,0,0.001,0.8677022644015004,0.1323897208789896,cult_d1=3_att3
100.0,,1.2194834243790071,1000000.0,,,,,287018.0,,B0,,17,17,0.023114305956212295,,,0.3,False,,0.001,nan,0.1452134541640796,
100.0,43.85184218353248,1.2194834243790071,1000000.0,45686.0,5409221207391.535,37422.0,8264,287018.0,118399973.8955377,A,9,17,17,0.023114305956212295,0.94520418224068,False,0.3,True,4,0.001,0.8408253140917992,0.1452134541640796,"15to1_11,5,5_minerr"
100.0,1.0,1.2194834243790071,1000000.0,109827.55571117206,494224000700.27423,103950.0,5877.5557111720545,287018.0,4500000.0,B,15,17,17,0.023114305956212295,0.0009820877517984895,False,0.3,True,0,0.001,0.6173495888370344,0.1452134541640796,cult_d1=5_att137
100.0,53.47659467130199,1.2194834243790071,1000000.0,39051.77813305986,5638561498121.191,37422.0,1629.7781330598589,287018.0,144386805.61251536,C,9,17,17,0.023114305956212295,0.9948110188497621,False,0.3,True,0,0.001,0.8639396200480114,0.1452134541640796,cult_d1=5_att23
10000.0,,77.58488435349064,1000000.0,,,,,287018.0,,B0,,17,17,0.026635567634891978,,,0.3,False,,0.001,nan,0.16733544962201607,
10000.0,43.85184218353248,77.58488435349064,1000000.0,45686.0,5409221207391.535,37422.0,8264,287018.0,118399973.8955377,A,9,17,17,0.026635567634891978,0.94520418224068,False,0.3,True,4,0.001,0.8408253140917992,0.16733544962201607,"15to1_11,5,5_minerr"
10000.0,1.0,77.58488435349064,1000000.0,109827.55571117206,494224000700.27423,103950.0,5877.5557111720545,287018.0,4500000.0,B,15,17,17,0.026635567634891978,0.0009820877517984895,False,0.3,True,0,0.001,0.6173495888370344,0.16733544962201607,cult_d1=5_att137
10000.0,3402.24010449689,77.58488435349064,1000000.0,38041.112648568575,349447497496138.56,37422.0,619.1126485685759,287018.0,9186048282.141603,C,9,17,17,0.026635567634891978,2.033047336979715,False,0.3,True,0,0.001,0.8674608817266911,0.16733544962201607,cult_d1=3_att3
100.0,,3.0832627144209703,1000000.0,,,,,287018.0,,B0,,17,17,0.06147146326263397,,,1.0,False,,0.001,nan,0.3100122371857372,
100.0,25.061006223188738,3.0832627144209703,1000000.0,56912.0,12836447875567.057,37422.0,19490,287018.0,225549056.00869864,A,9,17,17,0.06147146326263397,0.805328275305808,False,1.0,True,5,0.001,0.8017127845640343,0.3100122371857372,"15to1_15,7,7_minerr"
100.0,1.0,3.0832627144209703,1000000.0,139516.04354821763,2371772740319.6997,133518.0,5998.0435482176135,287018.0,17000000.0,B,17,17,17,0.06147146326263397,0.0009998071841219396,False,1.0,True,0,0.001,0.5139118677287918,0.3100122371857372,cult_d1=5_att158
100.0,77.26966607382974,3.0832627144209703,1000000.0,39268.583557285325,27308433047973.465,37422.0,1846.5835572853239,287018.0,695426994.6644677,C,9,17,17,0.06147146326263397,1.086825365096533,False,1.0,True,0,0.001,0.8631842478266682,0.3100122371857372,cult_d1=5_att26
10000.0,,1.937550387039403,1000000.0,,,,,287018.0,,B0,,17,17,0.023114305956212295,,,1.0,False,,0.001,nan,0.1452134541640796,
10000.0,188.51375874029128,1.937550387039403,1000000.0,45686.0,77511956236280.53,37422.0,8264,287018.0,1696623828.6626215,A,9,17,17,0.023114305956212295,1.309792748722263,False,1.0,True,4,0.001,0.8408253140917992,0.1452134541640796,"15to1_11,5,5_minerr"
10000.0,1.0,1.937550387039403,1000000.0,139516.04354821763,2371772740319.6997,133518.0,5998.0435482176135,287018.0,17000000.0,B,17,17,17,0.023114305956212295,0.0009998071841219396,False,1.0,True,0,0.001,0.5139118677287918,0.1452134541640796,cult_d1=5_att158
10000.0,365.25490620950404,1.937550387039403,1000000.0,39051.77813305986,128374682033746.25,37422.0,1629.7781330598589,287018.0,3287294155.885536,C,9,17,17,0.023114305956212295,1.4751488707525366,False,1.0,True,0,0.001,0.8639396200480114,0.1452134541640796,cult_d1=5_att23
100.0,,1.8863341808946943,100000000.0,,,,,320282.0,,B0,,17,19,0.041763398394389556,,,0.1,False,,0.001,nan,0.14279988005286515,
100.0,24.58539626458789,1.8863341808946943,100000000.0,93670.0,299378828853513.2,78078.0,15592,320282.0,3196101514.3964257,A,13,17,19,0.041763398394389556,0.8005381547196811,False,0.1,True,4,0.001,0.7075389812727534,0.14279988005286515,"15to1_15,7,7_minerr"
100.0,,1.8863341808946943,100000000.0,,,,,320282.0,,B,,17,19,0.041763398394389556,,,0.1,False,,0.001,nan,0.14279988005286515,
100.0,46.37627332473287,1.8863341808946943,100000000.0,80293.93523544812,484085353283680.4,78078.0,2215.9352354481307,320282.0,6028915532.215273,C,13,17,19,0.041763398394389556,0.959196994421939,False,0.1,True,0,0.001,0.749302379667143,0.14279988005286515,cult_d1=5_att45
10000.0,,151.35330066367297,100000000.0,,,,,320282.0,,B0,,17,19,0.043709365617616236,,,0.1,False,,0.001,nan,0.1494536461913245,
10000.0,24.58539626458789,151.35330066367297,100000000.0,93670.0,299378828853513.2,78078.0,15592,320282.0,3196101514.3964257,A,13,17,19,0.043709365617616236,0.8005381547196811,False,0.1,True,4,0.001,0.7075389812727534,0.1494536461913245,"15to1_15,7,7_minerr"
10000.0,,151.35330066367297,100000000.0,,,,,320282.0,,B,,17,19,0.043709365617616236,,,0.1,False,,0.001,nan,0.1494536461913245,
10000.0,3721.080872769713,151.35330066367297,100000000.0,79670.67696125864,3.853993418095004e+16,78078.0,1592.6769612586356,320282.0,483740513460.0627,C,13,17,19,0.043709365617616236,2.055442365564946,False,0.1,True,0,0.001,0.7512483468903697,0.1494536461913245,cult_d1=5_att32
100.0,,0.6744383886995143,100000000.0,,,,,320282.0,,B0,,17,19,0.040879536297596684,,,0.3,False,,0.001,nan,0.1397777265342891,
100.0,91.1274873806569,0.6744383886995143,100000000.0,93670.0,3329005579748991.5,78078.0,15592,320282.0,35539720078.45619,A,13,17,19,0.040879536297596684,1.1280648715786645,False,0.3,True,4,0.001,0.7075389812727534,0.1397777265342891,"15to1_15,7,7_minerr"
100.0,,0.6744383886995143,100000000.0,,,,,320282.0,,B,,17,19,0.040879536297596684,,,0.3,False,,0.001,nan,0.1397777265342891,
100.0,61.45987575524557,0.6744383886995143,100000000.0,80577.02035553314,1931378927313794.5,78078.0,2499.020355533133,320282.0,23969351544.545773,C,13,17,19,0.040879536297596684,1.0295961337863884,False,0.3,True,0,0.001,0.74841851757035,0.1397777265342891,cult_d1=5_att50
10000.0,,6.712061128222167,100000000.0,,,,,320282.0,,B0,,17,19,0.041763398394389556,,,0.3,False,,0.001,nan,0.14279988005286515,
10000.0,91.1274873806569,6.712061128222167,100000000.0,93670.0,3329005579748991.5,78078.0,15592,320282.0,35539720078.45619,A,13,17,19,0.041763398394389556,1.1280648715786645,False,0.3,True,4,0.001,0.7075389812727534,0.14279988005286515,"15to1_15,7,7_minerr"
10000.0,,6.712061128222167,100000000.0,,,,,320282.0,,B,,17,19,0.041763398394389556,,,0.3,False,,0.001,nan,0.14279988005286515,
10000.0,611.6532657602633,6.712061128222167,100000000.0,80293.93523544812,1.9153698605926916e+16,78078.0,2215.9352354481307,320282.0,238544773646.50266,C,13,17,19,0.041763398394389556,1.604041390685438,False,0.3,True,0,0.001,0.749302379667143,0.14279988005286515,cult_d1=5_att45
100.0,,nan,100000000.0,,,,,320282.0,,B0,,17,19,nan,,,1.0,False,,0.001,nan,nan,
100.0,,nan,100000000.0,,,,,320282.0,,A,,17,19,nan,,,1.0,False,,0.001,nan,nan,
100.0,,nan,100000000.0,,,,,320282.0,,B,,17,19,nan,,,1.0,False,,0.001,nan,nan,
100.0,37.641682535935054,nan,100000000.0,82022.22122726346,4013690736027550.0,78078.0,3944.2212272634642,320282.0,48934187296.71557,C,13,17,19,nan,0.9070280036150736,False,1.0,True,0,0.001,0.7439062412896651,nan,cult_d1=5_att79
10000.0,,0.269034271567978,100000000.0,,,,,320282.0,,B0,,17,19,0.040879536297596684,,,1.0,False,,0.001,nan,0.1397777265342891,
10000.0,8934.125259385088,0.269034271567978,100000000.0,93670.0,1.0879173669605815e+18,78078.0,15592,320282.0,11614362837200.613,A,13,17,19,0.040879536297596684,2.2744083805851067,False,1.0,True,4,0.001,0.7075389812727534,0.1397777265342891,"15to1_15,7,7_minerr"
10000.0,,0.269034271567978,100000000.0,,,,,320282.0,,B,,17,19,0.040879536297596684,,,1.0,False,,0.001,nan,0.1397777265342891,
10000.0,2403.5858812557394,0.269034271567978,100000000.0,80577.02035553314,2.517759250242805e+17,78078.0,2499.020355533133,320282.0,3124661645632.4614,C,13,17,19,0.040879536297596684,1.9461792546108527,False,1.0,True,0,0.001,0.74841851757035,0.1397777265342891,cult_d1=5_att50
100.0,,nan,10000000000.0,,,,,439898.0,,B0,,17,23,nan,,,0.1,False,,0.001,nan,nan,
100.0,,nan,10000000000.0,,,,,439898.0,,A,,17,23,nan,,,0.1,False,,0.001,nan,nan,
100.0,,nan,10000000000.0,,,,,439898.0,,B,,17,23,nan,,,0.1,False,,0.001,nan,nan,
100.0,,nan,10000000000.0,,,,,439898.0,,C,,17,23,nan,,,0.1,False,,0.001,nan,nan,
10000.0,,nan,10000000000.0,,,,,439898.0,,B0,,17,23,nan,,,0.1,False,,0.001,nan,nan,
10000.0,,nan,10000000000.0,,,,,439898.0,,A,,17,23,nan,,,0.1,False,,0.001,nan,nan,
10000.0,,nan,10000000000.0,,,,,439898.0,,B,,17,23,nan,,,0.1,False,,0.001,nan,nan,
10000.0,5551.1188685630395,nan,10000000000.0,137967.1138585299,1.30198214326816e+19,133518.0,4449.113858529888,439898.0,94369020765571.67,C,17,17,23,nan,2.155438696090408,False,0.1,True,0,0.001,0.686365671454451,nan,cult_d1=5_att117
100.0,,nan,10000000000.0,,,,,439898.0,,B0,,17,23,nan,,,0.3,False,,0.001,nan,nan,
100.0,,nan,10000000000.0,,,,,439898.0,,A,,17,23,nan,,,0.3,False,,0.001,nan,nan,
100.0,,nan,10000000000.0,,,,,439898.0,,B,,17,23,nan,,,0.3,False,,0.001,nan,nan,
100.0,,nan,10000000000.0,,,,,439898.0,,C,,17,23,nan,,,0.3,False,,0.001,nan,nan,
10000.0,,nan,10000000000.0,,,,,439898.0,,B0,,17,23,nan,,,0.3,False,,0.001,nan,nan,
10000.0,,nan,10000000000.0,,,,,439898.0,,A,,17,23,nan,,,0.3,False,,0.001,nan,nan,
10000.0,,nan,10000000000.0,,,,,439898.0,,B,,17,23,nan,,,0.3,False,,0.001,nan,nan,
10000.0,,nan,10000000000.0,,,,,439898.0,,C,,17,23,nan,,,0.3,False,,0.001,nan,nan,
100.0,,nan,10000000000.0,,,,,439898.0,,B0,,17,23,nan,,,1.0,False,,0.001,nan,nan,
100.0,,nan,10000000000.0,,,,,439898.0,,A,,17,23,nan,,,1.0,False,,0.001,nan,nan,
100.0,,nan,10000000000.0,,,,,439898.0,,B,,17,23,nan,,,1.0,False,,0.001,nan,nan,
100.0,,nan,10000000000.0,,,,,439898.0,,C,,17,23,nan,,,1.0,False,,0.001,nan,nan,
10000.0,,nan,10000000000.0,,,,,439898.0,,B0,,17,23,nan,,,1.0,False,,0.001,nan,nan,
10000.0,,nan,10000000000.0,,,,,439898.0,,A,,17,23,nan,,,1.0,False,,0.001,nan,nan,
10000.0,,nan,10000000000.0,,,,,439898.0,,B,,17,23,nan,,,1.0,False,,0.001,nan,nan,
10000.0,,nan,10000000000.0,,,,,439898.0,,C,,17,23,nan,,,1.0,False,,0.001,nan,nan,
100.0,1.0,1.0068768350875883,10000.0,71494.0,786434000.0,55902.0,15592,71494.0,11000.0,B0,11,21,11,0.03451670766508145,0.000725167356196771,False,0.1,True,4,0.001,0.0,0.1668517577963038,"15to1_15,7,7_minerr"
100.0,64.0812961332837,1.0068768350875883,10000.0,14790.0,4738811849.05633,11550.0,3240,71494.0,320406.4806664185,A,5,21,11,0.03451670766508145,1.040038132338651,False,0.1,True,4,0.001,0.7931294933840602,0.1668517577963038,"15to1_7,3,3_minerr"
100.0,1.0,1.0068768350875883,10000.0,57587.180282487374,633458983.1073611,55902.0,1685.1802824873766,71494.0,11000.0,B,11,21,11,0.03451670766508145,0.0009148856410872238,False,0.1,True,0,0.001,0.1945172982000255,0.1668517577963038,cult_d1=5_att29
100.0,64.5219726389912,1.0068768350875883,10000.0,12322.262502192667,3975283420.084712,11550.0,772.262502192667,71494.0,322609.863194956,C,5,21,11,0.03451670766508145,1.0417514567148876,False,0.1,True,0,0.001,0.8276462010491417,0.1668517577963038,cult_d1=3_att2
10000.0,1.0,0.2909208606805295,10000.0,71494.0,786434000.0,55902.0,15592,71494.0,11000.0,B0,11,21,11,0.01950682151455368,0.000725167356196771,False,0.1,True,4,0.001,0.0,0.10225991328358275,"15to1_15,7,7_minerr"
10000.0,2255.8393098990136,0.2909208606805295,10000.0,13638.0,153825682542.01373,11550.0,2088,71494.0,11279196.549495067,A,5,21,11,0.01950682151455368,1.9303193455498702,False,0.1,True,4,0.001,0.8092427336559711,0.10225991328358275,"15to1_5,3,3_minerr"
10000.0,1.0,0.2909208606805295,10000.0,57587.180282487374,633458983.1073611,55902.0,1685.1802824873766,71494.0,11000.0,B,11,21,11,0.01950682151455368,0.0009148856410872238,False,0.1,True,0,0.001,0.1945172982000255,0.10225991328358275,cult_d1=5_att29
10000.0,656.2707135927928,0.2909208606805295,10000.0,12243.3793026385,40174856358.648994,11550.0,693.3793026384985,71494.0,3281353.5679639643,C,5,21,11,0.01950682151455368,1.6216433442444211,False,0.1,True,0,0.001,0.8287495551705248,0.10225991328358275,cult_d1=3_att2
100.0,1.0,1.0911315838590827,10000.0,71494.0,2359302000.0,55902.0,15592,71494.0,33000.0,B0,11,21,11,0.06814256893203578,0.0007579200278826693,False,0.3,True,4,0.001,0.0,0.28193199208489383,"15to1_15,7,7_minerr"
100.0,65.00585527918854,1.0911315838590827,10000.0,17280.0,16849517688.36567,11550.0,5730,71494.0,975087.8291878281,A,5,21,11,0.06814256893203578,1.0436193367642133,False,0.3,True,5,0.001,0.758301395921336,0.28193199208489383,"15to1_9,3,3_minq"
100.0,1.0,1.0911315838590827,10000.0,58004.20933292806,1914138907.9866261,55902.0,2102.2093329280597,71494.0,33000.0,B,11,21,11,0.06814256893203578,0.000981732058355132,False,0.3,True,0,0.001,0.18868423458013173,0.28193199208489383,cult_d1=5_att36
100.0,70.9299418308953,1.0911315838590827,10000.0,12408.215176773034,13201709710.706152,11550.0,858.2151767730338,71494.0,1063949.1274634295,C,5,21,11,0.06814256893203578,1.0654231637804883,False,0.3,True,0,0.001,0.8264439648533719,0.28193199208489383,cult_d1=3_att2
10000.0,1.0,1.0207727030566827,10000.0,71494.0,2359302000.0,55902.0,15592,71494.0,33000.0,B0,11,21,11,0.03451670766508145,0.0007579200278826693,False,0.3,True,4,0.001,0.0,0.1668517577963038,"15to1_15,7,7_minerr"
10000.0,105.68735289583937,1.0207727030566827,10000.0,14790.0,23446739239.941963,11550.0,3240,71494.0,1585310.2934375906,A,5,21,11,0.03451670766508145,1.1651213086948287,False,0.3,True,4,0.001,0.7931294933840602,0.1668517577963038,"15to1_7,3,3_minerr"
10000.0,1.0,1.0207727030566827,10000.0,58004.20933292806,1914138907.9866261,55902.0,2102.2093329280597,71494.0,33000.0,B,11,21,11,0.03451670766508145,0.000981732058355132,False,0.3,True,0,0.001,0.18868423458013173,0.1668517577963038,cult_d1=5_att36
10000.0,107.88276489439147,1.0207727030566827,10000.0,12322.262502192667,19940396227.365414,11550.0,772.262502192667,71494.0,1618241.473415872,C,5,21,11,0.03451670766508145,1.1702612818235387,False,0.3,True,0,0.001,0.8276462010491417,0.1668517577963038,cult_d1=3_att2
100.0,1.0,0.9959904658886565,10000.0,71494.0,7864340000.0,55902.0,15592,71494.0,110000.0,B0,11,21,11,0.1414426853048052,0.0008725543787833135,False,1.0,True,4,0.001,0.0,0.4464198897749312,"15to1_15,7,7_minerr"
100.0,65.77398317442457,0.9959904658886565,10000.0,22652.0,74495613343.35327,11550.0,11102,71494.0,3288699.1587212286,A,5,21,11,0.1414426853048052,1.0465560919142758,False,1.0,True,7,0.001,0.6831622234033625,0.4464198897749312,"15to1_9,5,5_minerr"
100.0,1.0,0.9959904658886565,10000.0,58855.38769290279,6474092646.219307,55902.0,2953.387692902794,71494.0,110000.0,B,11,21,11,0.1414426853048052,0.0008397314661858881,False,1.0,True,0,0.001,0.17677864306231583,0.4464198897749312,cult_d1=5_att50
100.0,65.51026014524778,0.9959904658886565,10000.0,12539.696656818258,41073939506.5329,11550.0,989.696656818257,71494.0,3275513.007262389,C,5,21,11,0.1414426853048052,1.0455516934532003,False,1.0,True,0,0.001,0.8246049087081677,0.4464198897749312,cult_d1=3_att3
10000.0,1.0,1.070935938534293,10000.0,71494.0,7864340000.0,55902.0,15592,71494.0,110000.0,B0,11,21,11,0.03451670766508145,0.0008725543787833135,False,1.0,True,4,0.001,0.0,0.1668517577963038,"15to1_15,7,7_minerr"
10000.0,608.8973532095636,1.070935938534293,10000.0,14790.0,450279592698.4722,11550.0,3240,71494.0,30444867.66047818,A,5,21,11,0.03451670766508145,1.6029124259414507,False,1.0,True,4,0.001,0.7931294933840602,0.1668517577963038,"15to1_7,3,3_minerr"
10000.0,1.0,1.070935938534293,10000.0,58855.38769290279,6474092646.219307,55902.0,2953.387692902794,71494.0,110000.0,B,11,21,11,0.03451670766508145,0.0008397314661858881,False,1.0,True,0,0.001,0.17677864306231583,0.1668517577963038,cult_d1=5_att50
10000.0,652.0900584305308,1.070935938534293,10000.0,12322.262502192667,401761243752.55774,11550.0,772.262502192667,71494.0,32604502.92152654,C,5,21,11,0.03451670766508145,1.6200456697038177,False,1.0,True,0,0.001,0.8276462010491417,0.1668517577963038,cult_d1=3_att2
100.0,1.0,0.5436679320438444,100000.0,93670.0,12177100000.0,78078.0,15592,93670.0,130000.0,B0,13,21,13,0.029156334115067642,0.0008005381547196811,False,0.1,True,4,0.001,0.0,0.10473515173179881,"15to1_15,7,7_minerr"
100.0,80.9921272464494,0.5436679320438444,100000.0,26076.0,147836549705.489,22638.0,3438,93670.0,5669448.907251458,A,7,21,13,0.029156334115067642,1.0985879888651173,False,0.1,True,3,0.001,0.7216184477420733,0.10473515173179881,"15to1_9,3,3_minq"
100.0,1.0,0.5436679320438444,100000.0,80293.93523544812,10438211580.608255,78078.0,2215.9352354481307,93670.0,130000.0,B,13,21,13,0.029156334115067642,0.0009591969944219389,False,0.1,True,0,0.001,0.14279988005286515,0.10473515173179881,cult_d1=5_att45
100.0,44.03282233190905,0.5436679320438444,100000.0,23344.926183441614,71956009089.09114,22638.0,706.9261834416121,93670.0,3082297.5632336335,C,7,21,13,0.029156334115067642,0.9462338294789182,False,0.1,True,0,0.001,0.7507747818571409,0.10473515173179881,cult_d1=3_att3
10000.0,1.0,1.0709359385342931,100000.0,93670.0,12177100000.0,78078.0,15592,93670.0,130000.0,B0,13,21,13,0.020053207291611377,0.0008005381547196811,False,0.1,True,4,0.001,0.0,0.0749315432824812,"15to1_15,7,7_minerr"
10000.0,409.27129449342203,1.0709359385342931,100000.0,25068.0,718172896725.2772,22638.0,2430,93670.0,28648990.61453954,A,7,21,13,0.020053207291611377,1.5035945619671687,False,0.1,True,3,0.001,0.7323796306181274,0.0749315432824812,"15to1_7,3,3_minerr"
10000.0,1.0,1.0709359385342931,100000.0,80293.93523544812,10438211580.608255,78078.0,2215.9352354481307,93670.0,130000.0,B,13,21,13,0.020053207291611377,0.0009591969944219389,False,0.1,True,0,0.001,0.14279988005286515,0.0749315432824812,cult_d1=5_att45
10000.0,438.30333788345797,1.0709359385342931,100000.0,23189.616072994762,711486029032.0643,22638.0,551.6160729947621,93670.0,30681233.651842058,C,7,21,13,0.020053207291611377,1.5207278057295357,False,0.1,True,0,0.001,0.7524328379097388,0.0749315432824812,cult_d1=3_att2
100.0,1.0,0.9880195622986094,100000.0,115644.0,52039800000.0,103950.0,11694,115644.0,450000.0,B0,15,21,15,0.06245956397701901,0.0005484976484019155,False,0.3,True,3,0.001,0.0,0.2362952701046318,"15to1_15,7,7_minerr"
100.0,76.81725533741385,0.9880195622986094,100000.0,30568.0,493111470842.354,22638.0,7930,115644.0,16131623.62085691,A,7,21,15,0.06245956397701901,1.0853573234474212,False,0.3,True,5,0.001,0.7356715437030887,0.2362952701046318,"15to1_9,5,5_minerr"
100.0,1.0,0.9880195622986094,100000.0,80987.17787260559,31584999370.31618,78078.0,2909.177872605597,115644.0,390000.0,B,13,21,15,0.06245956397701901,0.0009357747529796352,False,0.3,True,0,0.001,0.29968543225238153,0.2362952701046318,cult_d1=5_att59
100.0,75.89695099545216,0.9880195622986094,100000.0,23344.926183441614,372079830892.79443,22638.0,706.9261834416121,115644.0,15938359.709044954,C,7,21,15,0.06245956397701901,1.0823441280641946,False,0.3,True,0,0.001,0.7981311076801079,0.2362952701046318,cult_d1=3_att3
10000.0,1.0,2.392055601639999,100000.0,115644.0,52039800000.0,103950.0,11694,115644.0,450000.0,B0,15,21,15,0.02442832450838636,0.0005484976484019155,False,0.3,True,3,0.001,0.0,0.10833675254823716,"15to1_15,7,7_minerr"
10000.0,472.3056902995282,2.392055601639999,100000.0,26076.0,2586327067852.6045,22638.0,3438,115644.0,99184194.96290092,A,7,21,15,0.02442832450838636,1.5394066062227918,False,0.3,True,3,0.001,0.7745148905260973,0.10833675254823716,"15to1_9,3,3_minq"
10000.0,1.0,2.392055601639999,100000.0,80987.17787260559,31584999370.31618,78078.0,2909.177872605597,115644.0,390000.0,B,13,21,15,0.02442832450838636,0.0009357747529796352,False,0.3,True,0,0.001,0.29968543225238153,0.10833675254823716,cult_d1=5_att59
10000.0,1129.781472167433,2.392055601639999,100000.0,23251.010840552168,5516397863932.195,22638.0,613.010840552167,115644.0,237254109.15516096,C,7,21,15,0.02442832450838636,1.7574448763855428,False,0.3,True,0,0.001,0.7989432150344837,0.10833675254823716,cult_d1=3_att2
100.0,,2.346194018316798,100000.0,,,,,287018.0,,B0,,21,17,0.031973800458690506,,,1.0,False,,0.001,nan,0.2783625412537136,
100.0,41.3077876212357,2.346194018316798,100000.0,32968.0,953284599607.829,22638.0,10330,287018.0,28915451.33486499,A,7,21,17,0.031973800458690506,0.9302627611122205,False,1.0,True,5,0.001,0.8851361238667959,0.2783625412537136,"15to1_11,5,5_minerr"
100.0,1.0,2.346194018316798,100000.0,82022.22122726346,106628887595.4425,78078.0,3944.2212272634642,287018.0,1300000.0,B,13,21,17,0.031973800458690506,0.0009070280036150736,False,1.0,True,0,0.001,0.7142262115014966,0.2783625412537136,cult_d1=5_att79
100.0,96.91608422684386,2.346194018316798,100000.0,23790.94373994757,1614007575135.8037,22638.0,1152.9437399475667,287018.0,67841258.9587907,C,7,21,17,0.031973800458690506,1.143461373253845,False,1.0,True,0,0.001,0.9171099243254863,0.2783625412537136,cult_d1=3_att4
10000.0,,0.9606204142237529,100000.0,,,,,287018.0,,B0,,21,17,0.025165926236537035,,,1.0,False,,0.001,nan,0.2362952701046318,
10000.0,531.1777074547251,0.9606204142237529,100000.0,30568.0,11365928113033.227,22638.0,7930,287018.0,371824395.2183076,A,7,21,17,0.025165926236537035,1.568774157723417,False,1.0,True,5,0.001,0.8934979687685093,0.2362952701046318,"15to1_9,5,5_minerr"
10000.0,1.0,0.9606204142237529,100000.0,82022.22122726346,106628887595.4425,78078.0,3944.2212272634642,287018.0,1300000.0,B,13,21,17,0.025165926236537035,0.0009070280036150736,False,1.0,True,0,0.001,0.7142262115014966,0.2362952701046318,cult_d1=5_att79
10000.0,510.26014936158145,0.9606204142237529,100000.0,23344.926183441614,8338389864838.608,22638.0,706.9261834416121,287018.0,357182104.553107,C,7,21,17,0.025165926236537035,1.5587301731126613,False,1.0,True,0,0.001,0.9186638950050463,0.2362952701046318,cult_d1=3_att3
100.0,,3.110082067584483,1000000.0,,,,,287018.0,,B0,,21,17,0.02635990095691658,,,0.1,False,,0.001,nan,0.16560359963341686,
100.0,28.908743180303883,3.110082067584483,1000000.0,45686.0,1188652356841.827,37422.0,8264,287018.0,26017868.862273496,A,9,21,17,0.02635990095691658,0.8410360203887992,False,0.1,True,4,0.001,0.8408253140917992,0.16560359963341686,"15to1_11,5,5_minerr"
100.0,1.0,3.110082067584483,1000000.0,107368.32506362833,161052487595.4425,103950.0,3418.3250636283356,287018.0,1500000.0,B,15,21,17,0.02635990095691658,0.0008423289384592873,False,0.1,True,0,0.001,0.6259177993588265,0.16560359963341686,cult_d1=5_att79
100.0,89.90856376146833,3.110082067584483,1000000.0,38120.23394714772,3084601935995.2983,37422.0,698.2339471477171,287018.0,80917707.3853215,C,9,21,17,0.02635990095691658,1.1246982989222514,False,0.1,True,0,0.001,0.8671852150487157,0.16560359963341686,cult_d1=3_att3
10000.0,,0.9606204142237529,1000000.0,,,,,287018.0,,B0,,21,17,0.020187474388330552,,,0.1,False,,0.001,nan,0.1323897208789896,
10000.0,371.7381349181024,0.9606204142237529,1000000.0,43766.0,14642542091543.102,37422.0,6344,287018.0,334564321.4262921,A,9,21,17,0.020187474388330552,1.4795474169999958,False,0.1,True,4,0.001,0.8475147900131699,0.1323897208789896,"15to1_9,5,5_minerr"
10000.0,1.0,0.9606204142237529,1000000.0,107368.32506362833,161052487595.4425,103950.0,3418.3250636283356,287018.0,1500000.0,B,15,21,17,0.020187474388330552,0.0008423289384592873,False,0.1,True,0,0.001,0.6259177993588265,0.1323897208789896,cult_d1=5_att79
10000.0,357.09924114779284,0.9606204142237529,1000000.0,37971.83147601014,12203740984567.588,37422.0,549.8314760101428,287018.0,321389317.0330136,C,9,21,17,0.020187474388330552,1.46950343238924,False,0.1,True,0,0.001,0.8677022644015004,0.1323897208789896,cult_d1=3_att3
100.0,,1.2194834243790071,1000000.0,,,,,287018.0,,B0,,21,17,0.023114305956212295,,,0.3,False,,0.001,nan,0.1452134541640796,
100.0,43.85184218353248,1.2194834243790071,1000000.0,45686.0,5409221207391.535,37422.0,8264,287018.0,118399973.8955377,A,9,21,17,0.023114305956212295,0.94520418224068,False,0.3,True,4,0.001,0.8408253140917992,0.1452134541640796,"15to1_11,5,5_minerr"
100.0,1.0,1.2194834243790071,1000000.0,109827.55571117206,494224000700.27423,103950.0,5877.5557111720545,287018.0,4500000.0,B,15,21,17,0.023114305956212295,0.0009820877517984895,False,0.3,True,0,0.001,0.6173495888370344,0.1452134541640796,cult_d1=5_att137
100.0,53.47659467130199,1.2194834243790071,1000000.0,39051.77813305986,5638561498121.191,37422.0,1629.7781330598589,287018.0,144386805.61251536,C,9,21,17,0.023114305956212295,0.9948110188497621,False,0.3,True,0,0.001,0.8639396200480114,0.1452134541640796,cult_d1=5_att23
10000.0,,77.58488435349064,1000000.0,,,,,287018.0,,B0,,21,17,0.026635567634891978,,,0.3,False,,0.001,nan,0.16733544962201607,
10000.0,43.85184218353248,77.58488435349064,1000000.0,45686.0,5409221207391.535,37422.0,8264,287018.0,118399973.8955377,A,9,21,17,0.026635567634891978,0.94520418224068,False,0.3,True,4,0.001,0.8408253140917992,0.16733544962201607,"15to1_11,5,5_minerr"
10000.0,1.0,77.58488435349064,1000000.0,109827.55571117206,494224000700.27423,103950.0,5877.5557111720545,287018.0,4500000.0,B,15,21,17,0.026635567634891978,0.0009820877517984895,False,0.3,True,0,0.001,0.6173495888370344,0.16733544962201607,cult_d1=5_att137
10000.0,3402.24010449689,77.58488435349064,1000000.0,38041.112648568575,349447497496138.56,37422.0,619.1126485685759,287018.0,9186048282.141603,C,9,21,17,0.026635567634891978,2.033047336979715,False,0.3,True,0,0.001,0.8674608817266911,0.16733544962201607,cult_d1=3_att3
100.0,,3.0832627144209703,1000000.0,,,,,287018.0,,B0,,21,17,0.06147146326263397,,,1.0,False,,0.001,nan,0.3100122371857372,
100.0,25.061006223188738,3.0832627144209703,1000000.0,56912.0,12836447875567.057,37422.0,19490,287018.0,225549056.00869864,A,9,21,17,0.06147146326263397,0.805328275305808,False,1.0,True,5,0.001,0.8017127845640343,0.3100122371857372,"15to1_15,7,7_minerr"
100.0,1.0,3.0832627144209703,1000000.0,139516.04354821763,2371772740319.6997,133518.0,5998.0435482176135,287018.0,17000000.0,B,17,21,17,0.06147146326263397,0.0009998071841219396,False,1.0,True,0,0.001,0.5139118677287918,0.3100122371857372,cult_d1=5_att158
100.0,77.26966607382974,3.0832627144209703,1000000.0,39268.583557285325,27308433047973.465,37422.0,1846.5835572853239,287018.0,695426994.6644677,C,9,21,17,0.06147146326263397,1.086825365096533,False,1.0,True,0,0.001,0.8631842478266682,0.3100122371857372,cult_d1=5_att26
10000.0,,1.937550387039403,1000000.0,,,,,287018.0,,B0,,21,17,0.023114305956212295,,,1.0,False,,0.001,nan,0.1452134541640796,
10000.0,188.51375874029128,1.937550387039403,1000000.0,45686.0,77511956236280.53,37422.0,8264,287018.0,1696623828.6626215,A,9,21,17,0.023114305956212295,1.309792748722263,False,1.0,True,4,0.001,0.8408253140917992,0.1452134541640796,"15to1_11,5,5_minerr"
10000.0,1.0,1.937550387039403,1000000.0,139516.04354821763,2371772740319.6997,133518.0,5998.0435482176135,287018.0,17000000.0,B,17,21,17,0.023114305956212295,0.0009998071841219396,False,1.0,True,0,0.001,0.5139118677287918,0.1452134541640796,cult_d1=5_att158
10000.0,365.25490620950404,1.937550387039403,1000000.0,39051.77813305986,128374682033746.25,37422.0,1629.7781330598589,287018.0,3287294155.885536,C,9,21,17,0.023114305956212295,1.4751488707525366,False,1.0,True,0,0.001,0.8639396200480114,0.1452134541640796,cult_d1=5_att23
100.0,,1.8863341808946943,100000000.0,,,,,320282.0,,B0,,21,19,0.041763398394389556,,,0.1,False,,0.001,nan,0.14279988005286515,
100.0,24.58539626458789,1.8863341808946943,100000000.0,93670.0,299378828853513.2,78078.0,15592,320282.0,3196101514.3964257,A,13,21,19,0.041763398394389556,0.8005381547196811,False,0.1,True,4,0.001,0.7075389812727534,0.14279988005286515,"15to1_15,7,7_minerr"
100.0,,1.8863341808946943,100000000.0,,,,,320282.0,,B,,21,19,0.041763398394389556,,,0.1,False,,0.001,nan,0.14279988005286515,
100.0,46.37627332473287,1.8863341808946943,100000000.0,80293.93523544812,484085353283680.4,78078.0,2215.9352354481307,320282.0,6028915532.215273,C,13,21,19,0.041763398394389556,0.959196994421939,False,0.1,True,0,0.001,0.749302379667143,0.14279988005286515,cult_d1=5_att45
10000.0,,151.35330066367297,100000000.0,,,,,320282.0,,B0,,21,19,0.043709365617616236,,,0.1,False,,0.001,nan,0.1494536461913245,
10000.0,24.58539626458789,151.35330066367297,100000000.0,93670.0,299378828853513.2,78078.0,15592,320282.0,3196101514.3964257,A,13,21,19,0.043709365617616236,0.8005381547196811,False,0.1,True,4,0.001,0.7075389812727534,0.1494536461913245,"15to1_15,7,7_minerr"
10000.0,,151.35330066367297,100000000.0,,,,,320282.0,,B,,21,19,0.043709365617616236,,,0.1,False,,0.001,nan,0.1494536461913245,
10000.0,3721.080872769713,151.35330066367297,100000000.0,79670.67696125864,3.853993418095004e+16,78078.0,1592.6769612586356,320282.0,483740513460.0627,C,13,21,19,0.043709365617616236,2.055442365564946,False,0.1,True,0,0.001,0.7512483468903697,0.1494536461913245,cult_d1=5_att32
100.0,,0.6744383886995143,100000000.0,,,,,320282.0,,B0,,21,19,0.040879536297596684,,,0.3,False,,0.001,nan,0.1397777265342891,
100.0,91.1274873806569,0.6744383886995143,100000000.0,93670.0,3329005579748991.5,78078.0,15592,320282.0,35539720078.45619,A,13,21,19,0.040879536297596684,1.1280648715786645,False,0.3,True,4,0.001,0.7075389812727534,0.1397777265342891,"15to1_15,7,7_minerr"
100.0,,0.6744383886995143,100000000.0,,,,,320282.0,,B,,21,19,0.040879536297596684,,,0.3,False,,0.001,nan,0.1397777265342891,
100.0,61.45987575524557,0.6744383886995143,100000000.0,80577.02035553314,1931378927313794.5,78078.0,2499.020355533133,320282.0,23969351544.545773,C,13,21,19,0.040879536297596684,1.0295961337863884,False,0.3,True,0,0.001,0.74841851757035,0.1397777265342891,cult_d1=5_att50
10000.0,,6.712061128222167,100000000.0,,,,,320282.0,,B0,,21,19,0.041763398394389556,,,0.3,False,,0.001,nan,0.14279988005286515,
10000.0,91.1274873806569,6.712061128222167,100000000.0,93670.0,3329005579748991.5,78078.0,15592,320282.0,35539720078.45619,A,13,21,19,0.041763398394389556,1.1280648715786645,False,0.3,True,4,0.001,0.7075389812727534,0.14279988005286515,"15to1_15,7,7_minerr"
10000.0,,6.712061128222167,100000000.0,,,,,320282.0,,B,,21,19,0.041763398394389556,,,0.3,False,,0.001,nan,0.14279988005286515,
10000.0,611.6532657602633,6.712061128222167,100000000.0,80293.93523544812,1.9153698605926916e+16,78078.0,2215.9352354481307,320282.0,238544773646.50266,C,13,21,19,0.041763398394389556,1.604041390685438,False,0.3,True,0,0.001,0.749302379667143,0.14279988005286515,cult_d1=5_att45
100.0,,nan,100000000.0,,,,,320282.0,,B0,,21,19,nan,,,1.0,False,,0.001,nan,nan,
100.0,,nan,100000000.0,,,,,320282.0,,A,,21,19,nan,,,1.0,False,,0.001,nan,nan,
100.0,,nan,100000000.0,,,,,320282.0,,B,,21,19,nan,,,1.0,False,,0.001,nan,nan,
100.0,37.641682535935054,nan,100000000.0,82022.22122726346,4013690736027550.0,78078.0,3944.2212272634642,320282.0,48934187296.71557,C,13,21,19,nan,0.9070280036150736,False,1.0,True,0,0.001,0.7439062412896651,nan,cult_d1=5_att79
10000.0,,0.269034271567978,100000000.0,,,,,320282.0,,B0,,21,19,0.040879536297596684,,,1.0,False,,0.001,nan,0.1397777265342891,
10000.0,8934.125259385088,0.269034271567978,100000000.0,93670.0,1.0879173669605815e+18,78078.0,15592,320282.0,11614362837200.613,A,13,21,19,0.040879536297596684,2.2744083805851067,False,1.0,True,4,0.001,0.7075389812727534,0.1397777265342891,"15to1_15,7,7_minerr"
10000.0,,0.269034271567978,100000000.0,,,,,320282.0,,B,,21,19,0.040879536297596684,,,1.0,False,,0.001,nan,0.1397777265342891,
10000.0,2403.5858812557394,0.269034271567978,100000000.0,80577.02035553314,2.517759250242805e+17,78078.0,2499.020355533133,320282.0,3124661645632.4614,C,13,21,19,0.040879536297596684,1.9461792546108527,False,1.0,True,0,0.001,0.74841851757035,0.1397777265342891,cult_d1=5_att50
100.0,,nan,10000000000.0,,,,,439898.0,,B0,,21,23,nan,,,0.1,False,,0.001,nan,nan,
100.0,,nan,10000000000.0,,,,,439898.0,,A,,21,23,nan,,,0.1,False,,0.001,nan,nan,
100.0,,nan,10000000000.0,,,,,439898.0,,B,,21,23,nan,,,0.1,False,,0.001,nan,nan,
100.0,53.42831810320173,nan,10000000000.0,172148.67054314207,1.747546646856231e+17,166782.0,5366.670543142075,439898.0,1015138043960.8329,C,19,21,23,nan,0.9945852267410134,False,0.1,True,0,0.001,0.608662302299301,nan,cult_d1=5_att158
10000.0,,nan,10000000000.0,,,,,439898.0,,B0,,21,23,nan,,,0.1,False,,0.001,nan,nan,
10000.0,,nan,10000000000.0,,,,,439898.0,,A,,21,23,nan,,,0.1,False,,0.001,nan,nan,
10000.0,,nan,10000000000.0,,,,,439898.0,,B,,21,23,nan,,,0.1,False,,0.001,nan,nan,
10000.0,5551.1188685630395,nan,10000000000.0,137967.1138585299,1.30198214326816e+19,133518.0,4449.113858529888,439898.0,94369020765571.67,C,17,21,23,nan,2.155438696090408,False,0.1,True,0,0.001,0.686365671454451,nan,cult_d1=5_att117
100.0,,nan,10000000000.0,,,,,439898.0,,B0,,21,23,nan,,,0.3,False,,0.001,nan,nan,
100.0,,nan,10000000000.0,,,,,439898.0,,A,,21,23,nan,,,0.3,False,,0.001,nan,nan,
100.0,,nan,10000000000.0,,,,,439898.0,,B,,21,23,nan,,,0.3,False,,0.001,nan,nan,
100.0,,nan,10000000000.0,,,,,439898.0,,C,,21,23,nan,,,0.3,False,,0.001,nan,nan,
10000.0,,nan,10000000000.0,,,,,439898.0,,B0,,21,23,nan,,,0.3,False,,0.001,nan,nan,
10000.0,,nan,10000000000.0,,,,,439898.0,,A,,21,23,nan,,,0.3,False,,0.001,nan,nan,
10000.0,,nan,10000000000.0,,,,,439898.0,,B,,21,23,nan,,,0.3,False,,0.001,nan,nan,
10000.0,,nan,10000000000.0,,,,,439898.0,,C,,21,23,nan,,,0.3,False,,0.001,nan,nan,
100.0,,nan,10000000000.0,,,,,439898.0,,B0,,21,23,nan,,,1.0,False,,0.001,nan,nan,
100.0,,nan,10000000000.0,,,,,439898.0,,A,,21,23,nan,,,1.0,False,,0.001,nan,nan,
100.0,,nan,10000000000.0,,,,,439898.0,,B,,21,23,nan,,,1.0,False,,0.001,nan,nan,
100.0,,nan,10000000000.0,,,,,439898.0,,C,,21,23,nan,,,1.0,False,,0.001,nan,nan,
10000.0,,nan,10000000000.0,,,,,439898.0,,B0,,21,23,nan,,,1.0,False,,0.001,nan,nan,
10000.0,,nan,10000000000.0,,,,,439898.0,,A,,21,23,nan,,,1.0,False,,0.001,nan,nan,
10000.0,,nan,10000000000.0,,,,,439898.0,,B,,21,23,nan,,,1.0,False,,0.001,nan,nan,
10000.0,,nan,10000000000.0,,,,,439898.0,,C,,21,23,nan,,,1.0,False,,0.001,nan,nan,
100.0,1.0,1.0068768350875883,10000.0,71494.0,786434000.0,55902.0,15592,71494.0,11000.0,B0,11,25,11,0.03451670766508145,0.000725167356196771,False,0.1,True,4,0.001,0.0,0.1668517577963038,"15to1_15,7,7_minerr"
100.0,64.0812961332837,1.0068768350875883,10000.0,14790.0,4738811849.05633,11550.0,3240,71494.0,320406.4806664185,A,5,25,11,0.03451670766508145,1.040038132338651,False,0.1,True,4,0.001,0.7931294933840602,0.1668517577963038,"15to1_7,3,3_minerr"
100.0,1.0,1.0068768350875883,10000.0,57587.180282487374,633458983.1073611,55902.0,1685.1802824873766,71494.0,11000.0,B,11,25,11,0.03451670766508145,0.0009148856410872238,False,0.1,True,0,0.001,0.1945172982000255,0.1668517577963038,cult_d1=5_att29
100.0,64.5219726389912,1.0068768350875883,10000.0,12322.262502192667,3975283420.084712,11550.0,772.262502192667,71494.0,322609.863194956,C,5,25,11,0.03451670766508145,1.0417514567148876,False,0.1,True,0,0.001,0.8276462010491417,0.1668517577963038,cult_d1=3_att2
10000.0,1.0,0.2909208606805295,10000.0,71494.0,786434000.0,55902.0,15592,71494.0,11000.0,B0,11,25,11,0.01950682151455368,0.000725167356196771,False,0.1,True,4,0.001,0.0,0.10225991328358275,"15to1_15,7,7_minerr"
10000.0,2255.8393098990136,0.2909208606805295,10000.0,13638.0,153825682542.01373,11550.0,2088,71494.0,11279196.549495067,A,5,25,11,0.01950682151455368,1.9303193455498702,False,0.1,True,4,0.001,0.8092427336559711,0.10225991328358275,"15to1_5,3,3_minerr"
10000.0,1.0,0.2909208606805295,10000.0,57587.180282487374,633458983.1073611,55902.0,1685.1802824873766,71494.0,11000.0,B,11,25,11,0.01950682151455368,0.0009148856410872238,False,0.1,True,0,0.001,0.1945172982000255,0.10225991328358275,cult_d1=5_att29
10000.0,656.2707135927928,0.2909208606805295,10000.0,12243.3793026385,40174856358.648994,11550.0,693.3793026384985,71494.0,3281353.5679639643,C,5,25,11,0.01950682151455368,1.6216433442444211,False,0.1,True,0,0.001,0.8287495551705248,0.10225991328358275,cult_d1=3_att2
100.0,1.0,1.0911315838590827,10000.0,71494.0,2359302000.0,55902.0,15592,71494.0,33000.0,B0,11,25,11,0.06814256893203578,0.0007579200278826693,False,0.3,True,4,0.001,0.0,0.28193199208489383,"15to1_15,7,7_minerr"
100.0,65.00585527918854,1.0911315838590827,10000.0,17280.0,16849517688.36567,11550.0,5730,71494.0,975087.8291878281,A,5,25,11,0.06814256893203578,1.0436193367642133,False,0.3,True,5,0.001,0.758301395921336,0.28193199208489383,"15to1_9,3,3_minq"
100.0,1.0,1.0911315838590827,10000.0,58004.20933292806,1914138907.9866261,55902.0,2102.2093329280597,71494.0,33000.0,B,11,25,11,0.06814256893203578,0.000981732058355132,False,0.3,True,0,0.001,0.18868423458013173,0.28193199208489383,cult_d1=5_att36
100.0,70.9299418308953,1.0911315838590827,10000.0,12408.215176773034,13201709710.706152,11550.0,858.2151767730338,71494.0,1063949.1274634295,C,5,25,11,0.06814256893203578,1.0654231637804883,False,0.3,True,0,0.001,0.8264439648533719,0.28193199208489383,cult_d1=3_att2
10000.0,1.0,1.0207727030566827,10000.0,71494.0,2359302000.0,55902.0,15592,71494.0,33000.0,B0,11,25,11,0.03451670766508145,0.0007579200278826693,False,0.3,True,4,0.001,0.0,0.1668517577963038,"15to1_15,7,7_minerr"
10000.0,105.68735289583937,1.0207727030566827,10000.0,14790.0,23446739239.941963,11550.0,3240,71494.0,1585310.2934375906,A,5,25,11,0.03451670766508145,1.1651213086948287,False,0.3,True,4,0.001,0.7931294933840602,0.1668517577963038,"15to1_7,3,3_minerr"
10000.0,1.0,1.0207727030566827,10000.0,58004.20933292806,1914138907.9866261,55902.0,2102.2093329280597,71494.0,33000.0,B,11,25,11,0.03451670766508145,0.000981732058355132,False,0.3,True,0,0.001,0.18868423458013173,0.1668517577963038,cult_d1=5_att36
10000.0,107.88276489439147,1.0207727030566827,10000.0,12322.262502192667,19940396227.365414,11550.0,772.262502192667,71494.0,1618241.473415872,C,5,25,11,0.03451670766508145,1.1702612818235387,False,0.3,True,0,0.001,0.8276462010491417,0.1668517577963038,cult_d1=3_att2
100.0,1.0,0.9959904658886565,10000.0,71494.0,7864340000.0,55902.0,15592,71494.0,110000.0,B0,11,25,11,0.1414426853048052,0.0008725543787833135,False,1.0,True,4,0.001,0.0,0.4464198897749312,"15to1_15,7,7_minerr"
100.0,65.77398317442457,0.9959904658886565,10000.0,22652.0,74495613343.35327,11550.0,11102,71494.0,3288699.1587212286,A,5,25,11,0.1414426853048052,1.0465560919142758,False,1.0,True,7,0.001,0.6831622234033625,0.4464198897749312,"15to1_9,5,5_minerr"
100.0,1.0,0.9959904658886565,10000.0,58855.38769290279,6474092646.219307,55902.0,2953.387692902794,71494.0,110000.0,B,11,25,11,0.1414426853048052,0.0008397314661858881,False,1.0,True,0,0.001,0.17677864306231583,0.4464198897749312,cult_d1=5_att50
100.0,65.51026014524778,0.9959904658886565,10000.0,12539.696656818258,41073939506.5329,11550.0,989.696656818257,71494.0,3275513.007262389,C,5,25,11,0.1414426853048052,1.0455516934532003,False,1.0,True,0,0.001,0.8246049087081677,0.4464198897749312,cult_d1=3_att3
10000.0,1.0,1.070935938534293,10000.0,71494.0,7864340000.0,55902.0,15592,71494.0,110000.0,B0,11,25,11,0.03451670766508145,0.0008725543787833135,False,1.0,True,4,0.001,0.0,0.1668517577963038,"15to1_15,7,7_minerr"
10000.0,608.8973532095636,1.070935938534293,10000.0,14790.0,450279592698.4722,11550.0,3240,71494.0,30444867.66047818,A,5,25,11,0.03451670766508145,1.6029124259414507,False,1.0,True,4,0.001,0.7931294933840602,0.1668517577963038,"15to1_7,3,3_minerr"
10000.0,1.0,1.070935938534293,10000.0,58855.38769290279,6474092646.219307,55902.0,2953.387692902794,71494.0,110000.0,B,11,25,11,0.03451670766508145,0.0008397314661858881,False,1.0,True,0,0.001,0.17677864306231583,0.1668517577963038,cult_d1=5_att50
10000.0,652.0900584305308,1.070935938534293,10000.0,12322.262502192667,401761243752.55774,11550.0,772.262502192667,71494.0,32604502.92152654,C,5,25,11,0.03451670766508145,1.6200456697038177,False,1.0,True,0,0.001,0.8276462010491417,0.1668517577963038,cult_d1=3_att2
100.0,1.0,0.5436679320438444,100000.0,93670.0,12177100000.0,78078.0,15592,93670.0,130000.0,B0,13,25,13,0.029156334115067642,0.0008005381547196811,False,0.1,True,4,0.001,0.0,0.10473515173179881,"15to1_15,7,7_minerr"
100.0,80.9921272464494,0.5436679320438444,100000.0,26076.0,147836549705.489,22638.0,3438,93670.0,5669448.907251458,A,7,25,13,0.029156334115067642,1.0985879888651173,False,0.1,True,3,0.001,0.7216184477420733,0.10473515173179881,"15to1_9,3,3_minq"
100.0,1.0,0.5436679320438444,100000.0,80293.93523544812,10438211580.608255,78078.0,2215.9352354481307,93670.0,130000.0,B,13,25,13,0.029156334115067642,0.0009591969944219389,False,0.1,True,0,0.001,0.14279988005286515,0.10473515173179881,cult_d1=5_att45
100.0,44.03282233190905,0.5436679320438444,100000.0,23344.926183441614,71956009089.09114,22638.0,706.9261834416121,93670.0,3082297.5632336335,C,7,25,13,0.029156334115067642,0.9462338294789182,False,0.1,True,0,0.001,0.7507747818571409,0.10473515173179881,cult_d1=3_att3
10000.0,1.0,1.0709359385342931,100000.0,93670.0,12177100000.0,78078.0,15592,93670.0,130000.0,B0,13,25,13,0.020053207291611377,0.0008005381547196811,False,0.1,True,4,0.001,0.0,0.0749315432824812,"15to1_15,7,7_minerr"
10000.0,409.27129449342203,1.0709359385342931,100000.0,25068.0,718172896725.2772,22638.0,2430,93670.0,28648990.61453954,A,7,25,13,0.020053207291611377,1.5035945619671687,False,0.1,True,3,0.001,0.7323796306181274,0.0749315432824812,"15to1_7,3,3_minerr"
10000.0,1.0,1.0709359385342931,100000.0,80293.93523544812,10438211580.608255,78078.0,2215.9352354481307,93670.0,130000.0,B,13,25,13,0.020053207291611377,0.0009591969944219389,False,0.1,True,0,0.001,0.14279988005286515,0.0749315432824812,cult_d1=5_att45
10000.0,438.30333788345797,1.0709359385342931,100000.0,23189.616072994762,711486029032.0643,22638.0,551.6160729947621,93670.0,30681233.651842058,C,7,25,13,0.020053207291611377,1.5207278057295357,False,0.1,True,0,0.001,0.7524328379097388,0.0749315432824812,cult_d1=3_att2
100.0,1.0,0.9880195622986094,100000.0,115644.0,52039800000.0,103950.0,11694,115644.0,450000.0,B0,15,25,15,0.06245956397701901,0.0005484976484019155,False,0.3,True,3,0.001,0.0,0.2362952701046318,"15to1_15,7,7_minerr"
100.0,76.81725533741385,0.9880195622986094,100000.0,30568.0,493111470842.354,22638.0,7930,115644.0,16131623.62085691,A,7,25,15,0.06245956397701901,1.0853573234474212,False,0.3,True,5,0.001,0.7356715437030887,0.2362952701046318,"15to1_9,5,5_minerr"
100.0,1.0,0.9880195622986094,100000.0,80987.17787260559,31584999370.31618,78078.0,2909.177872605597,115644.0,390000.0,B,13,25,15,0.06245956397701901,0.0009357747529796352,False,0.3,True,0,0.001,0.29968543225238153,0.2362952701046318,cult_d1=5_att59
100.0,75.89695099545216,0.9880195622986094,100000.0,23344.926183441614,372079830892.79443,22638.0,706.9261834416121,115644.0,15938359.709044954,C,7,25,15,0.06245956397701901,1.0823441280641946,False,0.3,True,0,0.001,0.7981311076801079,0.2362952701046318,cult_d1=3_att3
10000.0,1.0,2.392055601639999,100000.0,115644.0,52039800000.0,103950.0,11694,115644.0,450000.0,B0,15,25,15,0.02442832450838636,0.0005484976484019155,False,0.3,True,3,0.001,0.0,0.10833675254823716,"15to1_15,7,7_minerr"
10000.0,472.3056902995282,2.392055601639999,100000.0,26076.0,2586327067852.6045,22638.0,3438,115644.0,99184194.96290092,A,7,25,15,0.02442832450838636,1.5394066062227918,False,0.3,True,3,0.001,0.7745148905260973,0.10833675254823716,"15to1_9,3,3_minq"
10000.0,1.0,2.392055601639999,100000.0,80987.17787260559,31584999370.31618,78078.0,2909.177872605597,115644.0,390000.0,B,13,25,15,0.02442832450838636,0.0009357747529796352,False,0.3,True,0,0.001,0.29968543225238153,0.10833675254823716,cult_d1=5_att59
10000.0,1129.781472167433,2.392055601639999,100000.0,23251.010840552168,5516397863932.195,22638.0,613.010840552167,115644.0,237254109.15516096,C,7,25,15,0.02442832450838636,1.7574448763855428,False,0.3,True,0,0.001,0.7989432150344837,0.10833675254823716,cult_d1=3_att2
100.0,1.0,2.346194018316798,100000.0,287018.0,487930600000.0,133518.0,153500,287018.0,1700000.0,B0,17,25,17,0.031973800458690506,5.409503699889209e-06,False,1.0,True,5,0.001,0.0,0.2783625412537136,"Litinski_2lvl_11,5,5x25,11,11"
100.0,41.3077876212357,2.346194018316798,100000.0,32968.0,953284599607.829,22638.0,10330,287018.0,28915451.33486499,A,7,25,17,0.031973800458690506,0.9302627611122205,False,1.0,True,5,0.001,0.8851361238667959,0.2783625412537136,"15to1_11,5,5_minerr"
100.0,1.0,2.346194018316798,100000.0,82022.22122726346,106628887595.4425,78078.0,3944.2212272634642,287018.0,1300000.0,B,13,25,17,0.031973800458690506,0.0009070280036150736,False,1.0,True,0,0.001,0.7142262115014966,0.2783625412537136,cult_d1=5_att79
100.0,96.91608422684386,2.346194018316798,100000.0,23790.94373994757,1614007575135.8037,22638.0,1152.9437399475667,287018.0,67841258.9587907,C,7,25,17,0.031973800458690506,1.143461373253845,False,1.0,True,0,0.001,0.9171099243254863,0.2783625412537136,cult_d1=3_att4
10000.0,1.0,0.9606204142237529,100000.0,287018.0,487930600000.0,133518.0,153500,287018.0,1700000.0,B0,17,25,17,0.025165926236537035,5.409503699889209e-06,False,1.0,True,5,0.001,0.0,0.2362952701046318,"Litinski_2lvl_11,5,5x25,11,11"
10000.0,531.1777074547251,0.9606204142237529,100000.0,30568.0,11365928113033.227,22638.0,7930,287018.0,371824395.2183076,A,7,25,17,0.025165926236537035,1.568774157723417,False,1.0,True,5,0.001,0.8934979687685093,0.2362952701046318,"15to1_9,5,5_minerr"
10000.0,1.0,0.9606204142237529,100000.0,82022.22122726346,106628887595.4425,78078.0,3944.2212272634642,287018.0,1300000.0,B,13,25,17,0.025165926236537035,0.0009070280036150736,False,1.0,True,0,0.001,0.7142262115014966,0.2362952701046318,cult_d1=5_att79
10000.0,510.26014936158145,0.9606204142237529,100000.0,23344.926183441614,8338389864838.608,22638.0,706.9261834416121,287018.0,357182104.553107,C,7,25,17,0.025165926236537035,1.5587301731126613,False,1.0,True,0,0.001,0.9186638950050463,0.2362952701046318,cult_d1=3_att3
100.0,1.0,3.110082067584483,1000000.0,287018.0,487930600000.0,133518.0,153500,287018.0,1700000.0,B0,17,25,17,0.02635990095691658,5.1665036998892097e-05,False,0.1,True,5,0.001,0.0,0.16560359963341686,"Litinski_2lvl_11,5,5x25,11,11"
100.0,28.908743180303883,3.110082067584483,1000000.0,45686.0,1188652356841.827,37422.0,8264,287018.0,26017868.862273496,A,9,25,17,0.02635990095691658,0.8410360203887992,False,0.1,True,4,0.001,0.8408253140917992,0.16560359963341686,"15to1_11,5,5_minerr"
100.0,1.0,3.110082067584483,1000000.0,107368.32506362833,161052487595.4425,103950.0,3418.3250636283356,287018.0,1500000.0,B,15,25,17,0.02635990095691658,0.0008423289384592873,False,0.1,True,0,0.001,0.6259177993588265,0.16560359963341686,cult_d1=5_att79
100.0,89.90856376146833,3.110082067584483,1000000.0,38120.23394714772,3084601935995.2983,37422.0,698.2339471477171,287018.0,80917707.3853215,C,9,25,17,0.02635990095691658,1.1246982989222514,False,0.1,True,0,0.001,0.8671852150487157,0.16560359963341686,cult_d1=3_att3
10000.0,1.0,0.9606204142237529,1000000.0,287018.0,487930600000.0,133518.0,153500,287018.0,1700000.0,B0,17,25,17,0.020187474388330552,5.1665036998892097e-05,False,0.1,True,5,0.001,0.0,0.1323897208789896,"Litinski_2lvl_11,5,5x25,11,11"
10000.0,371.7381349181024,0.9606204142237529,1000000.0,43766.0,14642542091543.102,37422.0,6344,287018.0,334564321.4262921,A,9,25,17,0.020187474388330552,1.4795474169999958,False,0.1,True,4,0.001,0.8475147900131699,0.1323897208789896,"15to1_9,5,5_minerr"
10000.0,1.0,0.9606204142237529,1000000.0,107368.32506362833,161052487595.4425,103950.0,3418.3250636283356,287018.0,1500000.0,B,15,25,17,0.020187474388330552,0.0008423289384592873,False,0.1,True,0,0.001,0.6259177993588265,0.1323897208789896,cult_d1=5_att79
10000.0,357.09924114779284,0.9606204142237529,1000000.0,37971.83147601014,12203740984567.588,37422.0,549.8314760101428,287018.0,321389317.0330136,C,9,25,17,0.020187474388330552,1.46950343238924,False,0.1,True,0,0.001,0.8677022644015004,0.1323897208789896,cult_d1=3_att3
100.0,1.0,1.2194834243790071,1000000.0,287018.0,1463791800000.0,133518.0,153500,287018.0,5100000.0,B0,17,25,17,0.023114305956212295,5.2205036998892095e-05,False,0.3,True,5,0.001,0.0,0.1452134541640796,"Litinski_2lvl_11,5,5x25,11,11"
100.0,43.85184218353248,1.2194834243790071,1000000.0,45686.0,5409221207391.535,37422.0,8264,287018.0,118399973.8955377,A,9,25,17,0.023114305956212295,0.94520418224068,False,0.3,True,4,0.001,0.8408253140917992,0.1452134541640796,"15to1_11,5,5_minerr"
100.0,1.0,1.2194834243790071,1000000.0,109827.55571117206,494224000700.27423,103950.0,5877.5557111720545,287018.0,4500000.0,B,15,25,17,0.023114305956212295,0.0009820877517984895,False,0.3,True,0,0.001,0.6173495888370344,0.1452134541640796,cult_d1=5_att137
100.0,53.47659467130199,1.2194834243790071,1000000.0,39051.77813305986,5638561498121.191,37422.0,1629.7781330598589,287018.0,144386805.61251536,C,9,25,17,0.023114305956212295,0.9948110188497621,False,0.3,True,0,0.001,0.8639396200480114,0.1452134541640796,cult_d1=5_att23
10000.0,1.0,77.58488435349064,1000000.0,287018.0,1463791800000.0,133518.0,153500,287018.0,5100000.0,B0,17,25,17,0.026635567634891978,5.2205036998892095e-05,False,0.3,True,5,0.001,0.0,0.16733544962201607,"Litinski_2lvl_11,5,5x25,11,11"
10000.0,43.85184218353248,77.58488435349064,1000000.0,45686.0,5409221207391.535,37422.0,8264,287018.0,118399973.8955377,A,9,25,17,0.026635567634891978,0.94520418224068,False,0.3,True,4,0.001,0.8408253140917992,0.16733544962201607,"15to1_11,5,5_minerr"
10000.0,1.0,77.58488435349064,1000000.0,109827.55571117206,494224000700.27423,103950.0,5877.5557111720545,287018.0,4500000.0,B,15,25,17,0.026635567634891978,0.0009820877517984895,False,0.3,True,0,0.001,0.6173495888370344,0.16733544962201607,cult_d1=5_att137
10000.0,3402.24010449689,77.58488435349064,1000000.0,38041.112648568575,349447497496138.56,37422.0,619.1126485685759,287018.0,9186048282.141603,C,9,25,17,0.026635567634891978,2.033047336979715,False,0.3,True,0,0.001,0.8674608817266911,0.16733544962201607,cult_d1=3_att3
100.0,1.0,3.0832627144209703,1000000.0,287018.0,4879306000000.0,133518.0,153500,287018.0,17000000.0,B0,17,25,17,0.06147146326263397,5.409503699889209e-05,False,1.0,True,5,0.001,0.0,0.3100122371857372,"Litinski_2lvl_11,5,5x25,11,11"
100.0,25.061006223188738,3.0832627144209703,1000000.0,56912.0,12836447875567.057,37422.0,19490,287018.0,225549056.00869864,A,9,25,17,0.06147146326263397,0.805328275305808,False,1.0,True,5,0.001,0.8017127845640343,0.3100122371857372,"15to1_15,7,7_minerr"
100.0,1.0,3.0832627144209703,1000000.0,139516.04354821763,2371772740319.6997,133518.0,5998.0435482176135,287018.0,17000000.0,B,17,25,17,0.06147146326263397,0.0009998071841219396,False,1.0,True,0,0.001,0.5139118677287918,0.3100122371857372,cult_d1=5_att158
100.0,77.26966607382974,3.0832627144209703,1000000.0,39268.583557285325,27308433047973.465,37422.0,1846.5835572853239,287018.0,695426994.6644677,C,9,25,17,0.06147146326263397,1.086825365096533,False,1.0,True,0,0.001,0.8631842478266682,0.3100122371857372,cult_d1=5_att26
10000.0,1.0,1.937550387039403,1000000.0,287018.0,4879306000000.0,133518.0,153500,287018.0,17000000.0,B0,17,25,17,0.023114305956212295,5.409503699889209e-05,False,1.0,True,5,0.001,0.0,0.1452134541640796,"Litinski_2lvl_11,5,5x25,11,11"
10000.0,188.51375874029128,1.937550387039403,1000000.0,45686.0,77511956236280.53,37422.0,8264,287018.0,1696623828.6626215,A,9,25,17,0.023114305956212295,1.309792748722263,False,1.0,True,4,0.001,0.8408253140917992,0.1452134541640796,"15to1_11,5,5_minerr"
10000.0,1.0,1.937550387039403,1000000.0,139516.04354821763,2371772740319.6997,133518.0,5998.0435482176135,287018.0,17000000.0,B,17,25,17,0.023114305956212295,0.0009998071841219396,False,1.0,True,0,0.001,0.5139118677287918,0.1452134541640796,cult_d1=5_att158
10000.0,365.25490620950404,1.937550387039403,1000000.0,39051.77813305986,128374682033746.25,37422.0,1629.7781330598589,287018.0,3287294155.885536,C,9,25,17,0.023114305956212295,1.4751488707525366,False,1.0,True,0,0.001,0.8639396200480114,0.1452134541640796,cult_d1=5_att23
100.0,1.0,1.8863341808946943,100000000.0,320282.0,60853580000000.0,166782.0,153500,320282.0,190000000.0,B0,19,25,19,0.041763398394389556,0.0004887307961796583,False,0.1,True,5,0.001,0.0,0.14279988005286515,"Litinski_2lvl_11,5,5x25,11,11"
100.0,24.58539626458789,1.8863341808946943,100000000.0,93670.0,299378828853513.2,78078.0,15592,320282.0,3196101514.3964257,A,13,25,19,0.041763398394389556,0.8005381547196811,False,0.1,True,4,0.001,0.7075389812727534,0.14279988005286515,"15to1_15,7,7_minerr"
100.0,,1.8863341808946943,100000000.0,,,,,320282.0,,B,,25,19,0.041763398394389556,,,0.1,False,,0.001,nan,0.14279988005286515,
100.0,46.37627332473287,1.8863341808946943,100000000.0,80293.93523544812,484085353283680.4,78078.0,2215.9352354481307,320282.0,6028915532.215273,C,13,25,19,0.041763398394389556,0.959196994421939,False,0.1,True,0,0.001,0.749302379667143,0.14279988005286515,cult_d1=5_att45
10000.0,1.0,151.35330066367297,100000000.0,320282.0,60853580000000.0,166782.0,153500,320282.0,190000000.0,B0,19,25,19,0.043709365617616236,0.0004887307961796583,False,0.1,True,5,0.001,0.0,0.1494536461913245,"Litinski_2lvl_11,5,5x25,11,11"
10000.0,24.58539626458789,151.35330066367297,100000000.0,93670.0,299378828853513.2,78078.0,15592,320282.0,3196101514.3964257,A,13,25,19,0.043709365617616236,0.8005381547196811,False,0.1,True,4,0.001,0.7075389812727534,0.1494536461913245,"15to1_15,7,7_minerr"
10000.0,,151.35330066367297,100000000.0,,,,,320282.0,,B,,25,19,0.043709365617616236,,,0.1,False,,0.001,nan,0.1494536461913245,
10000.0,3721.080872769713,151.35330066367297,100000000.0,79670.67696125864,3.853993418095004e+16,78078.0,1592.6769612586356,320282.0,483740513460.0627,C,13,25,19,0.043709365617616236,2.055442365564946,False,0.1,True,0,0.001,0.7512483468903697,0.1494536461913245,cult_d1=5_att32
100.0,1.0,0.6744383886995143,100000000.0,320282.0,182560740000000.0,166782.0,153500,320282.0,570000000.0,B0,19,25,19,0.040879536297596684,0.0005427307961796583,False,0.3,True,5,0.001,0.0,0.1397777265342891,"Litinski_2lvl_11,5,5x25,11,11"
100.0,91.1274873806569,0.6744383886995143,100000000.0,93670.0,3329005579748991.5,78078.0,15592,320282.0,35539720078.45619,A,13,25,19,0.040879536297596684,1.1280648715786645,False,0.3,True,4,0.001,0.7075389812727534,0.1397777265342891,"15to1_15,7,7_minerr"
100.0,,0.6744383886995143,100000000.0,,,,,320282.0,,B,,25,19,0.040879536297596684,,,0.3,False,,0.001,nan,0.1397777265342891,
100.0,61.45987575524557,0.6744383886995143,100000000.0,80577.02035553314,1931378927313794.5,78078.0,2499.020355533133,320282.0,23969351544.545773,C,13,25,19,0.040879536297596684,1.0295961337863884,False,0.3,True,0,0.001,0.74841851757035,0.1397777265342891,cult_d1=5_att50
10000.0,1.0,6.712061128222167,100000000.0,320282.0,182560740000000.0,166782.0,153500,320282.0,570000000.0,B0,19,25,19,0.041763398394389556,0.0005427307961796583,False,0.3,True,5,0.001,0.0,0.14279988005286515,"Litinski_2lvl_11,5,5x25,11,11"
10000.0,91.1274873806569,6.712061128222167,100000000.0,93670.0,3329005579748991.5,78078.0,15592,320282.0,35539720078.45619,A,13,25,19,0.041763398394389556,1.1280648715786645,False,0.3,True,4,0.001,0.7075389812727534,0.14279988005286515,"15to1_15,7,7_minerr"
10000.0,,6.712061128222167,100000000.0,,,,,320282.0,,B,,25,19,0.041763398394389556,,,0.3,False,,0.001,nan,0.14279988005286515,
10000.0,611.6532657602633,6.712061128222167,100000000.0,80293.93523544812,1.9153698605926916e+16,78078.0,2215.9352354481307,320282.0,238544773646.50266,C,13,25,19,0.041763398394389556,1.604041390685438,False,0.3,True,0,0.001,0.749302379667143,0.14279988005286515,cult_d1=5_att45
100.0,1.0,36.835940023733194,100000000.0,320282.0,608535800000000.0,166782.0,153500,320282.0,1900000000.0,B0,19,25,19,0.6400477665705114,0.0007317307961796583,False,1.0,True,5,0.001,0.0,0.7142262115014966,"Litinski_2lvl_11,5,5x25,11,11"
100.0,1.0218738143151151,36.835940023733194,100000000.0,287018.0,498603503343062.75,133518.0,153500,320282.0,1737185484.3356957,A,17,25,19,0.6400477665705114,0.0054095036998892095,False,1.0,True,5,0.001,0.10385847471915377,0.7142262115014966,"Litinski_2lvl_11,5,5x25,11,11"
100.0,,36.835940023733194,100000000.0,,,,,320282.0,,B,,25,19,0.6400477665705114,,,1.0,False,,0.001,nan,0.7142262115014966,
100.0,37.641682535935054,36.835940023733194,100000000.0,82022.22122726346,4013690736027550.0,78078.0,3944.2212272634642,320282.0,48934187296.71557,C,13,25,19,0.6400477665705114,0.9070280036150736,False,1.0,True,0,0.001,0.7439062412896651,0.7142262115014966,cult_d1=5_att79
10000.0,1.0,0.269034271567978,100000000.0,320282.0,608535800000000.0,166782.0,153500,320282.0,1900000000.0,B0,19,25,19,0.040879536297596684,0.0007317307961796583,False,1.0,True,5,0.001,0.0,0.1397777265342891,"Litinski_2lvl_11,5,5x25,11,11"
10000.0,8934.125259385088,0.269034271567978,100000000.0,93670.0,1.0879173669605815e+18,78078.0,15592,320282.0,11614362837200.613,A,13,25,19,0.040879536297596684,2.2744083805851067,False,1.0,True,4,0.001,0.7075389812727534,0.1397777265342891,"15to1_15,7,7_minerr"
10000.0,,0.269034271567978,100000000.0,,,,,320282.0,,B,,25,19,0.040879536297596684,,,1.0,False,,0.001,nan,0.1397777265342891,
10000.0,2403.5858812557394,0.269034271567978,100000000.0,80577.02035553314,2.517759250242805e+17,78078.0,2499.020355533133,320282.0,3124661645632.4614,C,13,25,19,0.040879536297596684,1.9461792546108527,False,1.0,True,0,0.001,0.74841851757035,0.1397777265342891,cult_d1=5_att50
100.0,,6.764845525597395,10000000000.0,,,,,439898.0,,B0,,25,23,0.2611271918873419,,,0.1,False,,0.001,nan,0.40021646536753075,
100.0,7.897936161444506,6.764845525597395,10000000000.0,287018.0,3.853644730015315e+16,133518.0,153500,439898.0,134264914744.55661,A,17,25,23,0.2611271918873419,0.516650369988921,False,0.1,True,5,0.001,0.34753511041195917,0.40021646536753075,"Litinski_2lvl_11,5,5x25,11,11"
100.0,,6.764845525597395,10000000000.0,,,,,439898.0,,B,,25,23,0.2611271918873419,,,0.1,False,,0.001,nan,0.40021646536753075,
100.0,53.42831810320173,6.764845525597395,10000000000.0,172148.67054314207,1.747546646856231e+17,166782.0,5366.670543142075,439898.0,1015138043960.8329,C,19,25,23,0.2611271918873419,0.9945852267410134,False,0.1,True,0,0.001,0.608662302299301,0.40021646536753075,cult_d1=5_att158
10000.0,,702.8568926224086,10000000000.0,,,,,439898.0,,B0,,25,23,0.33883056104249193,,,0.1,False,,0.001,nan,0.5193084968241368,
10000.0,7.897936161444506,702.8568926224086,10000000000.0,287018.0,3.853644730015315e+16,133518.0,153500,439898.0,134264914744.55661,A,17,25,23,0.33883056104249193,0.516650369988921,False,0.1,True,5,0.001,0.34753511041195917,0.5193084968241368,"Litinski_2lvl_11,5,5x25,11,11"
10000.0,,702.8568926224086,10000000000.0,,,,,439898.0,,B,,25,23,0.33883056104249193,,,0.1,False,,0.001,nan,0.5193084968241368,
10000.0,5551.1188685630395,702.8568926224086,10000000000.0,137967.1138585299,1.30198214326816e+19,133518.0,4449.113858529888,439898.0,94369020765571.67,C,17,25,23,0.33883056104249193,2.155438696090408,False,0.1,True,0,0.001,0.686365671454451,0.5193084968241368,cult_d1=5_att117
100.0,,nan,10000000000.0,,,,,439898.0,,B0,,25,23,nan,,,0.3,False,,0.001,nan,nan,
100.0,8.070387350523667,nan,10000000000.0,287018.0,1.181336682652027e+17,133518.0,153500,439898.0,411589754876.70703,A,17,25,23,nan,0.522050369988921,False,0.3,True,5,0.001,0.34753511041195917,nan,"Litinski_2lvl_11,5,5x25,11,11"
100.0,,nan,10000000000.0,,,,,439898.0,,B,,25,23,nan,,,0.3,False,,0.001,nan,nan,
100.0,,nan,10000000000.0,,,,,439898.0,,C,,25,23,nan,,,0.3,False,,0.001,nan,nan,
10000.0,,nan,10000000000.0,,,,,439898.0,,B0,,25,23,nan,,,0.3,False,,0.001,nan,nan,
10000.0,8.070387350523667,nan,10000000000.0,287018.0,1.181336682652027e+17,133518.0,153500,439898.0,411589754876.70703,A,17,25,23,nan,0.522050369988921,False,0.3,True,5,0.001,0.34753511041195917,nan,"Litinski_2lvl_11,5,5x25,11,11"
10000.0,,nan,10000000000.0,,,,,439898.0,,B,,25,23,nan,,,0.3,False,,0.001,nan,nan,
10000.0,,nan,10000000000.0,,,,,439898.0,,C,,25,23,nan,,,0.3,False,,0.001,nan,nan,
100.0,,nan,10000000000.0,,,,,439898.0,,B0,,25,23,nan,,,1.0,False,,0.001,nan,nan,
100.0,8.704163548322132,nan,10000000000.0,287018.0,4.247027742630947e+17,133518.0,153500,439898.0,1479707803214.7625,A,17,25,23,nan,0.540950369988921,False,1.0,True,5,0.001,0.34753511041195917,nan,"Litinski_2lvl_11,5,5x25,11,11"
100.0,,nan,10000000000.0,,,,,439898.0,,B,,25,23,nan,,,1.0,False,,0.001,nan,nan,
100.0,,nan,10000000000.0,,,,,439898.0,,C,,25,23,nan,,,1.0,False,,0.001,nan,nan,
10000.0,,nan,10000000000.0,,,,,439898.0,,B0,,25,23,nan,,,1.0,False,,0.001,nan,nan,
10000.0,8.704163548322132,nan,10000000000.0,287018.0,4.247027742630947e+17,133518.0,153500,439898.0,1479707803214.7625,A,17,25,23,nan,0.540950369988921,False,1.0,True,5,0.001,0.34753511041195917,nan,"Litinski_2lvl_11,5,5x25,11,11"
10000.0,,nan,10000000000.0,,,,,439898.0,,B,,25,23,nan,,,1.0,False,,0.001,nan,nan,
10000.0,,nan,10000000000.0,,,,,439898.0,,C,,25,23,nan,,,1.0,False,,0.001,nan,nan,
100.0,,nan,10000.0,,,,,40860.0,,B0,,7,9,nan,,,0.1,False,,0.0005,nan,nan,
100.0,2.7991634195476705,nan,10000.0,13638.0,190874953.57895565,11550.0,2088,40860.0,13995.817097738352,A,5,7,9,nan,0.2573301484512313,False,0.1,True,4,0.0005,0.6662261380323055,nan,"15to1_5,3,3_minerr"
100.0,,nan,10000.0,,,,,40860.0,,B,,7,9,nan,,,0.1,False,,0.0005,nan,nan,
100.0,,nan,10000.0,,,,,40860.0,,C,,7,9,nan,,,0.1,False,,0.0005,nan,nan,
10000.0,,nan,10000.0,,,,,40860.0,,B0,,7,9,nan,,,0.1,False,,0.0005,nan,nan,
10000.0,2.7991634195476705,nan,10000.0,13638.0,190874953.57895565,11550.0,2088,40860.0,13995.817097738352,A,5,7,9,nan,0.2573301484512313,False,0.1,True,4,0.0005,0.6662261380323055,nan,"15to1_5,3,3_minerr"
10000.0,,nan,10000.0,,,,,40860.0,,B,,7,9,nan,,,0.1,False,,0.0005,nan,nan,
10000.0,,nan,10000.0,,,,,40860.0,,C,,7,9,nan,,,0.1,False,,0.0005,nan,nan,
100.0,,nan,10000.0,,,,,43766.0,,B0,,7,9,nan,,,0.3,False,,0.0005,nan,nan,
100.0,7.720618251810976,nan,10000.0,13638.0,1579406875.7729714,11550.0,2088,43766.0,115809.27377716464,A,5,7,9,nan,0.5109736113153929,False,0.3,True,4,0.0005,0.6883882465841065,nan,"15to1_5,3,3_minerr"
100.0,,nan,10000.0,,,,,43766.0,,B,,7,9,nan,,,0.3,False,,0.0005,nan,nan,
100.0,,nan,10000.0,,,,,43766.0,,C,,7,9,nan,,,0.3,False,,0.0005,nan,nan,
10000.0,,nan,10000.0,,,,,43766.0,,B0,,7,9,nan,,,0.3,False,,0.0005,nan,nan,
10000.0,7.720618251810976,nan,10000.0,13638.0,1579406875.7729714,11550.0,2088,43766.0,115809.27377716464,A,5,7,9,nan,0.5109736113153929,False,0.3,True,4,0.0005,0.6883882465841065,nan,"15to1_5,3,3_minerr"
10000.0,,nan,10000.0,,,,,43766.0,,B,,7,9,nan,,,0.3,False,,0.0005,nan,nan,
10000.0,,nan,10000.0,,,,,43766.0,,C,,7,9,nan,,,0.3,False,,0.0005,nan,nan,
100.0,,nan,10000.0,,,,,45686.0,,B0,,7,9,nan,,,1.0,False,,0.0005,nan,nan,
100.0,1.9678636013016442,nan,10000.0,14790.0,1455235133.162566,11550.0,3240,45686.0,98393.18006508221,A,5,7,9,nan,0.16923712198661173,False,1.0,True,4,0.0005,0.6762684410979294,nan,"15to1_7,3,3_minerr"
100.0,,nan,10000.0,,,,,45686.0,,B,,7,9,nan,,,1.0,False,,0.0005,nan,nan,
100.0,,nan,10000.0,,,,,45686.0,,C,,7,9,nan,,,1.0,False,,0.0005,nan,nan,
10000.0,,nan,10000.0,,,,,45686.0,,B0,,7,9,nan,,,1.0,False,,0.0005,nan,nan,
10000.0,269.0515307439904,nan,10000.0,13638.0,183466238814.32706,11550.0,2088,45686.0,13452576.53719952,A,5,7,9,nan,1.3987257313399581,False,1.0,True,4,0.0005,0.701484043251762,nan,"15to1_5,3,3_minerr"
10000.0,,nan,10000.0,,,,,45686.0,,B,,7,9,nan,,,1.0,False,,0.0005,nan,nan,
10000.0,,nan,10000.0,,,,,45686.0,,C,,7,9,nan,,,1.0,False,,0.0005,nan,nan,
100.0,,nan,100000.0,,,,,62100.0,,B0,,7,11,nan,,,0.1,False,,0.0005,nan,nan,
100.0,1.4838173791023659,nan,100000.0,25068.0,2603743384.1536674,22638.0,2430,62100.0,103867.21653716562,A,7,7,11,nan,0.09865451931715785,False,0.1,True,3,0.0005,0.596328502415459,nan,"15to1_7,3,3_minerr"
100.0,,nan,100000.0,,,,,62100.0,,B,,7,11,nan,,,0.1,False,,0.0005,nan,nan,
100.0,,nan,100000.0,,,,,62100.0,,C,,7,11,nan,,,0.1,False,,0.0005,nan,nan,
10000.0,,nan,100000.0,,,,,62100.0,,B0,,7,11,nan,,,0.1,False,,0.0005,nan,nan,
10000.0,215.99418815575768,nan,100000.0,14790.0,159727702141.1828,11550.0,3240,62100.0,10799709.407787884,A,5,7,11,nan,1.3438128751589666,False,0.1,True,4,0.0005,0.7618357487922706,nan,"15to1_7,3,3_minerr"
10000.0,,nan,100000.0,,,,,62100.0,,B,,7,11,nan,,,0.1,False,,0.0005,nan,nan,
10000.0,,nan,100000.0,,,,,62100.0,,C,,7,11,nan,,,0.1,False,,0.0005,nan,nan,
100.0,,nan,100000.0,,,,,62100.0,,B0,,7,11,nan,,,0.3,False,,0.0005,nan,nan,
100.0,2.022729257417004,nan,100000.0,25068.0,10648213175.235188,22638.0,2430,62100.0,424773.1440575709,A,7,7,11,nan,0.1761119292520802,False,0.3,True,3,0.0005,0.596328502415459,nan,"15to1_7,3,3_minerr"
100.0,,nan,100000.0,,,,,62100.0,,B,,7,11,nan,,,0.3,False,,0.0005,nan,nan,
100.0,,nan,100000.0,,,,,62100.0,,C,,7,11,nan,,,0.3,False,,0.0005,nan,nan,
10000.0,,nan,100000.0,,,,,62100.0,,B0,,7,11,nan,,,0.3,False,,0.0005,nan,nan,
10000.0,294.44173519451925,nan,100000.0,14790.0,653218989529.041,11550.0,3240,62100.0,44166260.27917789,A,5,7,11,nan,1.421270285093889,False,0.3,True,4,0.0005,0.7618357487922706,nan,"15to1_7,3,3_minerr"
10000.0,,nan,100000.0,,,,,62100.0,,B,,7,11,nan,,,0.3,False,,0.0005,nan,nan,
10000.0,,nan,100000.0,,,,,62100.0,,C,,7,11,nan,,,0.3,False,,0.0005,nan,nan,
100.0,,nan,100000.0,,,,,71494.0,,B0,,7,11,nan,,,1.0,False,,0.0005,nan,nan,
100.0,5.982577266262315,nan,100000.0,25068.0,104979872837.4646,22638.0,2430,71494.0,4187804.0863836207,A,7,7,11,nan,0.4472128640243084,False,1.0,True,3,0.0005,0.6493691778331049,nan,"15to1_7,3,3_minerr"
100.0,,nan,100000.0,,,,,71494.0,,B,,7,11,nan,,,1.0,False,,0.0005,nan,nan,
100.0,,nan,100000.0,,,,,71494.0,,C,,7,11,nan,,,1.0,False,,0.0005,nan,nan,
10000.0,,nan,100000.0,,,,,71494.0,,B0,,7,11,nan,,,1.0,False,,0.0005,nan,nan,
10000.0,870.8631789224206,nan,100000.0,14790.0,6440033208131.301,11550.0,3240,71494.0,435431589.4612103,A,5,7,11,nan,1.6923712198661172,False,1.0,True,4,0.0005,0.7931294933840602,nan,"15to1_7,3,3_minerr"
10000.0,,nan,100000.0,,,,,71494.0,,B,,7,11,nan,,,1.0,False,,0.0005,nan,nan,
10000.0,,nan,100000.0,,,,,71494.0,,C,,7,11,nan,,,1.0,False,,0.0005,nan,nan,
100.0,,nan,1000000.0,,,,,93670.0,,B0,,7,13,nan,,,0.1,False,,0.0005,nan,nan,
100.0,51.73739215906045,nan,1000000.0,25068.0,907867062650.3292,22638.0,2430,93670.0,36216174.51134232,A,7,7,13,nan,0.9865451931715784,False,0.1,True,3,0.0005,0.7323796306181274,nan,"15to1_7,3,3_minerr"
100.0,,nan,1000000.0,,,,,93670.0,,B,,7,13,nan,,,0.1,False,,0.0005,nan,nan,
100.0,,nan,1000000.0,,,,,93670.0,,C,,7,13,nan,,,0.1,False,,0.0005,nan,nan,
10000.0,,nan,1000000.0,,,,,93670.0,,B0,,7,13,nan,,,0.1,False,,0.0005,nan,nan,
10000.0,51.73739215906045,nan,1000000.0,25068.0,907867062650.3292,22638.0,2430,93670.0,36216174.51134232,A,7,7,13,nan,0.9865451931715784,False,0.1,True,3,0.0005,0.7323796306181274,nan,"15to1_7,3,3_minerr"
10000.0,,nan,1000000.0,,,,,93670.0,,B,,7,13,nan,,,0.1,False,,0.0005,nan,nan,
10000.0,,nan,1000000.0,,,,,93670.0,,C,,7,13,nan,,,0.1,False,,0.0005,nan,nan,
100.0,,nan,1000000.0,,,,,93670.0,,B0,,7,13,nan,,,0.3,False,,0.0005,nan,nan,
100.0,,nan,1000000.0,,,,,93670.0,,A,,7,13,nan,,,0.3,False,,0.0005,nan,nan,
100.0,,nan,1000000.0,,,,,93670.0,,B,,7,13,nan,,,0.3,False,,0.0005,nan,nan,
100.0,,nan,1000000.0,,,,,93670.0,,C,,7,13,nan,,,0.3,False,,0.0005,nan,nan,
10000.0,,nan,1000000.0,,,,,93670.0,,B0,,7,13,nan,,,0.3,False,,0.0005,nan,nan,
10000.0,1146.5092497530989,nan,1000000.0,25068.0,60355457132902.44,22638.0,2430,93670.0,2407669424.481508,A,7,7,13,nan,1.7611192925208017,False,0.3,True,3,0.0005,0.7323796306181274,nan,"15to1_7,3,3_minerr"
10000.0,,nan,1000000.0,,,,,93670.0,,B,,7,13,nan,,,0.3,False,,0.0005,nan,nan,
10000.0,,nan,1000000.0,,,,,93670.0,,C,,7,13,nan,,,0.3,False,,0.0005,nan,nan,
100.0,,nan,1000000.0,,,,,nan,,B0,,7,,nan,,,1.0,False,,0.0005,nan,nan,
100.0,,nan,1000000.0,,,,,nan,,A,,7,,nan,,,1.0,False,,0.0005,nan,nan,
100.0,,nan,1000000.0,,,,,nan,,B,,7,,nan,,,1.0,False,,0.0005,nan,nan,
100.0,,nan,1000000.0,,,,,nan,,C,,7,,nan,,,1.0,False,,0.0005,nan,nan,
10000.0,,nan,1000000.0,,,,,nan,,B0,,7,,nan,,,1.0,False,,0.0005,nan,nan,
10000.0,,nan,1000000.0,,,,,nan,,A,,7,,nan,,,1.0,False,,0.0005,nan,nan,
10000.0,,nan,1000000.0,,,,,nan,,B,,7,,nan,,,1.0,False,,0.0005,nan,nan,
10000.0,,nan,1000000.0,,,,,nan,,C,,7,,nan,,,1.0,False,,0.0005,nan,nan,
100.0,,nan,100000000.0,,,,,nan,,B0,,7,,nan,,,0.1,False,,0.0005,nan,nan,
100.0,,nan,100000000.0,,,,,nan,,A,,7,,nan,,,0.1,False,,0.0005,nan,nan,
100.0,,nan,100000000.0,,,,,nan,,B,,7,,nan,,,0.1,False,,0.0005,nan,nan,
100.0,,nan,100000000.0,,,,,nan,,C,,7,,nan,,,0.1,False,,0.0005,nan,nan,
10000.0,,nan,100000000.0,,,,,nan,,B0,,7,,nan,,,0.1,False,,0.0005,nan,nan,
10000.0,,nan,100000000.0,,,,,nan,,A,,7,,nan,,,0.1,False,,0.0005,nan,nan,
10000.0,,nan,100000000.0,,,,,nan,,B,,7,,nan,,,0.1,False,,0.0005,nan,nan,
10000.0,,nan,100000000.0,,,,,nan,,C,,7,,nan,,,0.1,False,,0.0005,nan,nan,
100.0,,nan,100000000.0,,,,,nan,,B0,,7,,nan,,,0.3,False,,0.0005,nan,nan,
100.0,,nan,100000000.0,,,,,nan,,A,,7,,nan,,,0.3,False,,0.0005,nan,nan,
100.0,,nan,100000000.0,,,,,nan,,B,,7,,nan,,,0.3,False,,0.0005,nan,nan,
100.0,,nan,100000000.0,,,,,nan,,C,,7,,nan,,,0.3,False,,0.0005,nan,nan,
10000.0,,nan,100000000.0,,,,,nan,,B0,,7,,nan,,,0.3,False,,0.0005,nan,nan,
10000.0,,nan,100000000.0,,,,,nan,,A,,7,,nan,,,0.3,False,,0.0005,nan,nan,
10000.0,,nan,100000000.0,,,,,nan,,B,,7,,nan,,,0.3,False,,0.0005,nan,nan,
10000.0,,nan,100000000.0,,,,,nan,,C,,7,,nan,,,0.3,False,,0.0005,nan,nan,
100.0,,nan,100000000.0,,,,,nan,,B0,,7,,nan,,,1.0,False,,0.0005,nan,nan,
100.0,,nan,100000000.0,,,,,nan,,A,,7,,nan,,,1.0,False,,0.0005,nan,nan,
100.0,,nan,100000000.0,,,,,nan,,B,,7,,nan,,,1.0,False,,0.0005,nan,nan,
100.0,,nan,100000000.0,,,,,nan,,C,,7,,nan,,,1.0,False,,0.0005,nan,nan,
10000.0,,nan,100000000.0,,,,,nan,,B0,,7,,nan,,,1.0,False,,0.0005,nan,nan,
10000.0,,nan,100000000.0,,,,,nan,,A,,7,,nan,,,1.0,False,,0.0005,nan,nan,
10000.0,,nan,100000000.0,,,,,nan,,B,,7,,nan,,,1.0,False,,0.0005,nan,nan,
10000.0,,nan,100000000.0,,,,,nan,,C,,7,,nan,,,1.0,False,,0.0005,nan,nan,
100.0,,nan,10000000000.0,,,,,nan,,B0,,7,,nan,,,0.1,False,,0.0005,nan,nan,
100.0,,nan,10000000000.0,,,,,nan,,A,,7,,nan,,,0.1,False,,0.0005,nan,nan,
100.0,,nan,10000000000.0,,,,,nan,,B,,7,,nan,,,0.1,False,,0.0005,nan,nan,
100.0,,nan,10000000000.0,,,,,nan,,C,,7,,nan,,,0.1,False,,0.0005,nan,nan,
10000.0,,nan,10000000000.0,,,,,nan,,B0,,7,,nan,,,0.1,False,,0.0005,nan,nan,
10000.0,,nan,10000000000.0,,,,,nan,,A,,7,,nan,,,0.1,False,,0.0005,nan,nan,
10000.0,,nan,10000000000.0,,,,,nan,,B,,7,,nan,,,0.1,False,,0.0005,nan,nan,
10000.0,,nan,10000000000.0,,,,,nan,,C,,7,,nan,,,0.1,False,,0.0005,nan,nan,
100.0,,nan,10000000000.0,,,,,nan,,B0,,7,,nan,,,0.3,False,,0.0005,nan,nan,
100.0,,nan,10000000000.0,,,,,nan,,A,,7,,nan,,,0.3,False,,0.0005,nan,nan,
100.0,,nan,10000000000.0,,,,,nan,,B,,7,,nan,,,0.3,False,,0.0005,nan,nan,
100.0,,nan,10000000000.0,,,,,nan,,C,,7,,nan,,,0.3,False,,0.0005,nan,nan,
10000.0,,nan,10000000000.0,,,,,nan,,B0,,7,,nan,,,0.3,False,,0.0005,nan,nan,
10000.0,,nan,10000000000.0,,,,,nan,,A,,7,,nan,,,0.3,False,,0.0005,nan,nan,
10000.0,,nan,10000000000.0,,,,,nan,,B,,7,,nan,,,0.3,False,,0.0005,nan,nan,
10000.0,,nan,10000000000.0,,,,,nan,,C,,7,,nan,,,0.3,False,,0.0005,nan,nan,
100.0,,nan,10000000000.0,,,,,nan,,B0,,7,,nan,,,1.0,False,,0.0005,nan,nan,
100.0,,nan,10000000000.0,,,,,nan,,A,,7,,nan,,,1.0,False,,0.0005,nan,nan,
100.0,,nan,10000000000.0,,,,,nan,,B,,7,,nan,,,1.0,False,,0.0005,nan,nan,
100.0,,nan,10000000000.0,,,,,nan,,C,,7,,nan,,,1.0,False,,0.0005,nan,nan,
10000.0,,nan,10000000000.0,,,,,nan,,B0,,7,,nan,,,1.0,False,,0.0005,nan,nan,
10000.0,,nan,10000000000.0,,,,,nan,,A,,7,,nan,,,1.0,False,,0.0005,nan,nan,
10000.0,,nan,10000000000.0,,,,,nan,,B,,7,,nan,,,1.0,False,,0.0005,nan,nan,
10000.0,,nan,10000000000.0,,,,,nan,,C,,7,,nan,,,1.0,False,,0.0005,nan,nan,
100.0,1.0,nan,10000.0,40860.0,367740000.0,37422.0,3438,40860.0,9000.0,B0,9,9,9,nan,0.000804533151000637,False,0.1,True,3,0.0005,0.0,nan,"15to1_9,3,3_minq"
100.0,2.7991634195476705,nan,10000.0,13638.0,190874953.57895565,11550.0,2088,40860.0,13995.817097738352,A,5,9,9,nan,0.2573301484512313,False,0.1,True,4,0.0005,0.6662261380323055,nan,"15to1_5,3,3_minerr"
100.0,,nan,10000.0,,,,,40860.0,,B,,9,9,nan,,,0.1,False,,0.0005,nan,nan,
100.0,,nan,10000.0,,,,,40860.0,,C,,9,9,nan,,,0.1,False,,0.0005,nan,nan,
10000.0,1.0,nan,10000.0,40860.0,367740000.0,37422.0,3438,40860.0,9000.0,B0,9,9,9,nan,0.000804533151000637,False,0.1,True,3,0.0005,0.0,nan,"15to1_9,3,3_minq"
10000.0,2.7991634195476705,nan,10000.0,13638.0,190874953.57895565,11550.0,2088,40860.0,13995.817097738352,A,5,9,9,nan,0.2573301484512313,False,0.1,True,4,0.0005,0.6662261380323055,nan,"15to1_5,3,3_minerr"
10000.0,,nan,10000.0,,,,,40860.0,,B,,9,9,nan,,,0.1,False,,0.0005,nan,nan,
10000.0,,nan,10000.0,,,,,40860.0,,C,,9,9,nan,,,0.1,False,,0.0005,nan,nan,
100.0,1.0,nan,10000.0,43766.0,1181682000.0,37422.0,6344,43766.0,27000.0,B0,9,9,9,nan,0.0009993497098856174,False,0.3,True,4,0.0005,0.0,nan,"15to1_9,5,5_minerr"
100.0,7.720618251810976,nan,10000.0,13638.0,1579406875.7729714,11550.0,2088,43766.0,115809.27377716464,A,5,9,9,nan,0.5109736113153929,False,0.3,True,4,0.0005,0.6883882465841065,nan,"15to1_5,3,3_minerr"
100.0,,nan,10000.0,,,,,43766.0,,B,,9,9,nan,,,0.3,False,,0.0005,nan,nan,
100.0,,nan,10000.0,,,,,43766.0,,C,,9,9,nan,,,0.3,False,,0.0005,nan,nan,
10000.0,1.0,nan,10000.0,43766.0,1181682000.0,37422.0,6344,43766.0,27000.0,B0,9,9,9,nan,0.0009993497098856174,False,0.3,True,4,0.0005,0.0,nan,"15to1_9,5,5_minerr"
10000.0,7.720618251810976,nan,10000.0,13638.0,1579406875.7729714,11550.0,2088,43766.0,115809.27377716464,A,5,9,9,nan,0.5109736113153929,False,0.3,True,4,0.0005,0.6883882465841065,nan,"15to1_5,3,3_minerr"
10000.0,,nan,10000.0,,,,,43766.0,,B,,9,9,nan,,,0.3,False,,0.0005,nan,nan,
10000.0,,nan,10000.0,,,,,43766.0,,C,,9,9,nan,,,0.3,False,,0.0005,nan,nan,
100.0,,nan,10000.0,,,,,45686.0,,B0,,9,9,nan,,,1.0,False,,0.0005,nan,nan,
100.0,1.9678636013016442,nan,10000.0,14790.0,1455235133.162566,11550.0,3240,45686.0,98393.18006508221,A,5,9,9,nan,0.16923712198661173,False,1.0,True,4,0.0005,0.6762684410979294,nan,"15to1_7,3,3_minerr"
100.0,,nan,10000.0,,,,,45686.0,,B,,9,9,nan,,,1.0,False,,0.0005,nan,nan,
100.0,,nan,10000.0,,,,,45686.0,,C,,9,9,nan,,,1.0,False,,0.0005,nan,nan,
10000.0,,nan,10000.0,,,,,45686.0,,B0,,9,9,nan,,,1.0,False,,0.0005,nan,nan,
10000.0,269.0515307439904,nan,10000.0,13638.0,183466238814.32706,11550.0,2088,45686.0,13452576.53719952,A,5,9,9,nan,1.3987257313399581,False,1.0,True,4,0.0005,0.701484043251762,nan,"15to1_5,3,3_minerr"
10000.0,,nan,10000.0,,,,,45686.0,,B,,9,9,nan,,,1.0,False,,0.0005,nan,nan,
10000.0,,nan,10000.0,,,,,45686.0,,C,,9,9,nan,,,1.0,False,,0.0005,nan,nan,
100.0,,nan,100000.0,,,,,62100.0,,B0,,9,11,nan,,,0.1,False,,0.0005,nan,nan,
100.0,1.4838173791023659,nan,100000.0,25068.0,2603743384.1536674,22638.0,2430,62100.0,103867.21653716562,A,7,9,11,nan,0.09865451931715785,False,0.1,True,3,0.0005,0.596328502415459,nan,"15to1_7,3,3_minerr"
100.0,,nan,100000.0,,,,,62100.0,,B,,9,11,nan,,,0.1,False,,0.0005,nan,nan,
100.0,,nan,100000.0,,,,,62100.0,,C,,9,11,nan,,,0.1,False,,0.0005,nan,nan,
10000.0,,nan,100000.0,,,,,62100.0,,B0,,9,11,nan,,,0.1,False,,0.0005,nan,nan,
10000.0,215.99418815575768,nan,100000.0,14790.0,159727702141.1828,11550.0,3240,62100.0,10799709.407787884,A,5,9,11,nan,1.3438128751589666,False,0.1,True,4,0.0005,0.7618357487922706,nan,"15to1_7,3,3_minerr"
10000.0,,nan,100000.0,,,,,62100.0,,B,,9,11,nan,,,0.1,False,,0.0005,nan,nan,
10000.0,,nan,100000.0,,,,,62100.0,,C,,9,11,nan,,,0.1,False,,0.0005,nan,nan,
100.0,,nan,100000.0,,,,,62100.0,,B0,,9,11,nan,,,0.3,False,,0.0005,nan,nan,
100.0,2.022729257417004,nan,100000.0,25068.0,10648213175.235188,22638.0,2430,62100.0,424773.1440575709,A,7,9,11,nan,0.1761119292520802,False,0.3,True,3,0.0005,0.596328502415459,nan,"15to1_7,3,3_minerr"
100.0,,nan,100000.0,,,,,62100.0,,B,,9,11,nan,,,0.3,False,,0.0005,nan,nan,
100.0,,nan,100000.0,,,,,62100.0,,C,,9,11,nan,,,0.3,False,,0.0005,nan,nan,
10000.0,,nan,100000.0,,,,,62100.0,,B0,,9,11,nan,,,0.3,False,,0.0005,nan,nan,
10000.0,294.44173519451925,nan,100000.0,14790.0,653218989529.041,11550.0,3240,62100.0,44166260.27917789,A,5,9,11,nan,1.421270285093889,False,0.3,True,4,0.0005,0.7618357487922706,nan,"15to1_7,3,3_minerr"
10000.0,,nan,100000.0,,,,,62100.0,,B,,9,11,nan,,,0.3,False,,0.0005,nan,nan,
10000.0,,nan,100000.0,,,,,62100.0,,C,,9,11,nan,,,0.3,False,,0.0005,nan,nan,
100.0,,nan,100000.0,,,,,71494.0,,B0,,9,11,nan,,,1.0,False,,0.0005,nan,nan,
100.0,5.982577266262315,nan,100000.0,25068.0,104979872837.4646,22638.0,2430,71494.0,4187804.0863836207,A,7,9,11,nan,0.4472128640243084,False,1.0,True,3,0.0005,0.6493691778331049,nan,"15to1_7,3,3_minerr"
100.0,,nan,100000.0,,,,,71494.0,,B,,9,11,nan,,,1.0,False,,0.0005,nan,nan,
100.0,,nan,100000.0,,,,,71494.0,,C,,9,11,nan,,,1.0,False,,0.0005,nan,nan,
10000.0,,nan,100000.0,,,,,71494.0,,B0,,9,11,nan,,,1.0,False,,0.0005,nan,nan,
10000.0,870.8631789224206,nan,100000.0,14790.0,6440033208131.301,11550.0,3240,71494.0,435431589.4612103,A,5,9,11,nan,1.6923712198661172,False,1.0,True,4,0.0005,0.7931294933840602,nan,"15to1_7,3,3_minerr"
10000.0,,nan,100000.0,,,,,71494.0,,B,,9,11,nan,,,1.0,False,,0.0005,nan,nan,
10000.0,,nan,100000.0,,,,,71494.0,,C,,9,11,nan,,,1.0,False,,0.0005,nan,nan,
100.0,,nan,1000000.0,,,,,93670.0,,B0,,9,13,nan,,,0.1,False,,0.0005,nan,nan,
100.0,51.73739215906045,nan,1000000.0,25068.0,907867062650.3292,22638.0,2430,93670.0,36216174.51134232,A,7,9,13,nan,0.9865451931715784,False,0.1,True,3,0.0005,0.7323796306181274,nan,"15to1_7,3,3_minerr"
100.0,,nan,1000000.0,,,,,93670.0,,B,,9,13,nan,,,0.1,False,,0.0005,nan,nan,
100.0,,nan,1000000.0,,,,,93670.0,,C,,9,13,nan,,,0.1,False,,0.0005,nan,nan,
10000.0,,nan,1000000.0,,,,,93670.0,,B0,,9,13,nan,,,0.1,False,,0.0005,nan,nan,
10000.0,51.73739215906045,nan,1000000.0,25068.0,907867062650.3292,22638.0,2430,93670.0,36216174.51134232,A,7,9,13,nan,0.9865451931715784,False,0.1,True,3,0.0005,0.7323796306181274,nan,"15to1_7,3,3_minerr"
10000.0,,nan,1000000.0,,,,,93670.0,,B,,9,13,nan,,,0.1,False,,0.0005,nan,nan,
10000.0,,nan,1000000.0,,,,,93670.0,,C,,9,13,nan,,,0.1,False,,0.0005,nan,nan,
100.0,,nan,1000000.0,,,,,93670.0,,B0,,9,13,nan,,,0.3,False,,0.0005,nan,nan,
100.0,20.744419352542085,nan,1000000.0,26076.0,1135956105977.4634,22638.0,3438,93670.0,43563280.640338376,A,7,9,13,nan,0.7580693159096429,False,0.3,True,3,0.0005,0.7216184477420733,nan,"15to1_9,3,3_minq"
100.0,,nan,1000000.0,,,,,93670.0,,B,,9,13,nan,,,0.3,False,,0.0005,nan,nan,
100.0,,nan,1000000.0,,,,,93670.0,,C,,9,13,nan,,,0.3,False,,0.0005,nan,nan,
10000.0,,nan,1000000.0,,,,,93670.0,,B0,,9,13,nan,,,0.3,False,,0.0005,nan,nan,
10000.0,1146.5092497530989,nan,1000000.0,25068.0,60355457132902.44,22638.0,2430,93670.0,2407669424.481508,A,7,9,13,nan,1.7611192925208017,False,0.3,True,3,0.0005,0.7323796306181274,nan,"15to1_7,3,3_minerr"
10000.0,,nan,1000000.0,,,,,93670.0,,B,,9,13,nan,,,0.3,False,,0.0005,nan,nan,
10000.0,,nan,1000000.0,,,,,93670.0,,C,,9,13,nan,,,0.3,False,,0.0005,nan,nan,
100.0,,nan,1000000.0,,,,,nan,,B0,,9,,nan,,,1.0,False,,0.0005,nan,nan,
100.0,91.33324703283516,nan,1000000.0,26076.0,16671240247397.467,22638.0,3438,nan,639332729.2298461,A,7,9,,nan,1.1286287182058872,False,1.0,True,3,0.0005,nan,nan,"15to1_9,3,3_minq"
100.0,,nan,1000000.0,,,,,nan,,B,,9,,nan,,,1.0,False,,0.0005,nan,nan,
100.0,,nan,1000000.0,,,,,nan,,C,,9,,nan,,,1.0,False,,0.0005,nan,nan,
10000.0,,nan,1000000.0,,,,,nan,,B0,,9,,nan,,,1.0,False,,0.0005,nan,nan,
10000.0,91.33324703283516,nan,1000000.0,26076.0,16671240247397.467,22638.0,3438,nan,639332729.2298461,A,7,9,,nan,1.1286287182058872,False,1.0,True,3,0.0005,nan,nan,"15to1_9,3,3_minq"
10000.0,,nan,1000000.0,,,,,nan,,B,,9,,nan,,,1.0,False,,0.0005,nan,nan,
10000.0,,nan,1000000.0,,,,,nan,,C,,9,,nan,,,1.0,False,,0.0005,nan,nan,
100.0,,nan,100000000.0,,,,,nan,,B0,,9,,nan,,,0.1,False,,0.0005,nan,nan,
100.0,,nan,100000000.0,,,,,nan,,A,,9,,nan,,,0.1,False,,0.0005,nan,nan,
100.0,,nan,100000000.0,,,,,nan,,B,,9,,nan,,,0.1,False,,0.0005,nan,nan,
100.0,,nan,100000000.0,,,,,nan,,C,,9,,nan,,,0.1,False,,0.0005,nan,nan,
10000.0,,nan,100000000.0,,,,,nan,,B0,,9,,nan,,,0.1,False,,0.0005,nan,nan,
10000.0,,nan,100000000.0,,,,,nan,,A,,9,,nan,,,0.1,False,,0.0005,nan,nan,
10000.0,,nan,100000000.0,,,,,nan,,B,,9,,nan,,,0.1,False,,0.0005,nan,nan,
10000.0,,nan,100000000.0,,,,,nan,,C,,9,,nan,,,0.1,False,,0.0005,nan,nan,
100.0,,nan,100000000.0,,,,,nan,,B0,,9,,nan,,,0.3,False,,0.0005,nan,nan,
100.0,,nan,100000000.0,,,,,nan,,A,,9,,nan,,,0.3,False,,0.0005,nan,nan,
100.0,,nan,100000000.0,,,,,nan,,B,,9,,nan,,,0.3,False,,0.0005,nan,nan,
100.0,,nan,100000000.0,,,,,nan,,C,,9,,nan,,,0.3,False,,0.0005,nan,nan,
10000.0,,nan,100000000.0,,,,,nan,,B0,,9,,nan,,,0.3,False,,0.0005,nan,nan,
10000.0,,nan,100000000.0,,,,,nan,,A,,9,,nan,,,0.3,False,,0.0005,nan,nan,
10000.0,,nan,100000000.0,,,,,nan,,B,,9,,nan,,,0.3,False,,0.0005,nan,nan,
10000.0,,nan,100000000.0,,,,,nan,,C,,9,,nan,,,0.3,False,,0.0005,nan,nan,
100.0,,nan,100000000.0,,,,,nan,,B0,,9,,nan,,,1.0,False,,0.0005,nan,nan,
100.0,,nan,100000000.0,,,,,nan,,A,,9,,nan,,,1.0,False,,0.0005,nan,nan,
100.0,,nan,100000000.0,,,,,nan,,B,,9,,nan,,,1.0,False,,0.0005,nan,nan,
100.0,,nan,100000000.0,,,,,nan,,C,,9,,nan,,,1.0,False,,0.0005,nan,nan,
10000.0,,nan,100000000.0,,,,,nan,,B0,,9,,nan,,,1.0,False,,0.0005,nan,nan,
10000.0,,nan,100000000.0,,,,,nan,,A,,9,,nan,,,1.0,False,,0.0005,nan,nan,
10000.0,,nan,100000000.0,,,,,nan,,B,,9,,nan,,,1.0,False,,0.0005,nan,nan,
10000.0,,nan,100000000.0,,,,,nan,,C,,9,,nan,,,1.0,False,,0.0005,nan,nan,
100.0,,nan,10000000000.0,,,,,nan,,B0,,9,,nan,,,0.1,False,,0.0005,nan,nan,
100.0,,nan,10000000000.0,,,,,nan,,A,,9,,nan,,,0.1,False,,0.0005,nan,nan,
100.0,,nan,10000000000.0,,,,,nan,,B,,9,,nan,,,0.1,False,,0.0005,nan,nan,
100.0,,nan,10000000000.0,,,,,nan,,C,,9,,nan,,,0.1,False,,0.0005,nan,nan,
10000.0,,nan,10000000000.0,,,,,nan,,B0,,9,,nan,,,0.1,False,,0.0005,nan,nan,
10000.0,,nan,10000000000.0,,,,,nan,,A,,9,,nan,,,0.1,False,,0.0005,nan,nan,
10000.0,,nan,10000000000.0,,,,,nan,,B,,9,,nan,,,0.1,False,,0.0005,nan,nan,
10000.0,,nan,10000000000.0,,,,,nan,,C,,9,,nan,,,0.1,False,,0.0005,nan,nan,
100.0,,nan,10000000000.0,,,,,nan,,B0,,9,,nan,,,0.3,False,,0.0005,nan,nan,
100.0,,nan,10000000000.0,,,,,nan,,A,,9,,nan,,,0.3,False,,0.0005,nan,nan,
100.0,,nan,10000000000.0,,,,,nan,,B,,9,,nan,,,0.3,False,,0.0005,nan,nan,
100.0,,nan,10000000000.0,,,,,nan,,C,,9,,nan,,,0.3,False,,0.0005,nan,nan,
10000.0,,nan,10000000000.0,,,,,nan,,B0,,9,,nan,,,0.3,False,,0.0005,nan,nan,
10000.0,,nan,10000000000.0,,,,,nan,,A,,9,,nan,,,0.3,False,,0.0005,nan,nan,
10000.0,,nan,10000000000.0,,,,,nan,,B,,9,,nan,,,0.3,False,,0.0005,nan,nan,
10000.0,,nan,10000000000.0,,,,,nan,,C,,9,,nan,,,0.3,False,,0.0005,nan,nan,
100.0,,nan,10000000000.0,,,,,nan,,B0,,9,,nan,,,1.0,False,,0.0005,nan,nan,
100.0,,nan,10000000000.0,,,,,nan,,A,,9,,nan,,,1.0,False,,0.0005,nan,nan,
100.0,,nan,10000000000.0,,,,,nan,,B,,9,,nan,,,1.0,False,,0.0005,nan,nan,
100.0,,nan,10000000000.0,,,,,nan,,C,,9,,nan,,,1.0,False,,0.0005,nan,nan,
10000.0,,nan,10000000000.0,,,,,nan,,B0,,9,,nan,,,1.0,False,,0.0005,nan,nan,
10000.0,,nan,10000000000.0,,,,,nan,,A,,9,,nan,,,1.0,False,,0.0005,nan,nan,
10000.0,,nan,10000000000.0,,,,,nan,,B,,9,,nan,,,1.0,False,,0.0005,nan,nan,
10000.0,,nan,10000000000.0,,,,,nan,,C,,9,,nan,,,1.0,False,,0.0005,nan,nan,
100.0,1.0,0.634076553208516,10000.0,40860.0,367740000.0,37422.0,3438,40860.0,9000.0,B0,9,11,9,0.035438998512623075,0.000804533151000637,False,0.1,True,3,0.0005,0.0,0.10617667394235075,"15to1_9,3,3_minq"
100.0,2.7991634195476705,0.634076553208516,10000.0,13638.0,190874953.57895565,11550.0,2088,40860.0,13995.817097738352,A,5,11,9,0.035438998512623075,0.2573301484512313,False,0.1,True,4,0.0005,0.6662261380323055,0.10617667394235075,"15to1_5,3,3_minerr"
100.0,1.0,0.634076553208516,10000.0,37862.345373393626,340761108.36054265,37422.0,440.34537339362276,40860.0,9000.0,B,9,11,9,0.035438998512623075,0.0006700012946255653,False,0.1,True,0,0.0005,0.07336403883030773,0.10617667394235075,cult_d1=3_att2
100.0,1.77488389293415,0.634076553208516,10000.0,12189.962520774221,108178840.66796567,11550.0,639.9625207742206,40860.0,8874.41946467075,C,5,11,9,0.035438998512623075,0.14343375208910697,False,0.1,True,0,0.0005,0.7016651365449285,0.10617667394235075,cult_d1=3_att1
10000.0,1.0,0.634076553208516,10000.0,40860.0,367740000.0,37422.0,3438,40860.0,9000.0,B0,9,11,9,0.035438998512623075,0.000804533151000637,False,0.1,True,3,0.0005,0.0,0.10617667394235075,"15to1_9,3,3_minq"
10000.0,2.7991634195476705,0.634076553208516,10000.0,13638.0,190874953.57895565,11550.0,2088,40860.0,13995.817097738352,A,5,11,9,0.035438998512623075,0.2573301484512313,False,0.1,True,4,0.0005,0.6662261380323055,0.10617667394235075,"15to1_5,3,3_minerr"
10000.0,1.0,0.634076553208516,10000.0,37862.345373393626,340761108.36054265,37422.0,440.34537339362276,40860.0,9000.0,B,9,11,9,0.035438998512623075,0.0006700012946255653,False,0.1,True,0,0.0005,0.07336403883030773,0.10617667394235075,cult_d1=3_att2
10000.0,1.77488389293415,0.634076553208516,10000.0,12189.962520774221,108178840.66796567,11550.0,639.9625207742206,40860.0,8874.41946467075,C,5,11,9,0.035438998512623075,0.14343375208910697,False,0.1,True,0,0.0005,0.7016651365449285,0.10617667394235075,cult_d1=3_att1
100.0,1.0,0.2549324282113642,10000.0,43766.0,1181682000.0,37422.0,6344,43766.0,27000.0,B0,9,11,9,0.03308589953904353,0.0009993497098856174,False,0.3,True,4,0.0005,0.0,0.10617667394235075,"15to1_9,5,5_minerr"
100.0,7.720618251810976,0.2549324282113642,10000.0,13638.0,1579406875.7729714,11550.0,2088,43766.0,115809.27377716464,A,5,11,9,0.03308589953904353,0.5109736113153929,False,0.3,True,4,0.0005,0.6883882465841065,0.10617667394235075,"15to1_5,3,3_minerr"
100.0,1.0,0.2549324282113642,10000.0,38241.528363414145,1032521265.812182,37422.0,819.528363414142,43766.0,27000.0,B,9,11,9,0.03308589953904353,0.0003710018658202834,False,0.3,True,0,0.0005,0.1262274742171059,0.10617667394235075,cult_d1=5_att5
100.0,1.9682359582271496,0.2549324282113642,10000.0,12189.962520774221,359890838.44243634,11550.0,639.9625207742206,43766.0,29523.539373407242,C,5,11,9,0.03308589953904353,0.16928442222901982,False,0.3,True,0,0.0005,0.72147414612315,0.10617667394235075,cult_d1=3_att1
10000.0,1.0,0.2549324282113642,10000.0,43766.0,1181682000.0,37422.0,6344,43766.0,27000.0,B0,9,11,9,0.03308589953904353,0.0009993497098856174,False,0.3,True,4,0.0005,0.0,0.10617667394235075,"15to1_9,5,5_minerr"
10000.0,7.720618251810976,0.2549324282113642,10000.0,13638.0,1579406875.7729714,11550.0,2088,43766.0,115809.27377716464,A,5,11,9,0.03308589953904353,0.5109736113153929,False,0.3,True,4,0.0005,0.6883882465841065,0.10617667394235075,"15to1_5,3,3_minerr"
10000.0,1.0,0.2549324282113642,10000.0,38241.528363414145,1032521265.812182,37422.0,819.528363414142,43766.0,27000.0,B,9,11,9,0.03308589953904353,0.0003710018658202834,False,0.3,True,0,0.0005,0.1262274742171059,0.10617667394235075,cult_d1=5_att5
10000.0,1.9682359582271496,0.2549324282113642,10000.0,12189.962520774221,359890838.44243634,11550.0,639.9625207742206,43766.0,29523.539373407242,C,5,11,9,0.03308589953904353,0.16928442222901982,False,0.3,True,0,0.0005,0.72147414612315,0.10617667394235075,cult_d1=3_att1
100.0,1.0,1.436340533636979,10000.0,45686.0,4111740000.0,37422.0,8264,45686.0,90000.0,B0,9,11,9,0.05691103356007921,0.0003805835016143355,False,1.0,True,4,0.0005,0.0,0.1757969898056646,"15to1_11,5,5_minerr"
100.0,1.9678636013016442,1.436340533636979,10000.0,14790.0,1455235133.162566,11550.0,3240,45686.0,98393.18006508221,A,5,11,9,0.05691103356007921,0.16923712198661173,False,1.0,True,4,0.0005,0.6762684410979294,0.1757969898056646,"15to1_7,3,3_minerr"
100.0,1.0,1.436340533636979,10000.0,38241.528363414145,3441737552.707273,37422.0,819.528363414142,45686.0,90000.0,B,9,11,9,0.05691103356007921,0.0005946268747202728,False,1.0,True,0,0.0005,0.16294864152225752,0.1757969898056646,cult_d1=5_att5
100.0,2.826522255218391,1.436340533636979,10000.0,12189.962520774221,1722760017.7623208,11550.0,639.9625207742206,45686.0,141326.11276091955,C,5,11,9,0.05691103356007921,0.25976176771871473,False,1.0,True,0,0.0005,0.7331794746580085,0.1757969898056646,cult_d1=3_att1
10000.0,1.0,0.010505505199700579,10000.0,45686.0,4111740000.0,37422.0,8264,45686.0,90000.0,B0,9,11,9,0.03169543140624653,0.0003805835016143355,False,1.0,True,4,0.0005,0.0,0.10617667394235075,"15to1_11,5,5_minerr"
10000.0,269.0515307439904,0.010505505199700579,10000.0,13638.0,183466238814.32706,11550.0,2088,45686.0,13452576.53719952,A,5,11,9,0.03169543140624653,1.3987257313399581,False,1.0,True,4,0.0005,0.701484043251762,0.10617667394235075,"15to1_5,3,3_minerr"
10000.0,1.0,0.010505505199700579,10000.0,38241.528363414145,3441737552.707273,37422.0,819.528363414142,45686.0,90000.0,B,9,11,9,0.03169543140624653,0.0005946268747202728,False,1.0,True,0,0.0005,0.16294864152225752,0.10617667394235075,cult_d1=5_att5
10000.0,2.826522255218391,0.010505505199700579,10000.0,12189.962520774221,1722760017.7623208,11550.0,639.9625207742206,45686.0,141326.11276091955,C,5,11,9,0.03169543140624653,0.25976176771871473,False,1.0,True,0,0.0005,0.7331794746580085,0.10617667394235075,cult_d1=3_att1
100.0,1.0,1.4363405336369794,100000.0,62100.0,6831000000.0,55902.0,6198,62100.0,110000.0,B0,11,11,11,0.03176946720986636,0.00023176788316229643,False,0.1,True,3,0.0005,0.0,0.0787012890431108,"15to1_11,5,5_minerr"
100.0,1.4838173791023659,1.4363405336369794,100000.0,25068.0,2603743384.1536674,22638.0,2430,62100.0,103867.21653716562,A,7,11,11,0.03176946720986636,0.09865451931715785,False,0.1,True,3,0.0005,0.596328502415459,0.0787012890431108,"15to1_7,3,3_minerr"
100.0,1.0,1.4363405336369794,100000.0,56572.52320642975,6222977552.707273,55902.0,670.5232064297525,62100.0,110000.0,B,11,11,11,0.03176946720986636,0.0004458112562682338,False,0.1,True,0,0.0005,0.08900928814122777,0.0787012890431108,cult_d1=5_att5
100.0,2.1312670461197163,1.4363405336369794,100000.0,23095.1160862673,3445530188.8679595,22638.0,457.11608626730043,62100.0,149188.69322838014,C,7,11,11,0.03176946720986636,0.18917916504926088,False,0.1,True,0,0.0005,0.6280979696253253,0.0787012890431108,cult_d1=3_att1
10000.0,1.0,1.4363405336369786,100000.0,62100.0,6831000000.0,55902.0,6198,62100.0,110000.0,B0,11,11,11,0.041868558441638955,0.00023176788316229643,False,0.1,True,3,0.0005,0.0,0.1757969898056646,"15to1_11,5,5_minerr"
10000.0,215.99418815575768,1.4363405336369786,100000.0,14790.0,159727702141.1828,11550.0,3240,62100.0,10799709.407787884,A,5,11,11,0.041868558441638955,1.3438128751589666,False,0.1,True,4,0.0005,0.7618357487922706,0.1757969898056646,"15to1_7,3,3_minerr"
10000.0,1.0,1.4363405336369786,100000.0,56572.52320642975,6222977552.707273,55902.0,670.5232064297525,62100.0,110000.0,B,11,11,11,0.041868558441638955,0.0004458112562682338,False,0.1,True,0,0.0005,0.08900928814122777,0.1757969898056646,cult_d1=5_att5
10000.0,310.24120747812697,1.4363405336369786,100000.0,12189.962520774221,189091434577.90533,11550.0,639.9625207742206,62100.0,15512060.373906348,C,5,11,11,0.041868558441638955,1.4343375208910696,False,0.1,True,0,0.0005,0.8037043072339095,0.1757969898056646,cult_d1=3_att1
100.0,1.0,2.9632769947608137,100000.0,62100.0,20493000000.0,55902.0,6198,62100.0,330000.0,B0,11,11,11,0.03176946720986636,0.00044260973380753454,False,0.3,True,3,0.0005,0.0,0.0787012890431108,"15to1_11,5,5_minerr"
100.0,2.022729257417004,2.9632769947608137,100000.0,25068.0,10648213175.235188,22638.0,2430,62100.0,424773.1440575709,A,7,11,11,0.03176946720986636,0.1761119292520802,False,0.3,True,3,0.0005,0.596328502415459,0.0787012890431108,"15to1_7,3,3_minerr"
100.0,1.0,2.9632769947608137,100000.0,56648.736808375455,18694083146.7639,55902.0,746.7368083754587,62100.0,330000.0,B,11,11,11,0.03176946720986636,0.00047060053359451856,False,0.3,True,0,0.0005,0.08778201596818913,0.0787012890431108,cult_d1=5_att5
100.0,5.993907075133433,2.9632769947608137,100000.0,23095.1160862673,29070295739.20616,22638.0,457.11608626730043,62100.0,1258720.485778021,C,7,11,11,0.03176946720986636,0.44768586644838926,False,0.3,True,0,0.0005,0.6280979696253253,0.0787012890431108,cult_d1=3_att1
10000.0,1.0,2.9632769947608133,100000.0,62100.0,20493000000.0,55902.0,6198,62100.0,330000.0,B0,11,11,11,0.041868558441638955,0.00044260973380753454,False,0.3,True,3,0.0005,0.0,0.1757969898056646,"15to1_11,5,5_minerr"
10000.0,294.44173519451925,2.9632769947608133,100000.0,14790.0,653218989529.041,11550.0,3240,62100.0,44166260.27917789,A,5,11,11,0.041868558441638955,1.421270285093889,False,0.3,True,4,0.0005,0.7618357487922706,0.1757969898056646,"15to1_7,3,3_minerr"
10000.0,1.0,2.9632769947608133,100000.0,56648.736808375455,18694083146.7639,55902.0,746.7368083754587,62100.0,330000.0,B,11,11,11,0.041868558441638955,0.00047060053359451856,False,0.3,True,0,0.0005,0.08778201596818913,0.1757969898056646,cult_d1=5_att5
10000.0,872.5124201993742,2.9632769947608133,100000.0,12189.962520774221,1595384055171.0571,11550.0,639.9625207742206,62100.0,130876863.02990614,C,5,11,11,0.041868558441638955,1.692844222290198,False,0.3,True,0,0.0005,0.8037043072339095,0.1757969898056646,cult_d1=3_att1
100.0,,0.29541077676409705,100000.0,,,,,71494.0,,B0,,11,11,0.02686639119180725,,,1.0,False,,0.0005,nan,0.07662301627042711,
100.0,5.982577266262315,0.29541077676409705,100000.0,25068.0,104979872837.4646,22638.0,2430,71494.0,4187804.0863836207,A,7,11,11,0.02686639119180725,0.4472128640243084,False,1.0,True,3,0.0005,0.6493691778331049,0.07662301627042711,"15to1_7,3,3_minerr"
100.0,1.0,0.29541077676409705,100000.0,56740.83584833505,62414919433.16856,55902.0,838.8358483350507,71494.0,1100000.0,B,11,11,11,0.02686639119180725,0.00023262704776738684,False,1.0,True,0,0.0005,0.2063552766898613,0.07662301627042711,cult_d1=5_att6
100.0,1.767317797277779,0.29541077676409705,100000.0,23147.214228132932,28635938563.946533,22638.0,509.21422813293276,71494.0,1237122.4580944453,C,7,11,11,0.02686639119180725,0.14236575712090305,False,1.0,True,0,0.0005,0.6762355690249121,0.07662301627042711,cult_d1=3_att2
10000.0,,0.29541077676409705,100000.0,,,,,71494.0,,B0,,11,11,0.035347023255292674,,,1.0,False,,0.0005,nan,0.17086545507869466,
10000.0,870.8631789224206,0.29541077676409705,100000.0,14790.0,6440033208131.301,11550.0,3240,71494.0,435431589.4612103,A,5,11,11,0.035347023255292674,1.6923712198661172,False,1.0,True,4,0.0005,0.7931294933840602,0.17086545507869466,"15to1_7,3,3_minerr"
10000.0,1.0,0.29541077676409705,100000.0,56740.83584833505,62414919433.16856,55902.0,838.8358483350507,71494.0,1100000.0,B,11,11,11,0.035347023255292674,0.00023262704776738684,False,1.0,True,0,0.0005,0.2063552766898613,0.17086545507869466,cult_d1=5_att6
10000.0,257.2623681407231,0.29541077676409705,100000.0,12262.899919386105,1577391336766.9758,11550.0,712.8999193861058,71494.0,128631184.07036154,C,5,11,11,0.035347023255292674,1.3875241129627118,False,1.0,True,0,0.0005,0.8284765166393528,0.17086545507869466,cult_d1=3_att2
100.0,,0.29541077676409705,1000000.0,,,,,93670.0,,B0,,11,13,0.02050587991744494,,,0.1,False,,0.0005,nan,0.07662301627042711,
100.0,51.73739215906045,0.29541077676409705,1000000.0,25068.0,907867062650.3292,22638.0,2430,93670.0,36216174.51134232,A,7,11,13,0.02050587991744494,0.9865451931715784,False,0.1,True,3,0.0005,0.7323796306181274,0.07662301627042711,"15to1_7,3,3_minerr"
100.0,,0.29541077676409705,1000000.0,,,,,93670.0,,B,,11,13,0.02050587991744494,,,0.1,False,,0.0005,nan,0.07662301627042711,
100.0,15.28378320545675,0.29541077676409705,1000000.0,23147.214228132932,247643902851.13333,22638.0,509.21422813293276,93670.0,10698648.243819725,C,7,11,13,0.02050587991744494,0.6816980862681731,False,0.1,True,0,0.0005,0.7528855105355724,0.07662301627042711,cult_d1=3_att2
10000.0,,37.37439443920678,1000000.0,,,,,93670.0,,B0,,11,13,0.021062068044546828,,,0.1,False,,0.0005,nan,0.0787012890431108,
10000.0,51.73739215906045,37.37439443920678,1000000.0,25068.0,907867062650.3292,22638.0,2430,93670.0,36216174.51134232,A,7,11,13,0.021062068044546828,0.9865451931715784,False,0.1,True,3,0.0005,0.7323796306181274,0.0787012890431108,"15to1_7,3,3_minerr"
10000.0,,37.37439443920678,1000000.0,,,,,93670.0,,B,,11,13,0.021062068044546828,,,0.1,False,,0.0005,nan,0.0787012890431108,
10000.0,1933.6537018086492,37.37439443920678,1000000.0,23095.1160862673,31260569699737.87,22638.0,457.11608626730043,93670.0,1353557591.2660544,C,7,11,13,0.021062068044546828,1.8917916504926087,False,0.1,True,0,0.0005,0.7534416986626743,0.0787012890431108,cult_d1=3_att1
100.0,,1.4248045174929411,1000000.0,,,,,93670.0,,B0,,11,13,0.031267062793499174,,,0.3,False,,0.0005,nan,0.11231729451860206,
100.0,20.744419352542085,1.4248045174929411,1000000.0,26076.0,1135956105977.4634,22638.0,3438,93670.0,43563280.640338376,A,7,11,13,0.031267062793499174,0.7580693159096429,False,0.3,True,3,0.0005,0.7216184477420733,0.11231729451860206,"15to1_9,3,3_minq"
100.0,,1.4248045174929411,1000000.0,,,,,93670.0,,B,,11,13,0.031267062793499174,,,0.3,False,,0.0005,nan,0.11231729451860206,
100.0,29.556742406269954,1.4248045174929411,1000000.0,23147.214228132932,1436728121563.711,22638.0,509.21422813293276,93670.0,62069159.0531669,C,7,11,13,0.031267062793499174,0.8465779718105859,False,0.3,True,0,0.0005,0.7528855105355724,0.11231729451860206,cult_d1=3_att2
10000.0,,0.0257797679457318,1000000.0,,,,,93670.0,,B0,,11,13,0.02050587991744494,,,0.3,False,,0.0005,nan,0.07662301627042711,
10000.0,1146.5092497530989,0.0257797679457318,1000000.0,25068.0,60355457132902.44,22638.0,2430,93670.0,2407669424.481508,A,7,11,13,0.02050587991744494,1.7611192925208017,False,0.3,True,3,0.0005,0.7323796306181274,0.07662301627042711,"15to1_7,3,3_minerr"
10000.0,,0.0257797679457318,1000000.0,,,,,93670.0,,B,,11,13,0.02050587991744494,,,0.3,False,,0.0005,nan,0.07662301627042711,
10000.0,29.556742406269954,0.0257797679457318,1000000.0,23147.214228132932,1436728121563.711,22638.0,509.21422813293276,93670.0,62069159.0531669,C,7,11,13,0.02050587991744494,0.8465779718105859,False,0.3,True,0,0.0005,0.7528855105355724,0.07662301627042711,cult_d1=3_att2
100.0,,0.5838405142428277,1000000.0,,,,,nan,,B0,,11,,nan,,,1.0,False,,0.0005,nan,0.1101335198182094,
100.0,91.33324703283516,0.5838405142428277,1000000.0,26076.0,16671240247397.467,22638.0,3438,nan,639332729.2298461,A,7,11,,nan,1.1286287182058872,False,1.0,True,3,0.0005,nan,0.1101335198182094,"15to1_9,3,3_minq"
100.0,,0.5838405142428277,1000000.0,,,,,nan,,B,,11,,nan,,,1.0,False,,0.0005,nan,0.1101335198182094,
100.0,53.3240499151177,0.5838405142428277,1000000.0,23204.15833722037,8661377881885.635,22638.0,566.1583372203721,nan,373268349.4058239,C,7,11,,nan,0.9940968618308155,False,1.0,True,0,0.0005,nan,0.1101335198182094,cult_d1=3_att2
10000.0,,3.2547498184409487,1000000.0,,,,,nan,,B0,,11,,nan,,,1.0,False,,0.0005,nan,0.11231729451860206,
10000.0,91.33324703283516,3.2547498184409487,1000000.0,26076.0,16671240247397.467,22638.0,3438,nan,639332729.2298461,A,7,11,,nan,1.1286287182058872,False,1.0,True,3,0.0005,nan,0.11231729451860206,"15to1_9,3,3_minq"
10000.0,,3.2547498184409487,1000000.0,,,,,nan,,B,,11,,nan,,,1.0,False,,0.0005,nan,0.11231729451860206,
10000.0,297.26686919774255,3.2547498184409487,1000000.0,23147.214228132932,48166299329725.625,22638.0,509.21422813293276,nan,2080868084.384198,C,7,11,,nan,1.4236575712090305,False,1.0,True,0,0.0005,nan,0.11231729451860206,cult_d1=3_att2
100.0,,2.3541353202499637,100000000.0,,,,,nan,,B0,,11,,nan,,,0.1,False,,0.0005,nan,0.08900928814122777,
100.0,2.5270978075151564,2.3541353202499637,100000000.0,62100.0,17262605123136.033,55902.0,6198,nan,277980758.8266672,A,11,11,,nan,0.23176788316229643,False,0.1,True,3,0.0005,nan,0.08900928814122777,"15to1_11,5,5_minerr"
100.0,,2.3541353202499637,100000000.0,,,,,nan,,B,,11,,nan,,,0.1,False,,0.0005,nan,0.08900928814122777,
100.0,5.949130206397674,2.3541353202499637,100000000.0,56572.52320642975,37021303732545.516,55902.0,670.5232064297525,nan,654404322.7037442,C,11,11,,nan,0.4458112562682338,False,0.1,True,0,0.0005,nan,0.08900928814122777,cult_d1=5_att5
10000.0,,2.3541353202499637,100000000.0,,,,,nan,,B0,,11,,nan,,,0.1,False,,0.0005,nan,0.08900928814122777,
10000.0,2.5270978075151564,2.3541353202499637,100000000.0,62100.0,17262605123136.033,55902.0,6198,nan,277980758.8266672,A,11,11,,nan,0.23176788316229643,False,0.1,True,3,0.0005,nan,0.08900928814122777,"15to1_11,5,5_minerr"
10000.0,,2.3541353202499637,100000000.0,,,,,nan,,B,,11,,nan,,,0.1,False,,0.0005,nan,0.08900928814122777,
10000.0,5.949130206397674,2.3541353202499637,100000000.0,56572.52320642975,37021303732545.516,55902.0,670.5232064297525,nan,654404322.7037442,C,11,11,,nan,0.4458112562682338,False,0.1,True,0,0.0005,nan,0.08900928814122777,cult_d1=5_att5
100.0,,13.046507550117518,100000000.0,,,,,nan,,B0,,11,,nan,,,0.3,False,,0.0005,nan,0.08900928814122777,
100.0,5.873430851388089,13.046507550117518,100000000.0,62100.0,120364218437496.11,55902.0,6198,nan,1938232180.9580693,A,11,11,,nan,0.44260973380753454,False,0.3,True,3,0.0005,nan,0.08900928814122777,"15to1_11,5,5_minerr"
100.0,,13.046507550117518,100000000.0,,,,,nan,,B,,11,,nan,,,0.3,False,,0.0005,nan,0.08900928814122777,
100.0,76.62775994772787,13.046507550117518,100000000.0,56572.52320642975,1430558490206855.8,55902.0,670.5232064297525,nan,25287160782.750195,C,11,11,,nan,1.0847398531253465,False,0.3,True,0,0.0005,nan,0.08900928814122777,cult_d1=5_att5
10000.0,,13.046507550117518,100000000.0,,,,,nan,,B0,,11,,nan,,,0.3,False,,0.0005,nan,0.08900928814122777,
10000.0,5.873430851388089,13.046507550117518,100000000.0,62100.0,120364218437496.11,55902.0,6198,nan,1938232180.9580693,A,11,11,,nan,0.44260973380753454,False,0.3,True,3,0.0005,nan,0.08900928814122777,"15to1_11,5,5_minerr"
10000.0,,13.046507550117518,100000000.0,,,,,nan,,B,,11,,nan,,,0.3,False,,0.0005,nan,0.08900928814122777,
10000.0,76.62775994772787,13.046507550117518,100000000.0,56572.52320642975,1430558490206855.8,55902.0,670.5232064297525,nan,25287160782.750195,C,11,11,,nan,1.0847398531253465,False,0.3,True,0,0.0005,nan,0.08900928814122777,cult_d1=5_att5
100.0,,nan,100000000.0,,,,,nan,,B0,,11,,nan,,,1.0,False,,0.0005,nan,nan,
100.0,,nan,100000000.0,,,,,nan,,A,,11,,nan,,,1.0,False,,0.0005,nan,nan,
100.0,,nan,100000000.0,,,,,nan,,B,,11,,nan,,,1.0,False,,0.0005,nan,nan,
100.0,2.5357975198818954,nan,100000000.0,56740.83584833505,158271597902257.12,55902.0,838.8358483350507,nan,2789377271.870085,C,11,11,,nan,0.23262704776738682,False,1.0,True,0,0.0005,nan,nan,cult_d1=5_att6
10000.0,,1.4523902736996073,100000000.0,,,,,nan,,B0,,11,,nan,,,1.0,False,,0.0005,nan,0.08778201596818913,
10000.0,112.4180873799084,1.4523902736996073,100000000.0,62100.0,7679279548921543.0,55902.0,6198,nan,123659896117.89925,A,11,11,,nan,1.1805562110658678,False,1.0,True,3,0.0005,nan,0.08778201596818913,"15to1_11,5,5_minerr"
10000.0,,1.4523902736996073,100000000.0,,,,,nan,,B,,11,,nan,,,1.0,False,,0.0005,nan,0.08778201596818913,
10000.0,163.27493669849153,1.4523902736996073,100000000.0,56648.736808375455,1.017425080808071e+16,55902.0,746.7368083754587,nan,179602430368.34067,C,11,11,,nan,1.2738588770224815,False,1.0,True,0,0.0005,nan,0.08778201596818913,cult_d1=5_att5
100.0,,nan,10000000000.0,,,,,nan,,B0,,11,,nan,,,0.1,False,,0.0005,nan,nan,
100.0,,nan,10000000000.0,,,,,nan,,A,,11,,nan,,,0.1,False,,0.0005,nan,nan,
100.0,,nan,10000000000.0,,,,,nan,,B,,11,,nan,,,0.1,False,,0.0005,nan,nan,
100.0,,nan,10000000000.0,,,,,nan,,C,,11,,nan,,,0.1,False,,0.0005,nan,nan,
10000.0,,nan,10000000000.0,,,,,nan,,B0,,11,,nan,,,0.1,False,,0.0005,nan,nan,
10000.0,,nan,10000000000.0,,,,,nan,,A,,11,,nan,,,0.1,False,,0.0005,nan,nan,
10000.0,,nan,10000000000.0,,,,,nan,,B,,11,,nan,,,0.1,False,,0.0005,nan,nan,
10000.0,,nan,10000000000.0,,,,,nan,,C,,11,,nan,,,0.1,False,,0.0005,nan,nan,
100.0,,nan,10000000000.0,,,,,nan,,B0,,11,,nan,,,0.3,False,,0.0005,nan,nan,
100.0,,nan,10000000000.0,,,,,nan,,A,,11,,nan,,,0.3,False,,0.0005,nan,nan,
100.0,,nan,10000000000.0,,,,,nan,,B,,11,,nan,,,0.3,False,,0.0005,nan,nan,
100.0,,nan,10000000000.0,,,,,nan,,C,,11,,nan,,,0.3,False,,0.0005,nan,nan,
10000.0,,nan,10000000000.0,,,,,nan,,B0,,11,,nan,,,0.3,False,,0.0005,nan,nan,
10000.0,,nan,10000000000.0,,,,,nan,,A,,11,,nan,,,0.3,False,,0.0005,nan,nan,
10000.0,,nan,10000000000.0,,,,,nan,,B,,11,,nan,,,0.3,False,,0.0005,nan,nan,
10000.0,,nan,10000000000.0,,,,,nan,,C,,11,,nan,,,0.3,False,,0.0005,nan,nan,
100.0,,nan,10000000000.0,,,,,nan,,B0,,11,,nan,,,1.0,False,,0.0005,nan,nan,
100.0,,nan,10000000000.0,,,,,nan,,A,,11,,nan,,,1.0,False,,0.0005,nan,nan,
100.0,,nan,10000000000.0,,,,,nan,,B,,11,,nan,,,1.0,False,,0.0005,nan,nan,
100.0,,nan,10000000000.0,,,,,nan,,C,,11,,nan,,,1.0,False,,0.0005,nan,nan,
10000.0,,nan,10000000000.0,,,,,nan,,B0,,11,,nan,,,1.0,False,,0.0005,nan,nan,
10000.0,,nan,10000000000.0,,,,,nan,,A,,11,,nan,,,1.0,False,,0.0005,nan,nan,
10000.0,,nan,10000000000.0,,,,,nan,,B,,11,,nan,,,1.0,False,,0.0005,nan,nan,
10000.0,,nan,10000000000.0,,,,,nan,,C,,11,,nan,,,1.0,False,,0.0005,nan,nan,
100.0,1.0,0.634076553208516,10000.0,40860.0,367740000.0,37422.0,3438,40860.0,9000.0,B0,9,13,9,0.035438998512623075,0.000804533151000637,False,0.1,True,3,0.0005,0.0,0.10617667394235075,"15to1_9,3,3_minq"
100.0,2.7991634195476705,0.634076553208516,10000.0,13638.0,190874953.57895565,11550.0,2088,40860.0,13995.817097738352,A,5,13,9,0.035438998512623075,0.2573301484512313,False,0.1,True,4,0.0005,0.6662261380323055,0.10617667394235075,"15to1_5,3,3_minerr"
100.0,1.0,0.634076553208516,10000.0,37862.345373393626,340761108.36054265,37422.0,440.34537339362276,40860.0,9000.0,B,9,13,9,0.035438998512623075,0.0006700012946255653,False,0.1,True,0,0.0005,0.07336403883030773,0.10617667394235075,cult_d1=3_att2
100.0,1.77488389293415,0.634076553208516,10000.0,12189.962520774221,108178840.66796567,11550.0,639.9625207742206,40860.0,8874.41946467075,C,5,13,9,0.035438998512623075,0.14343375208910697,False,0.1,True,0,0.0005,0.7016651365449285,0.10617667394235075,cult_d1=3_att1
10000.0,1.0,0.634076553208516,10000.0,40860.0,367740000.0,37422.0,3438,40860.0,9000.0,B0,9,13,9,0.035438998512623075,0.000804533151000637,False,0.1,True,3,0.0005,0.0,0.10617667394235075,"15to1_9,3,3_minq"
10000.0,2.7991634195476705,0.634076553208516,10000.0,13638.0,190874953.57895565,11550.0,2088,40860.0,13995.817097738352,A,5,13,9,0.035438998512623075,0.2573301484512313,False,0.1,True,4,0.0005,0.6662261380323055,0.10617667394235075,"15to1_5,3,3_minerr"
10000.0,1.0,0.634076553208516,10000.0,37862.345373393626,340761108.36054265,37422.0,440.34537339362276,40860.0,9000.0,B,9,13,9,0.035438998512623075,0.0006700012946255653,False,0.1,True,0,0.0005,0.07336403883030773,0.10617667394235075,cult_d1=3_att2
10000.0,1.77488389293415,0.634076553208516,10000.0,12189.962520774221,108178840.66796567,11550.0,639.9625207742206,40860.0,8874.41946467075,C,5,13,9,0.035438998512623075,0.14343375208910697,False,0.1,True,0,0.0005,0.7016651365449285,0.10617667394235075,cult_d1=3_att1
100.0,1.0,0.2549324282113642,10000.0,43766.0,1181682000.0,37422.0,6344,43766.0,27000.0,B0,9,13,9,0.03308589953904353,0.0009993497098856174,False,0.3,True,4,0.0005,0.0,0.10617667394235075,"15to1_9,5,5_minerr"
100.0,7.720618251810976,0.2549324282113642,10000.0,13638.0,1579406875.7729714,11550.0,2088,43766.0,115809.27377716464,A,5,13,9,0.03308589953904353,0.5109736113153929,False,0.3,True,4,0.0005,0.6883882465841065,0.10617667394235075,"15to1_5,3,3_minerr"
100.0,1.0,0.2549324282113642,10000.0,38241.528363414145,1032521265.812182,37422.0,819.528363414142,43766.0,27000.0,B,9,13,9,0.03308589953904353,0.0003710018658202834,False,0.3,True,0,0.0005,0.1262274742171059,0.10617667394235075,cult_d1=5_att5
100.0,1.9682359582271496,0.2549324282113642,10000.0,12189.962520774221,359890838.44243634,11550.0,639.9625207742206,43766.0,29523.539373407242,C,5,13,9,0.03308589953904353,0.16928442222901982,False,0.3,True,0,0.0005,0.72147414612315,0.10617667394235075,cult_d1=3_att1
10000.0,1.0,0.2549324282113642,10000.0,43766.0,1181682000.0,37422.0,6344,43766.0,27000.0,B0,9,13,9,0.03308589953904353,0.0009993497098856174,False,0.3,True,4,0.0005,0.0,0.10617667394235075,"15to1_9,5,5_minerr"
10000.0,7.720618251810976,0.2549324282113642,10000.0,13638.0,1579406875.7729714,11550.0,2088,43766.0,115809.27377716464,A,5,13,9,0.03308589953904353,0.5109736113153929,False,0.3,True,4,0.0005,0.6883882465841065,0.10617667394235075,"15to1_5,3,3_minerr"
10000.0,1.0,0.2549324282113642,10000.0,38241.528363414145,1032521265.812182,37422.0,819.528363414142,43766.0,27000.0,B,9,13,9,0.03308589953904353,0.0003710018658202834,False,0.3,True,0,0.0005,0.1262274742171059,0.10617667394235075,cult_d1=5_att5
10000.0,1.9682359582271496,0.2549324282113642,10000.0,12189.962520774221,359890838.44243634,11550.0,639.9625207742206,43766.0,29523.539373407242,C,5,13,9,0.03308589953904353,0.16928442222901982,False,0.3,True,0,0.0005,0.72147414612315,0.10617667394235075,cult_d1=3_att1
100.0,1.0,1.436340533636979,10000.0,45686.0,4111740000.0,37422.0,8264,45686.0,90000.0,B0,9,13,9,0.05691103356007921,0.0003805835016143355,False,1.0,True,4,0.0005,0.0,0.1757969898056646,"15to1_11,5,5_minerr"
100.0,1.9678636013016442,1.436340533636979,10000.0,14790.0,1455235133.162566,11550.0,3240,45686.0,98393.18006508221,A,5,13,9,0.05691103356007921,0.16923712198661173,False,1.0,True,4,0.0005,0.6762684410979294,0.1757969898056646,"15to1_7,3,3_minerr"
100.0,1.0,1.436340533636979,10000.0,38241.528363414145,3441737552.707273,37422.0,819.528363414142,45686.0,90000.0,B,9,13,9,0.05691103356007921,0.0005946268747202728,False,1.0,True,0,0.0005,0.16294864152225752,0.1757969898056646,cult_d1=5_att5
100.0,2.826522255218391,1.436340533636979,10000.0,12189.962520774221,1722760017.7623208,11550.0,639.9625207742206,45686.0,141326.11276091955,C,5,13,9,0.05691103356007921,0.25976176771871473,False,1.0,True,0,0.0005,0.7331794746580085,0.1757969898056646,cult_d1=3_att1
10000.0,1.0,0.010505505199700579,10000.0,45686.0,4111740000.0,37422.0,8264,45686.0,90000.0,B0,9,13,9,0.03169543140624653,0.0003805835016143355,False,1.0,True,4,0.0005,0.0,0.10617667394235075,"15to1_11,5,5_minerr"
10000.0,269.0515307439904,0.010505505199700579,10000.0,13638.0,183466238814.32706,11550.0,2088,45686.0,13452576.53719952,A,5,13,9,0.03169543140624653,1.3987257313399581,False,1.0,True,4,0.0005,0.701484043251762,0.10617667394235075,"15to1_5,3,3_minerr"
10000.0,1.0,0.010505505199700579,10000.0,38241.528363414145,3441737552.707273,37422.0,819.528363414142,45686.0,90000.0,B,9,13,9,0.03169543140624653,0.0005946268747202728,False,1.0,True,0,0.0005,0.16294864152225752,0.10617667394235075,cult_d1=5_att5
10000.0,2.826522255218391,0.010505505199700579,10000.0,12189.962520774221,1722760017.7623208,11550.0,639.9625207742206,45686.0,141326.11276091955,C,5,13,9,0.03169543140624653,0.25976176771871473,False,1.0,True,0,0.0005,0.7331794746580085,0.10617667394235075,cult_d1=3_att1
100.0,1.0,1.4363405336369794,100000.0,62100.0,6831000000.0,55902.0,6198,62100.0,110000.0,B0,11,13,11,0.03176946720986636,0.00023176788316229643,False,0.1,True,3,0.0005,0.0,0.0787012890431108,"15to1_11,5,5_minerr"
100.0,1.4838173791023659,1.4363405336369794,100000.0,25068.0,2603743384.1536674,22638.0,2430,62100.0,103867.21653716562,A,7,13,11,0.03176946720986636,0.09865451931715785,False,0.1,True,3,0.0005,0.596328502415459,0.0787012890431108,"15to1_7,3,3_minerr"
100.0,1.0,1.4363405336369794,100000.0,56572.52320642975,6222977552.707273,55902.0,670.5232064297525,62100.0,110000.0,B,11,13,11,0.03176946720986636,0.0004458112562682338,False,0.1,True,0,0.0005,0.08900928814122777,0.0787012890431108,cult_d1=5_att5
100.0,2.1312670461197163,1.4363405336369794,100000.0,23095.1160862673,3445530188.8679595,22638.0,457.11608626730043,62100.0,149188.69322838014,C,7,13,11,0.03176946720986636,0.18917916504926088,False,0.1,True,0,0.0005,0.6280979696253253,0.0787012890431108,cult_d1=3_att1
10000.0,1.0,1.4363405336369786,100000.0,62100.0,6831000000.0,55902.0,6198,62100.0,110000.0,B0,11,13,11,0.041868558441638955,0.00023176788316229643,False,0.1,True,3,0.0005,0.0,0.1757969898056646,"15to1_11,5,5_minerr"
10000.0,215.99418815575768,1.4363405336369786,100000.0,14790.0,159727702141.1828,11550.0,3240,62100.0,10799709.407787884,A,5,13,11,0.041868558441638955,1.3438128751589666,False,0.1,True,4,0.0005,0.7618357487922706,0.1757969898056646,"15to1_7,3,3_minerr"
10000.0,1.0,1.4363405336369786,100000.0,56572.52320642975,6222977552.707273,55902.0,670.5232064297525,62100.0,110000.0,B,11,13,11,0.041868558441638955,0.0004458112562682338,False,0.1,True,0,0.0005,0.08900928814122777,0.1757969898056646,cult_d1=5_att5
10000.0,310.24120747812697,1.4363405336369786,100000.0,12189.962520774221,189091434577.90533,11550.0,639.9625207742206,62100.0,15512060.373906348,C,5,13,11,0.041868558441638955,1.4343375208910696,False,0.1,True,0,0.0005,0.8037043072339095,0.1757969898056646,cult_d1=3_att1
100.0,1.0,2.9632769947608137,100000.0,62100.0,20493000000.0,55902.0,6198,62100.0,330000.0,B0,11,13,11,0.03176946720986636,0.00044260973380753454,False,0.3,True,3,0.0005,0.0,0.0787012890431108,"15to1_11,5,5_minerr"
100.0,2.022729257417004,2.9632769947608137,100000.0,25068.0,10648213175.235188,22638.0,2430,62100.0,424773.1440575709,A,7,13,11,0.03176946720986636,0.1761119292520802,False,0.3,True,3,0.0005,0.596328502415459,0.0787012890431108,"15to1_7,3,3_minerr"
100.0,1.0,2.9632769947608137,100000.0,56648.736808375455,18694083146.7639,55902.0,746.7368083754587,62100.0,330000.0,B,11,13,11,0.03176946720986636,0.00047060053359451856,False,0.3,True,0,0.0005,0.08778201596818913,0.0787012890431108,cult_d1=5_att5
100.0,5.993907075133433,2.9632769947608137,100000.0,23095.1160862673,29070295739.20616,22638.0,457.11608626730043,62100.0,1258720.485778021,C,7,13,11,0.03176946720986636,0.44768586644838926,False,0.3,True,0,0.0005,0.6280979696253253,0.0787012890431108,cult_d1=3_att1
10000.0,1.0,2.9632769947608133,100000.0,62100.0,20493000000.0,55902.0,6198,62100.0,330000.0,B0,11,13,11,0.041868558441638955,0.00044260973380753454,False,0.3,True,3,0.0005,0.0,0.1757969898056646,"15to1_11,5,5_minerr"
10000.0,294.44173519451925,2.9632769947608133,100000.0,14790.0,653218989529.041,11550.0,3240,62100.0,44166260.27917789,A,5,13,11,0.041868558441638955,1.421270285093889,False,0.3,True,4,0.0005,0.7618357487922706,0.1757969898056646,"15to1_7,3,3_minerr"
10000.0,1.0,2.9632769947608133,100000.0,56648.736808375455,18694083146.7639,55902.0,746.7368083754587,62100.0,330000.0,B,11,13,11,0.041868558441638955,0.00047060053359451856,False,0.3,True,0,0.0005,0.08778201596818913,0.1757969898056646,cult_d1=5_att5
10000.0,872.5124201993742,2.9632769947608133,100000.0,12189.962520774221,1595384055171.0571,11550.0,639.9625207742206,62100.0,130876863.02990614,C,5,13,11,0.041868558441638955,1.692844222290198,False,0.3,True,0,0.0005,0.8037043072339095,0.1757969898056646,cult_d1=3_att1
100.0,,0.29541077676409705,100000.0,,,,,71494.0,,B0,,13,11,0.02686639119180725,,,1.0,False,,0.0005,nan,0.07662301627042711,
100.0,5.982577266262315,0.29541077676409705,100000.0,25068.0,104979872837.4646,22638.0,2430,71494.0,4187804.0863836207,A,7,13,11,0.02686639119180725,0.4472128640243084,False,1.0,True,3,0.0005,0.6493691778331049,0.07662301627042711,"15to1_7,3,3_minerr"
100.0,1.0,0.29541077676409705,100000.0,56740.83584833505,62414919433.16856,55902.0,838.8358483350507,71494.0,1100000.0,B,11,13,11,0.02686639119180725,0.00023262704776738684,False,1.0,True,0,0.0005,0.2063552766898613,0.07662301627042711,cult_d1=5_att6
100.0,1.767317797277779,0.29541077676409705,100000.0,23147.214228132932,28635938563.946533,22638.0,509.21422813293276,71494.0,1237122.4580944453,C,7,13,11,0.02686639119180725,0.14236575712090305,False,1.0,True,0,0.0005,0.6762355690249121,0.07662301627042711,cult_d1=3_att2
10000.0,,0.29541077676409705,100000.0,,,,,71494.0,,B0,,13,11,0.035347023255292674,,,1.0,False,,0.0005,nan,0.17086545507869466,
10000.0,870.8631789224206,0.29541077676409705,100000.0,14790.0,6440033208131.301,11550.0,3240,71494.0,435431589.4612103,A,5,13,11,0.035347023255292674,1.6923712198661172,False,1.0,True,4,0.0005,0.7931294933840602,0.17086545507869466,"15to1_7,3,3_minerr"
10000.0,1.0,0.29541077676409705,100000.0,56740.83584833505,62414919433.16856,55902.0,838.8358483350507,71494.0,1100000.0,B,11,13,11,0.035347023255292674,0.00023262704776738684,False,1.0,True,0,0.0005,0.2063552766898613,0.17086545507869466,cult_d1=5_att6
10000.0,257.2623681407231,0.29541077676409705,100000.0,12262.899919386105,1577391336766.9758,11550.0,712.8999193861058,71494.0,128631184.07036154,C,5,13,11,0.035347023255292674,1.3875241129627118,False,1.0,True,0,0.0005,0.8284765166393528,0.17086545507869466,cult_d1=3_att2
100.0,,0.29541077676409705,1000000.0,,,,,93670.0,,B0,,13,13,0.02050587991744494,,,0.1,False,,0.0005,nan,0.07662301627042711,
100.0,51.73739215906045,0.29541077676409705,1000000.0,25068.0,907867062650.3292,22638.0,2430,93670.0,36216174.51134232,A,7,13,13,0.02050587991744494,0.9865451931715784,False,0.1,True,3,0.0005,0.7323796306181274,0.07662301627042711,"15to1_7,3,3_minerr"
100.0,1.0,0.29541077676409705,1000000.0,78787.78417936043,102424119433.16856,78078.0,709.7841793604275,93670.0,1300000.0,B,13,13,13,0.02050587991744494,0.00016429507863175937,False,0.1,True,0,0.0005,0.1588792123480257,0.07662301627042711,cult_d1=5_att6
100.0,15.28378320545675,0.29541077676409705,1000000.0,23147.214228132932,247643902851.13333,22638.0,509.21422813293276,93670.0,10698648.243819725,C,7,13,13,0.02050587991744494,0.6816980862681731,False,0.1,True,0,0.0005,0.7528855105355724,0.07662301627042711,cult_d1=3_att2
10000.0,,37.37439443920678,1000000.0,,,,,93670.0,,B0,,13,13,0.021062068044546828,,,0.1,False,,0.0005,nan,0.0787012890431108,
10000.0,51.73739215906045,37.37439443920678,1000000.0,25068.0,907867062650.3292,22638.0,2430,93670.0,36216174.51134232,A,7,13,13,0.021062068044546828,0.9865451931715784,False,0.1,True,3,0.0005,0.7323796306181274,0.0787012890431108,"15to1_7,3,3_minerr"
10000.0,1.0,37.37439443920678,1000000.0,78787.78417936043,102424119433.16856,78078.0,709.7841793604275,93670.0,1300000.0,B,13,13,13,0.021062068044546828,0.00016429507863175937,False,0.1,True,0,0.0005,0.1588792123480257,0.0787012890431108,cult_d1=5_att6
10000.0,1933.6537018086492,37.37439443920678,1000000.0,23095.1160862673,31260569699737.87,22638.0,457.11608626730043,93670.0,1353557591.2660544,C,7,13,13,0.021062068044546828,1.8917916504926087,False,0.1,True,0,0.0005,0.7534416986626743,0.0787012890431108,cult_d1=3_att1
100.0,,1.4248045174929411,1000000.0,,,,,93670.0,,B0,,13,13,0.031267062793499174,,,0.3,False,,0.0005,nan,0.11231729451860206,
100.0,20.744419352542085,1.4248045174929411,1000000.0,26076.0,1135956105977.4634,22638.0,3438,93670.0,43563280.640338376,A,7,13,13,0.031267062793499174,0.7580693159096429,False,0.3,True,3,0.0005,0.7216184477420733,0.11231729451860206,"15to1_9,3,3_minq"
100.0,1.0,1.4248045174929411,1000000.0,78787.78417936043,307272358299.5057,78078.0,709.7841793604275,93670.0,3900000.0,B,13,13,13,0.031267062793499174,0.00037685525848717827,False,0.3,True,0,0.0005,0.1588792123480257,0.11231729451860206,cult_d1=5_att6
100.0,29.556742406269954,1.4248045174929411,1000000.0,23147.214228132932,1436728121563.711,22638.0,509.21422813293276,93670.0,62069159.0531669,C,7,13,13,0.031267062793499174,0.8465779718105859,False,0.3,True,0,0.0005,0.7528855105355724,0.11231729451860206,cult_d1=3_att2
10000.0,,0.0257797679457318,1000000.0,,,,,93670.0,,B0,,13,13,0.02050587991744494,,,0.3,False,,0.0005,nan,0.07662301627042711,
10000.0,1146.5092497530989,0.0257797679457318,1000000.0,25068.0,60355457132902.44,22638.0,2430,93670.0,2407669424.481508,A,7,13,13,0.02050587991744494,1.7611192925208017,False,0.3,True,3,0.0005,0.7323796306181274,0.07662301627042711,"15to1_7,3,3_minerr"
10000.0,1.0,0.0257797679457318,1000000.0,78787.78417936043,307272358299.5057,78078.0,709.7841793604275,93670.0,3900000.0,B,13,13,13,0.02050587991744494,0.00037685525848717827,False,0.3,True,0,0.0005,0.1588792123480257,0.07662301627042711,cult_d1=5_att6
10000.0,29.556742406269954,0.0257797679457318,1000000.0,23147.214228132932,1436728121563.711,22638.0,509.21422813293276,93670.0,62069159.0531669,C,7,13,13,0.02050587991744494,0.8465779718105859,False,0.3,True,0,0.0005,0.7528855105355724,0.07662301627042711,cult_d1=3_att2
100.0,,0.5838405142428277,1000000.0,,,,,nan,,B0,,13,,nan,,,1.0,False,,0.0005,nan,0.1101335198182094,
100.0,91.33324703283516,0.5838405142428277,1000000.0,26076.0,16671240247397.467,22638.0,3438,nan,639332729.2298461,A,7,13,,nan,1.1286287182058872,False,1.0,True,3,0.0005,nan,0.1101335198182094,"15to1_9,3,3_minq"
100.0,1.0,0.5838405142428277,1000000.0,78879.83041446393,1025437795388.031,78078.0,801.8304144639228,nan,13000000.0,B,13,13,,nan,0.0005572856432519467,False,1.0,True,0,0.0005,nan,0.1101335198182094,cult_d1=5_att7
100.0,53.3240499151177,0.5838405142428277,1000000.0,23204.15833722037,8661377881885.635,22638.0,566.1583372203721,nan,373268349.4058239,C,7,13,,nan,0.9940968618308155,False,1.0,True,0,0.0005,nan,0.1101335198182094,cult_d1=3_att2
10000.0,,3.2547498184409487,1000000.0,,,,,nan,,B0,,13,,nan,,,1.0,False,,0.0005,nan,0.11231729451860206,
10000.0,91.33324703283516,3.2547498184409487,1000000.0,26076.0,16671240247397.467,22638.0,3438,nan,639332729.2298461,A,7,13,,nan,1.1286287182058872,False,1.0,True,3,0.0005,nan,0.11231729451860206,"15to1_9,3,3_minq"
10000.0,1.0,3.2547498184409487,1000000.0,78879.83041446393,1025437795388.031,78078.0,801.8304144639228,nan,13000000.0,B,13,13,,nan,0.0005572856432519467,False,1.0,True,0,0.0005,nan,0.11231729451860206,cult_d1=5_att7
10000.0,297.26686919774255,3.2547498184409487,1000000.0,23147.214228132932,48166299329725.625,22638.0,509.21422813293276,nan,2080868084.384198,C,7,13,,nan,1.4236575712090305,False,1.0,True,0,0.0005,nan,0.11231729451860206,cult_d1=3_att2
100.0,,2.3541353202499637,100000000.0,,,,,nan,,B0,,13,,nan,,,0.1,False,,0.0005,nan,0.08900928814122777,
100.0,2.5270978075151564,2.3541353202499637,100000000.0,62100.0,17262605123136.033,55902.0,6198,nan,277980758.8266672,A,11,13,,nan,0.23176788316229643,False,0.1,True,3,0.0005,nan,0.08900928814122777,"15to1_11,5,5_minerr"
100.0,,2.3541353202499637,100000000.0,,,,,nan,,B,,13,,nan,,,0.1,False,,0.0005,nan,0.08900928814122777,
100.0,5.949130206397674,2.3541353202499637,100000000.0,56572.52320642975,37021303732545.516,55902.0,670.5232064297525,nan,654404322.7037442,C,11,13,,nan,0.4458112562682338,False,0.1,True,0,0.0005,nan,0.08900928814122777,cult_d1=5_att5
10000.0,,2.3541353202499637,100000000.0,,,,,nan,,B0,,13,,nan,,,0.1,False,,0.0005,nan,0.08900928814122777,
10000.0,2.5270978075151564,2.3541353202499637,100000000.0,62100.0,17262605123136.033,55902.0,6198,nan,277980758.8266672,A,11,13,,nan,0.23176788316229643,False,0.1,True,3,0.0005,nan,0.08900928814122777,"15to1_11,5,5_minerr"
10000.0,,2.3541353202499637,100000000.0,,,,,nan,,B,,13,,nan,,,0.1,False,,0.0005,nan,0.08900928814122777,
10000.0,5.949130206397674,2.3541353202499637,100000000.0,56572.52320642975,37021303732545.516,55902.0,670.5232064297525,nan,654404322.7037442,C,11,13,,nan,0.4458112562682338,False,0.1,True,0,0.0005,nan,0.08900928814122777,cult_d1=5_att5
100.0,,13.046507550117518,100000000.0,,,,,nan,,B0,,13,,nan,,,0.3,False,,0.0005,nan,0.08900928814122777,
100.0,5.873430851388089,13.046507550117518,100000000.0,62100.0,120364218437496.11,55902.0,6198,nan,1938232180.9580693,A,11,13,,nan,0.44260973380753454,False,0.3,True,3,0.0005,nan,0.08900928814122777,"15to1_11,5,5_minerr"
100.0,,13.046507550117518,100000000.0,,,,,nan,,B,,13,,nan,,,0.3,False,,0.0005,nan,0.08900928814122777,
100.0,76.62775994772787,13.046507550117518,100000000.0,56572.52320642975,1430558490206855.8,55902.0,670.5232064297525,nan,25287160782.750195,C,11,13,,nan,1.0847398531253465,False,0.3,True,0,0.0005,nan,0.08900928814122777,cult_d1=5_att5
10000.0,,13.046507550117518,100000000.0,,,,,nan,,B0,,13,,nan,,,0.3,False,,0.0005,nan,0.08900928814122777,
10000.0,5.873430851388089,13.046507550117518,100000000.0,62100.0,120364218437496.11,55902.0,6198,nan,1938232180.9580693,A,11,13,,nan,0.44260973380753454,False,0.3,True,3,0.0005,nan,0.08900928814122777,"15to1_11,5,5_minerr"
10000.0,,13.046507550117518,100000000.0,,,,,nan,,B,,13,,nan,,,0.3,False,,0.0005,nan,0.08900928814122777,
10000.0,76.62775994772787,13.046507550117518,100000000.0,56572.52320642975,1430558490206855.8,55902.0,670.5232064297525,nan,25287160782.750195,C,11,13,,nan,1.0847398531253465,False,0.3,True,0,0.0005,nan,0.08900928814122777,cult_d1=5_att5
100.0,,0.03653316439699624,100000000.0,,,,,nan,,B0,,13,,nan,,,1.0,False,,0.0005,nan,0.3267260448011883,
100.0,69.41083702265848,0.03653316439699624,100000000.0,84276.0,7604568011198036.0,78078.0,6198,nan,90234088129.45602,A,13,13,,nan,1.0600107520965953,False,1.0,True,3,0.0005,nan,0.3267260448011883,"15to1_11,5,5_minerr"
100.0,,0.03653316439699624,100000000.0,,,,,nan,,B,,13,,nan,,,1.0,False,,0.0005,nan,0.3267260448011883,
100.0,2.5357975198818954,0.03653316439699624,100000000.0,56740.83584833505,158271597902257.12,55902.0,838.8358483350507,nan,2789377271.870085,C,11,13,,nan,0.23262704776738682,False,1.0,True,0,0.0005,nan,0.3267260448011883,cult_d1=5_att6
10000.0,,1.4523902736996073,100000000.0,,,,,nan,,B0,,13,,nan,,,1.0,False,,0.0005,nan,0.08778201596818913,
10000.0,112.4180873799084,1.4523902736996073,100000000.0,62100.0,7679279548921543.0,55902.0,6198,nan,123659896117.89925,A,11,13,,nan,1.1805562110658678,False,1.0,True,3,0.0005,nan,0.08778201596818913,"15to1_11,5,5_minerr"
10000.0,,1.4523902736996073,100000000.0,,,,,nan,,B,,13,,nan,,,1.0,False,,0.0005,nan,0.08778201596818913,
10000.0,163.27493669849153,1.4523902736996073,100000000.0,56648.736808375455,1.017425080808071e+16,55902.0,746.7368083754587,nan,179602430368.34067,C,11,13,,nan,1.2738588770224815,False,1.0,True,0,0.0005,nan,0.08778201596818913,cult_d1=5_att5
100.0,,nan,10000000000.0,,,,,nan,,B0,,13,,nan,,,0.1,False,,0.0005,nan,nan,
100.0,,nan,10000000000.0,,,,,nan,,A,,13,,nan,,,0.1,False,,0.0005,nan,nan,
100.0,,nan,10000000000.0,,,,,nan,,B,,13,,nan,,,0.1,False,,0.0005,nan,nan,
100.0,75.01455537350552,nan,10000000000.0,78879.83041446393,7.692276028422086e+16,78078.0,801.8304144639228,nan,975189219855.5717,C,13,13,,nan,1.0794205415883962,False,0.1,True,0,0.0005,nan,nan,cult_d1=5_att7
10000.0,,nan,10000000000.0,,,,,nan,,B0,,13,,nan,,,0.1,False,,0.0005,nan,nan,
10000.0,,nan,10000000000.0,,,,,nan,,A,,13,,nan,,,0.1,False,,0.0005,nan,nan,
10000.0,,nan,10000000000.0,,,,,nan,,B,,13,,nan,,,0.1,False,,0.0005,nan,nan,
10000.0,714.6573129903002,nan,10000000000.0,78787.78417936043,7.319814597950583e+17,78078.0,709.7841793604275,nan,9290545068873.902,C,13,13,,nan,1.6429507863175936,False,0.1,True,0,0.0005,nan,nan,cult_d1=5_att6
100.0,,nan,10000000000.0,,,,,nan,,B0,,13,,nan,,,0.3,False,,0.0005,nan,nan,
100.0,,nan,10000000000.0,,,,,nan,,A,,13,,nan,,,0.3,False,,0.0005,nan,nan,
100.0,,nan,10000000000.0,,,,,nan,,B,,13,,nan,,,0.3,False,,0.0005,nan,nan,
100.0,20.858126670439347,nan,10000000000.0,79085.76892698968,6.4333658458221624e+16,78078.0,1007.768926989673,nan,813466940147.1345,C,13,13,,nan,0.7594359101678121,False,0.3,True,0,0.0005,nan,nan,cult_d1=5_att8
10000.0,,nan,10000000000.0,,,,,nan,,B0,,13,,nan,,,0.3,False,,0.0005,nan,nan,
10000.0,,nan,10000000000.0,,,,,nan,,A,,13,,nan,,,0.3,False,,0.0005,nan,nan,
10000.0,,nan,10000000000.0,,,,,nan,,B,,13,,nan,,,0.3,False,,0.0005,nan,nan,
10000.0,4071.8283464481606,nan,10000000000.0,78879.83041446393,1.252622004834088e+19,78078.0,801.8304144639228,nan,158801305511478.25,C,13,13,,nan,2.07796185068419,False,0.3,True,0,0.0005,nan,nan,cult_d1=5_att7
100.0,,nan,10000000000.0,,,,,nan,,B0,,13,,nan,,,1.0,False,,0.0005,nan,nan,
100.0,,nan,10000000000.0,,,,,nan,,A,,13,,nan,,,1.0,False,,0.0005,nan,nan,
100.0,,nan,10000000000.0,,,,,nan,,B,,13,,nan,,,1.0,False,,0.0005,nan,nan,
100.0,76.13517832397899,nan,10000000000.0,79208.89756114913,7.839758602863036e+17,78078.0,1130.897561149128,nan,9897573182117.27,C,13,13,,nan,1.0831276056243992,False,1.0,True,0,0.0005,nan,nan,cult_d1=5_att10
10000.0,,nan,10000000000.0,,,,,nan,,B0,,13,,nan,,,1.0,False,,0.0005,nan,nan,
10000.0,,nan,10000000000.0,,,,,nan,,A,,13,,nan,,,1.0,False,,0.0005,nan,nan,
10000.0,,nan,10000000000.0,,,,,nan,,B,,13,,nan,,,1.0,False,,0.0005,nan,nan,
10000.0,111.17214507704401,nan,10000000000.0,79085.76892698968,1.1429774949685138e+18,78078.0,1007.768926989673,nan,14452378860015.72,C,13,13,,nan,1.1777699641315418,False,1.0,True,0,0.0005,nan,nan,cult_d1=5_att8
100.0,1.0,0.634076553208516,10000.0,40860.0,367740000.0,37422.0,3438,40860.0,9000.0,B0,9,15,9,0.035438998512623075,0.000804533151000637,False,0.1,True,3,0.0005,0.0,0.10617667394235075,"15to1_9,3,3_minq"
100.0,2.7991634195476705,0.634076553208516,10000.0,13638.0,190874953.57895565,11550.0,2088,40860.0,13995.817097738352,A,5,15,9,0.035438998512623075,0.2573301484512313,False,0.1,True,4,0.0005,0.6662261380323055,0.10617667394235075,"15to1_5,3,3_minerr"
100.0,1.0,0.634076553208516,10000.0,37862.345373393626,340761108.36054265,37422.0,440.34537339362276,40860.0,9000.0,B,9,15,9,0.035438998512623075,0.0006700012946255653,False,0.1,True,0,0.0005,0.07336403883030773,0.10617667394235075,cult_d1=3_att2
100.0,1.77488389293415,0.634076553208516,10000.0,12189.962520774221,108178840.66796567,11550.0,639.9625207742206,40860.0,8874.41946467075,C,5,15,9,0.035438998512623075,0.14343375208910697,False,0.1,True,0,0.0005,0.7016651365449285,0.10617667394235075,cult_d1=3_att1
10000.0,1.0,0.634076553208516,10000.0,40860.0,367740000.0,37422.0,3438,40860.0,9000.0,B0,9,15,9,0.035438998512623075,0.000804533151000637,False,0.1,True,3,0.0005,0.0,0.10617667394235075,"15to1_9,3,3_minq"
10000.0,2.7991634195476705,0.634076553208516,10000.0,13638.0,190874953.57895565,11550.0,2088,40860.0,13995.817097738352,A,5,15,9,0.035438998512623075,0.2573301484512313,False,0.1,True,4,0.0005,0.6662261380323055,0.10617667394235075,"15to1_5,3,3_minerr"
10000.0,1.0,0.634076553208516,10000.0,37862.345373393626,340761108.36054265,37422.0,440.34537339362276,40860.0,9000.0,B,9,15,9,0.035438998512623075,0.0006700012946255653,False,0.1,True,0,0.0005,0.07336403883030773,0.10617667394235075,cult_d1=3_att2
10000.0,1.77488389293415,0.634076553208516,10000.0,12189.962520774221,108178840.66796567,11550.0,639.9625207742206,40860.0,8874.41946467075,C,5,15,9,0.035438998512623075,0.14343375208910697,False,0.1,True,0,0.0005,0.7016651365449285,0.10617667394235075,cult_d1=3_att1
100.0,1.0,0.2549324282113642,10000.0,43766.0,1181682000.0,37422.0,6344,43766.0,27000.0,B0,9,15,9,0.03308589953904353,0.0009993497098856174,False,0.3,True,4,0.0005,0.0,0.10617667394235075,"15to1_9,5,5_minerr"
100.0,7.720618251810976,0.2549324282113642,10000.0,13638.0,1579406875.7729714,11550.0,2088,43766.0,115809.27377716464,A,5,15,9,0.03308589953904353,0.5109736113153929,False,0.3,True,4,0.0005,0.6883882465841065,0.10617667394235075,"15to1_5,3,3_minerr"
100.0,1.0,0.2549324282113642,10000.0,38241.528363414145,1032521265.812182,37422.0,819.528363414142,43766.0,27000.0,B,9,15,9,0.03308589953904353,0.0003710018658202834,False,0.3,True,0,0.0005,0.1262274742171059,0.10617667394235075,cult_d1=5_att5
100.0,1.9682359582271496,0.2549324282113642,10000.0,12189.962520774221,359890838.44243634,11550.0,639.9625207742206,43766.0,29523.539373407242,C,5,15,9,0.03308589953904353,0.16928442222901982,False,0.3,True,0,0.0005,0.72147414612315,0.10617667394235075,cult_d1=3_att1
10000.0,1.0,0.2549324282113642,10000.0,43766.0,1181682000.0,37422.0,6344,43766.0,27000.0,B0,9,15,9,0.03308589953904353,0.0009993497098856174,False,0.3,True,4,0.0005,0.0,0.10617667394235075,"15to1_9,5,5_minerr"
10000.0,7.720618251810976,0.2549324282113642,10000.0,13638.0,1579406875.7729714,11550.0,2088,43766.0,115809.27377716464,A,5,15,9,0.03308589953904353,0.5109736113153929,False,0.3,True,4,0.0005,0.6883882465841065,0.10617667394235075,"15to1_5,3,3_minerr"
10000.0,1.0,0.2549324282113642,10000.0,38241.528363414145,1032521265.812182,37422.0,819.528363414142,43766.0,27000.0,B,9,15,9,0.03308589953904353,0.0003710018658202834,False,0.3,True,0,0.0005,0.1262274742171059,0.10617667394235075,cult_d1=5_att5
10000.0,1.9682359582271496,0.2549324282113642,10000.0,12189.962520774221,359890838.44243634,11550.0,639.9625207742206,43766.0,29523.539373407242,C,5,15,9,0.03308589953904353,0.16928442222901982,False,0.3,True,0,0.0005,0.72147414612315,0.10617667394235075,cult_d1=3_att1
100.0,1.0,1.436340533636979,10000.0,45686.0,4111740000.0,37422.0,8264,45686.0,90000.0,B0,9,15,9,0.05691103356007921,0.0003805835016143355,False,1.0,True,4,0.0005,0.0,0.1757969898056646,"15to1_11,5,5_minerr"
100.0,1.9678636013016442,1.436340533636979,10000.0,14790.0,1455235133.162566,11550.0,3240,45686.0,98393.18006508221,A,5,15,9,0.05691103356007921,0.16923712198661173,False,1.0,True,4,0.0005,0.6762684410979294,0.1757969898056646,"15to1_7,3,3_minerr"
100.0,1.0,1.436340533636979,10000.0,38241.528363414145,3441737552.707273,37422.0,819.528363414142,45686.0,90000.0,B,9,15,9,0.05691103356007921,0.0005946268747202728,False,1.0,True,0,0.0005,0.16294864152225752,0.1757969898056646,cult_d1=5_att5
100.0,2.826522255218391,1.436340533636979,10000.0,12189.962520774221,1722760017.7623208,11550.0,639.9625207742206,45686.0,141326.11276091955,C,5,15,9,0.05691103356007921,0.25976176771871473,False,1.0,True,0,0.0005,0.7331794746580085,0.1757969898056646,cult_d1=3_att1
10000.0,1.0,0.010505505199700579,10000.0,45686.0,4111740000.0,37422.0,8264,45686.0,90000.0,B0,9,15,9,0.03169543140624653,0.0003805835016143355,False,1.0,True,4,0.0005,0.0,0.10617667394235075,"15to1_11,5,5_minerr"
10000.0,269.0515307439904,0.010505505199700579,10000.0,13638.0,183466238814.32706,11550.0,2088,45686.0,13452576.53719952,A,5,15,9,0.03169543140624653,1.3987257313399581,False,1.0,True,4,0.0005,0.701484043251762,0.10617667394235075,"15to1_5,3,3_minerr"
10000.0,1.0,0.010505505199700579,10000.0,38241.528363414145,3441737552.707273,37422.0,819.528363414142,45686.0,90000.0,B,9,15,9,0.03169543140624653,0.0005946268747202728,False,1.0,True,0,0.0005,0.16294864152225752,0.10617667394235075,cult_d1=5_att5
10000.0,2.826522255218391,0.010505505199700579,10000.0,12189.962520774221,1722760017.7623208,11550.0,639.9625207742206,45686.0,141326.11276091955,C,5,15,9,0.03169543140624653,0.25976176771871473,False,1.0,True,0,0.0005,0.7331794746580085,0.10617667394235075,cult_d1=3_att1
100.0,1.0,1.4363405336369794,100000.0,62100.0,6831000000.0,55902.0,6198,62100.0,110000.0,B0,11,15,11,0.03176946720986636,0.00023176788316229643,False,0.1,True,3,0.0005,0.0,0.0787012890431108,"15to1_11,5,5_minerr"
100.0,1.4838173791023659,1.4363405336369794,100000.0,25068.0,2603743384.1536674,22638.0,2430,62100.0,103867.21653716562,A,7,15,11,0.03176946720986636,0.09865451931715785,False,0.1,True,3,0.0005,0.596328502415459,0.0787012890431108,"15to1_7,3,3_minerr"
100.0,1.0,1.4363405336369794,100000.0,56572.52320642975,6222977552.707273,55902.0,670.5232064297525,62100.0,110000.0,B,11,15,11,0.03176946720986636,0.0004458112562682338,False,0.1,True,0,0.0005,0.08900928814122777,0.0787012890431108,cult_d1=5_att5
100.0,2.1312670461197163,1.4363405336369794,100000.0,23095.1160862673,3445530188.8679595,22638.0,457.11608626730043,62100.0,149188.69322838014,C,7,15,11,0.03176946720986636,0.18917916504926088,False,0.1,True,0,0.0005,0.6280979696253253,0.0787012890431108,cult_d1=3_att1
10000.0,1.0,1.4363405336369786,100000.0,62100.0,6831000000.0,55902.0,6198,62100.0,110000.0,B0,11,15,11,0.041868558441638955,0.00023176788316229643,False,0.1,True,3,0.0005,0.0,0.1757969898056646,"15to1_11,5,5_minerr"
10000.0,215.99418815575768,1.4363405336369786,100000.0,14790.0,159727702141.1828,11550.0,3240,62100.0,10799709.407787884,A,5,15,11,0.041868558441638955,1.3438128751589666,False,0.1,True,4,0.0005,0.7618357487922706,0.1757969898056646,"15to1_7,3,3_minerr"
10000.0,1.0,1.4363405336369786,100000.0,56572.52320642975,6222977552.707273,55902.0,670.5232064297525,62100.0,110000.0,B,11,15,11,0.041868558441638955,0.0004458112562682338,False,0.1,True,0,0.0005,0.08900928814122777,0.1757969898056646,cult_d1=5_att5
10000.0,310.24120747812697,1.4363405336369786,100000.0,12189.962520774221,189091434577.90533,11550.0,639.9625207742206,62100.0,15512060.373906348,C,5,15,11,0.041868558441638955,1.4343375208910696,False,0.1,True,0,0.0005,0.8037043072339095,0.1757969898056646,cult_d1=3_att1
100.0,1.0,2.9632769947608137,100000.0,62100.0,20493000000.0,55902.0,6198,62100.0,330000.0,B0,11,15,11,0.03176946720986636,0.00044260973380753454,False,0.3,True,3,0.0005,0.0,0.0787012890431108,"15to1_11,5,5_minerr"
100.0,2.022729257417004,2.9632769947608137,100000.0,25068.0,10648213175.235188,22638.0,2430,62100.0,424773.1440575709,A,7,15,11,0.03176946720986636,0.1761119292520802,False,0.3,True,3,0.0005,0.596328502415459,0.0787012890431108,"15to1_7,3,3_minerr"
100.0,1.0,2.9632769947608137,100000.0,56648.736808375455,18694083146.7639,55902.0,746.7368083754587,62100.0,330000.0,B,11,15,11,0.03176946720986636,0.00047060053359451856,False,0.3,True,0,0.0005,0.08778201596818913,0.0787012890431108,cult_d1=5_att5
100.0,5.993907075133433,2.9632769947608137,100000.0,23095.1160862673,29070295739.20616,22638.0,457.11608626730043,62100.0,1258720.485778021,C,7,15,11,0.03176946720986636,0.44768586644838926,False,0.3,True,0,0.0005,0.6280979696253253,0.0787012890431108,cult_d1=3_att1
10000.0,1.0,2.9632769947608133,100000.0,62100.0,20493000000.0,55902.0,6198,62100.0,330000.0,B0,11,15,11,0.041868558441638955,0.00044260973380753454,False,0.3,True,3,0.0005,0.0,0.1757969898056646,"15to1_11,5,5_minerr"
10000.0,294.44173519451925,2.9632769947608133,100000.0,14790.0,653218989529.041,11550.0,3240,62100.0,44166260.27917789,A,5,15,11,0.041868558441638955,1.421270285093889,False,0.3,True,4,0.0005,0.7618357487922706,0.1757969898056646,"15to1_7,3,3_minerr"
10000.0,1.0,2.9632769947608133,100000.0,56648.736808375455,18694083146.7639,55902.0,746.7368083754587,62100.0,330000.0,B,11,15,11,0.041868558441638955,0.00047060053359451856,False,0.3,True,0,0.0005,0.08778201596818913,0.1757969898056646,cult_d1=5_att5
10000.0,872.5124201993742,2.9632769947608133,100000.0,12189.962520774221,1595384055171.0571,11550.0,639.9625207742206,62100.0,130876863.02990614,C,5,15,11,0.041868558441638955,1.692844222290198,False,0.3,True,0,0.0005,0.8037043072339095,0.1757969898056646,cult_d1=3_att1
100.0,1.0,0.29541077676409705,100000.0,71494.0,78643400000.0,55902.0,15592,71494.0,1100000.0,B0,11,15,11,0.02686639119180725,0.0002612723620223727,False,1.0,True,4,0.0005,0.0,0.07662301627042711,"15to1_15,7,7_minerr"
100.0,5.982577266262315,0.29541077676409705,100000.0,25068.0,104979872837.4646,22638.0,2430,71494.0,4187804.0863836207,A,7,15,11,0.02686639119180725,0.4472128640243084,False,1.0,True,3,0.0005,0.6493691778331049,0.07662301627042711,"15to1_7,3,3_minerr"
100.0,1.0,0.29541077676409705,100000.0,56740.83584833505,62414919433.16856,55902.0,838.8358483350507,71494.0,1100000.0,B,11,15,11,0.02686639119180725,0.00023262704776738684,False,1.0,True,0,0.0005,0.2063552766898613,0.07662301627042711,cult_d1=5_att6
100.0,1.767317797277779,0.29541077676409705,100000.0,23147.214228132932,28635938563.946533,22638.0,509.21422813293276,71494.0,1237122.4580944453,C,7,15,11,0.02686639119180725,0.14236575712090305,False,1.0,True,0,0.0005,0.6762355690249121,0.07662301627042711,cult_d1=3_att2
10000.0,1.0,0.29541077676409705,100000.0,71494.0,78643400000.0,55902.0,15592,71494.0,1100000.0,B0,11,15,11,0.035347023255292674,0.0002612723620223727,False,1.0,True,4,0.0005,0.0,0.17086545507869466,"15to1_15,7,7_minerr"
10000.0,870.8631789224206,0.29541077676409705,100000.0,14790.0,6440033208131.301,11550.0,3240,71494.0,435431589.4612103,A,5,15,11,0.035347023255292674,1.6923712198661172,False,1.0,True,4,0.0005,0.7931294933840602,0.17086545507869466,"15to1_7,3,3_minerr"
10000.0,1.0,0.29541077676409705,100000.0,56740.83584833505,62414919433.16856,55902.0,838.8358483350507,71494.0,1100000.0,B,11,15,11,0.035347023255292674,0.00023262704776738684,False,1.0,True,0,0.0005,0.2063552766898613,0.17086545507869466,cult_d1=5_att6
10000.0,257.2623681407231,0.29541077676409705,100000.0,12262.899919386105,1577391336766.9758,11550.0,712.8999193861058,71494.0,128631184.07036154,C,5,15,11,0.035347023255292674,1.3875241129627118,False,1.0,True,0,0.0005,0.8284765166393528,0.17086545507869466,cult_d1=3_att2
100.0,1.0,0.29541077676409705,1000000.0,93670.0,121771000000.0,78078.0,15592,93670.0,1300000.0,B0,13,15,13,0.02050587991744494,0.00019294039288674522,False,0.1,True,4,0.0005,0.0,0.07662301627042711,"15to1_15,7,7_minerr"
100.0,51.73739215906045,0.29541077676409705,1000000.0,25068.0,907867062650.3292,22638.0,2430,93670.0,36216174.51134232,A,7,15,13,0.02050587991744494,0.9865451931715784,False,0.1,True,3,0.0005,0.7323796306181274,0.07662301627042711,"15to1_7,3,3_minerr"
100.0,1.0,0.29541077676409705,1000000.0,78787.78417936043,102424119433.16856,78078.0,709.7841793604275,93670.0,1300000.0,B,13,15,13,0.02050587991744494,0.00016429507863175937,False,0.1,True,0,0.0005,0.1588792123480257,0.07662301627042711,cult_d1=5_att6
100.0,15.28378320545675,0.29541077676409705,1000000.0,23147.214228132932,247643902851.13333,22638.0,509.21422813293276,93670.0,10698648.243819725,C,7,15,13,0.02050587991744494,0.6816980862681731,False,0.1,True,0,0.0005,0.7528855105355724,0.07662301627042711,cult_d1=3_att2
10000.0,1.0,37.37439443920678,1000000.0,93670.0,121771000000.0,78078.0,15592,93670.0,1300000.0,B0,13,15,13,0.021062068044546828,0.00019294039288674522,False,0.1,True,4,0.0005,0.0,0.0787012890431108,"15to1_15,7,7_minerr"
10000.0,51.73739215906045,37.37439443920678,1000000.0,25068.0,907867062650.3292,22638.0,2430,93670.0,36216174.51134232,A,7,15,13,0.021062068044546828,0.9865451931715784,False,0.1,True,3,0.0005,0.7323796306181274,0.0787012890431108,"15to1_7,3,3_minerr"
10000.0,1.0,37.37439443920678,1000000.0,78787.78417936043,102424119433.16856,78078.0,709.7841793604275,93670.0,1300000.0,B,13,15,13,0.021062068044546828,0.00016429507863175937,False,0.1,True,0,0.0005,0.1588792123480257,0.0787012890431108,cult_d1=5_att6
10000.0,1933.6537018086492,37.37439443920678,1000000.0,23095.1160862673,31260569699737.87,22638.0,457.11608626730043,93670.0,1353557591.2660544,C,7,15,13,0.021062068044546828,1.8917916504926087,False,0.1,True,0,0.0005,0.7534416986626743,0.0787012890431108,cult_d1=3_att1
100.0,1.0,1.4248045174929411,1000000.0,93670.0,365313000000.0,78078.0,15592,93670.0,3900000.0,B0,13,15,13,0.031267062793499174,0.0004627912012521358,False,0.3,True,4,0.0005,0.0,0.11231729451860206,"15to1_15,7,7_minerr"
100.0,20.744419352542085,1.4248045174929411,1000000.0,26076.0,1135956105977.4634,22638.0,3438,93670.0,43563280.640338376,A,7,15,13,0.031267062793499174,0.7580693159096429,False,0.3,True,3,0.0005,0.7216184477420733,0.11231729451860206,"15to1_9,3,3_minq"
100.0,1.0,1.4248045174929411,1000000.0,78787.78417936043,307272358299.5057,78078.0,709.7841793604275,93670.0,3900000.0,B,13,15,13,0.031267062793499174,0.00037685525848717827,False,0.3,True,0,0.0005,0.1588792123480257,0.11231729451860206,cult_d1=5_att6
100.0,29.556742406269954,1.4248045174929411,1000000.0,23147.214228132932,1436728121563.711,22638.0,509.21422813293276,93670.0,62069159.0531669,C,7,15,13,0.031267062793499174,0.8465779718105859,False,0.3,True,0,0.0005,0.7528855105355724,0.11231729451860206,cult_d1=3_att2
10000.0,1.0,0.0257797679457318,1000000.0,93670.0,365313000000.0,78078.0,15592,93670.0,3900000.0,B0,13,15,13,0.02050587991744494,0.0004627912012521358,False,0.3,True,4,0.0005,0.0,0.07662301627042711,"15to1_15,7,7_minerr"
10000.0,1146.5092497530989,0.0257797679457318,1000000.0,25068.0,60355457132902.44,22638.0,2430,93670.0,2407669424.481508,A,7,15,13,0.02050587991744494,1.7611192925208017,False,0.3,True,3,0.0005,0.7323796306181274,0.07662301627042711,"15to1_7,3,3_minerr"
10000.0,1.0,0.0257797679457318,1000000.0,78787.78417936043,307272358299.5057,78078.0,709.7841793604275,93670.0,3900000.0,B,13,15,13,0.02050587991744494,0.00037685525848717827,False,0.3,True,0,0.0005,0.1588792123480257,0.07662301627042711,cult_d1=5_att6
10000.0,29.556742406269954,0.0257797679457318,1000000.0,23147.214228132932,1436728121563.711,22638.0,509.21422813293276,93670.0,62069159.0531669,C,7,15,13,0.02050587991744494,0.8465779718105859,False,0.3,True,0,0.0005,0.7528855105355724,0.07662301627042711,cult_d1=3_att2
100.0,,0.5838405142428277,1000000.0,,,,,nan,,B0,,15,,nan,,,1.0,False,,0.0005,nan,0.1101335198182094,
100.0,91.33324703283516,0.5838405142428277,1000000.0,26076.0,16671240247397.467,22638.0,3438,nan,639332729.2298461,A,7,15,,nan,1.1286287182058872,False,1.0,True,3,0.0005,nan,0.1101335198182094,"15to1_9,3,3_minq"
100.0,1.0,0.5838405142428277,1000000.0,78879.83041446393,1025437795388.031,78078.0,801.8304144639228,nan,13000000.0,B,13,15,,nan,0.0005572856432519467,False,1.0,True,0,0.0005,nan,0.1101335198182094,cult_d1=5_att7
100.0,53.3240499151177,0.5838405142428277,1000000.0,23204.15833722037,8661377881885.635,22638.0,566.1583372203721,nan,373268349.4058239,C,7,15,,nan,0.9940968618308155,False,1.0,True,0,0.0005,nan,0.1101335198182094,cult_d1=3_att2
10000.0,,3.2547498184409487,1000000.0,,,,,nan,,B0,,15,,nan,,,1.0,False,,0.0005,nan,0.11231729451860206,
10000.0,91.33324703283516,3.2547498184409487,1000000.0,26076.0,16671240247397.467,22638.0,3438,nan,639332729.2298461,A,7,15,,nan,1.1286287182058872,False,1.0,True,3,0.0005,nan,0.11231729451860206,"15to1_9,3,3_minq"
10000.0,1.0,3.2547498184409487,1000000.0,78879.83041446393,1025437795388.031,78078.0,801.8304144639228,nan,13000000.0,B,13,15,,nan,0.0005572856432519467,False,1.0,True,0,0.0005,nan,0.11231729451860206,cult_d1=5_att7
10000.0,297.26686919774255,3.2547498184409487,1000000.0,23147.214228132932,48166299329725.625,22638.0,509.21422813293276,nan,2080868084.384198,C,7,15,,nan,1.4236575712090305,False,1.0,True,0,0.0005,nan,0.11231729451860206,cult_d1=3_att2
100.0,,2.3541353202499637,100000000.0,,,,,nan,,B0,,15,,nan,,,0.1,False,,0.0005,nan,0.08900928814122777,
100.0,2.5270978075151564,2.3541353202499637,100000000.0,62100.0,17262605123136.033,55902.0,6198,nan,277980758.8266672,A,11,15,,nan,0.23176788316229643,False,0.1,True,3,0.0005,nan,0.08900928814122777,"15to1_11,5,5_minerr"
100.0,1.0,2.3541353202499637,100000000.0,104823.39973672439,15723509960508.658,103950.0,873.3997367243833,nan,150000000.0,B,15,15,,nan,0.0008640086765381186,False,0.1,True,0,0.0005,nan,0.08900928814122777,cult_d1=5_att8
100.0,5.949130206397674,2.3541353202499637,100000000.0,56572.52320642975,37021303732545.516,55902.0,670.5232064297525,nan,654404322.7037442,C,11,15,,nan,0.4458112562682338,False,0.1,True,0,0.0005,nan,0.08900928814122777,cult_d1=5_att5
10000.0,,2.3541353202499637,100000000.0,,,,,nan,,B0,,15,,nan,,,0.1,False,,0.0005,nan,0.08900928814122777,
10000.0,2.5270978075151564,2.3541353202499637,100000000.0,62100.0,17262605123136.033,55902.0,6198,nan,277980758.8266672,A,11,15,,nan,0.23176788316229643,False,0.1,True,3,0.0005,nan,0.08900928814122777,"15to1_11,5,5_minerr"
10000.0,1.0,2.3541353202499637,100000000.0,104823.39973672439,15723509960508.658,103950.0,873.3997367243833,nan,150000000.0,B,15,15,,nan,0.0008640086765381186,False,0.1,True,0,0.0005,nan,0.08900928814122777,cult_d1=5_att8
10000.0,5.949130206397674,2.3541353202499637,100000000.0,56572.52320642975,37021303732545.516,55902.0,670.5232064297525,nan,654404322.7037442,C,11,15,,nan,0.4458112562682338,False,0.1,True,0,0.0005,nan,0.08900928814122777,cult_d1=5_att5
100.0,,13.046507550117518,100000000.0,,,,,nan,,B0,,15,,nan,,,0.3,False,,0.0005,nan,0.08900928814122777,
100.0,5.873430851388089,13.046507550117518,100000000.0,62100.0,120364218437496.11,55902.0,6198,nan,1938232180.9580693,A,11,15,,nan,0.44260973380753454,False,0.3,True,3,0.0005,nan,0.08900928814122777,"15to1_11,5,5_minerr"
100.0,,13.046507550117518,100000000.0,,,,,nan,,B,,15,,nan,,,0.3,False,,0.0005,nan,0.08900928814122777,
100.0,76.62775994772787,13.046507550117518,100000000.0,56572.52320642975,1430558490206855.8,55902.0,670.5232064297525,nan,25287160782.750195,C,11,15,,nan,1.0847398531253465,False,0.3,True,0,0.0005,nan,0.08900928814122777,cult_d1=5_att5
10000.0,,13.046507550117518,100000000.0,,,,,nan,,B0,,15,,nan,,,0.3,False,,0.0005,nan,0.08900928814122777,
10000.0,5.873430851388089,13.046507550117518,100000000.0,62100.0,120364218437496.11,55902.0,6198,nan,1938232180.9580693,A,11,15,,nan,0.44260973380753454,False,0.3,True,3,0.0005,nan,0.08900928814122777,"15to1_11,5,5_minerr"
10000.0,,13.046507550117518,100000000.0,,,,,nan,,B,,15,,nan,,,0.3,False,,0.0005,nan,0.08900928814122777,
10000.0,76.62775994772787,13.046507550117518,100000000.0,56572.52320642975,1430558490206855.8,55902.0,670.5232064297525,nan,25287160782.750195,C,11,15,,nan,1.0847398531253465,False,0.3,True,0,0.0005,nan,0.08900928814122777,cult_d1=5_att5
100.0,,0.8917394753817645,100000000.0,,,,,nan,,B0,,15,,nan,,,1.0,False,,0.0005,nan,0.2063552766898613,
100.0,2.8436528715926697,0.8917394753817645,100000000.0,71494.0,223634530241810.94,55902.0,15592,nan,3128018158.7519364,A,11,15,,nan,0.2612723620223727,False,1.0,True,4,0.0005,nan,0.2063552766898613,"15to1_15,7,7_minerr"
100.0,,0.8917394753817645,100000000.0,,,,,nan,,B,,15,,nan,,,1.0,False,,0.0005,nan,0.2063552766898613,
100.0,2.5357975198818954,0.8917394753817645,100000000.0,56740.83584833505,158271597902257.12,55902.0,838.8358483350507,nan,2789377271.870085,C,11,15,,nan,0.23262704776738682,False,1.0,True,0,0.0005,nan,0.2063552766898613,cult_d1=5_att6
10000.0,,1.4523902736996073,100000000.0,,,,,nan,,B0,,15,,nan,,,1.0,False,,0.0005,nan,0.08778201596818913,
10000.0,112.4180873799084,1.4523902736996073,100000000.0,62100.0,7679279548921543.0,55902.0,6198,nan,123659896117.89925,A,11,15,,nan,1.1805562110658678,False,1.0,True,3,0.0005,nan,0.08778201596818913,"15to1_11,5,5_minerr"
10000.0,,1.4523902736996073,100000000.0,,,,,nan,,B,,15,,nan,,,1.0,False,,0.0005,nan,0.08778201596818913,
10000.0,163.27493669849153,1.4523902736996073,100000000.0,56648.736808375455,1.017425080808071e+16,55902.0,746.7368083754587,nan,179602430368.34067,C,11,15,,nan,1.2738588770224815,False,1.0,True,0,0.0005,nan,0.08778201596818913,cult_d1=5_att5
100.0,,nan,10000000000.0,,,,,nan,,B0,,15,,nan,,,0.1,False,,0.0005,nan,nan,
100.0,,nan,10000000000.0,,,,,nan,,A,,15,,nan,,,0.1,False,,0.0005,nan,nan,
100.0,,nan,10000000000.0,,,,,nan,,B,,15,,nan,,,0.1,False,,0.0005,nan,nan,
100.0,75.01455537350552,nan,10000000000.0,78879.83041446393,7.692276028422086e+16,78078.0,801.8304144639228,nan,975189219855.5717,C,13,15,,nan,1.0794205415883962,False,0.1,True,0,0.0005,nan,nan,cult_d1=5_att7
10000.0,,0.31796544354653145,10000000000.0,,,,,nan,,B0,,15,,nan,,,0.1,False,,0.0005,nan,0.1588792123480257,
10000.0,2247.594282633787,0.31796544354653145,10000000000.0,93670.0,2.7369180339059886e+18,78078.0,15592,nan,29218725674239.23,A,13,15,,nan,1.929403928867452,False,0.1,True,4,0.0005,nan,0.1588792123480257,"15to1_15,7,7_minerr"
10000.0,,0.31796544354653145,10000000000.0,,,,,nan,,B,,15,,nan,,,0.1,False,,0.0005,nan,0.1588792123480257,
10000.0,714.6573129903002,0.31796544354653145,10000000000.0,78787.78417936043,7.319814597950583e+17,78078.0,709.7841793604275,nan,9290545068873.902,C,13,15,,nan,1.6429507863175936,False,0.1,True,0,0.0005,nan,0.1588792123480257,cult_d1=5_att6
100.0,,nan,10000000000.0,,,,,nan,,B0,,15,,nan,,,0.3,False,,0.0005,nan,nan,
100.0,,nan,10000000000.0,,,,,nan,,A,,15,,nan,,,0.3,False,,0.0005,nan,nan,
100.0,,nan,10000000000.0,,,,,nan,,B,,15,,nan,,,0.3,False,,0.0005,nan,nan,
100.0,20.858126670439347,nan,10000000000.0,79085.76892698968,6.4333658458221624e+16,78078.0,1007.768926989673,nan,813466940147.1345,C,13,15,,nan,0.7594359101678121,False,0.3,True,0,0.0005,nan,nan,cult_d1=5_att8
10000.0,,nan,10000000000.0,,,,,nan,,B0,,15,,nan,,,0.3,False,,0.0005,nan,nan,
10000.0,,nan,10000000000.0,,,,,nan,,A,,15,,nan,,,0.3,False,,0.0005,nan,nan,
10000.0,,nan,10000000000.0,,,,,nan,,B,,15,,nan,,,0.3,False,,0.0005,nan,nan,
10000.0,4071.8283464481606,nan,10000000000.0,78879.83041446393,1.252622004834088e+19,78078.0,801.8304144639228,nan,158801305511478.25,C,13,15,,nan,2.07796185068419,False,0.3,True,0,0.0005,nan,nan,cult_d1=5_att7
100.0,,nan,10000000000.0,,,,,nan,,B0,,15,,nan,,,1.0,False,,0.0005,nan,nan,
100.0,,nan,10000000000.0,,,,,nan,,A,,15,,nan,,,1.0,False,,0.0005,nan,nan,
100.0,,nan,10000000000.0,,,,,nan,,B,,15,,nan,,,1.0,False,,0.0005,nan,nan,
100.0,76.13517832397899,nan,10000000000.0,79208.89756114913,7.839758602863036e+17,78078.0,1130.897561149128,nan,9897573182117.27,C,13,15,,nan,1.0831276056243992,False,1.0,True,0,0.0005,nan,nan,cult_d1=5_att10
10000.0,,nan,10000000000.0,,,,,nan,,B0,,15,,nan,,,1.0,False,,0.0005,nan,nan,
10000.0,,nan,10000000000.0,,,,,nan,,A,,15,,nan,,,1.0,False,,0.0005,nan,nan,
10000.0,,nan,10000000000.0,,,,,nan,,B,,15,,nan,,,1.0,False,,0.0005,nan,nan,
10000.0,111.17214507704401,nan,10000000000.0,79085.76892698968,1.1429774949685138e+18,78078.0,1007.768926989673,nan,14452378860015.72,C,13,15,,nan,1.1777699641315418,False,1.0,True,0,0.0005,nan,nan,cult_d1=5_att8
100.0,1.0,0.634076553208516,10000.0,40860.0,367740000.0,37422.0,3438,40860.0,9000.0,B0,9,17,9,0.035438998512623075,0.000804533151000637,False,0.1,True,3,0.0005,0.0,0.10617667394235075,"15to1_9,3,3_minq"
100.0,2.7991634195476705,0.634076553208516,10000.0,13638.0,190874953.57895565,11550.0,2088,40860.0,13995.817097738352,A,5,17,9,0.035438998512623075,0.2573301484512313,False,0.1,True,4,0.0005,0.6662261380323055,0.10617667394235075,"15to1_5,3,3_minerr"
100.0,1.0,0.634076553208516,10000.0,37862.345373393626,340761108.36054265,37422.0,440.34537339362276,40860.0,9000.0,B,9,17,9,0.035438998512623075,0.0006700012946255653,False,0.1,True,0,0.0005,0.07336403883030773,0.10617667394235075,cult_d1=3_att2
100.0,1.77488389293415,0.634076553208516,10000.0,12189.962520774221,108178840.66796567,11550.0,639.9625207742206,40860.0,8874.41946467075,C,5,17,9,0.035438998512623075,0.14343375208910697,False,0.1,True,0,0.0005,0.7016651365449285,0.10617667394235075,cult_d1=3_att1
10000.0,1.0,0.634076553208516,10000.0,40860.0,367740000.0,37422.0,3438,40860.0,9000.0,B0,9,17,9,0.035438998512623075,0.000804533151000637,False,0.1,True,3,0.0005,0.0,0.10617667394235075,"15to1_9,3,3_minq"
10000.0,2.7991634195476705,0.634076553208516,10000.0,13638.0,190874953.57895565,11550.0,2088,40860.0,13995.817097738352,A,5,17,9,0.035438998512623075,0.2573301484512313,False,0.1,True,4,0.0005,0.6662261380323055,0.10617667394235075,"15to1_5,3,3_minerr"
10000.0,1.0,0.634076553208516,10000.0,37862.345373393626,340761108.36054265,37422.0,440.34537339362276,40860.0,9000.0,B,9,17,9,0.035438998512623075,0.0006700012946255653,False,0.1,True,0,0.0005,0.07336403883030773,0.10617667394235075,cult_d1=3_att2
10000.0,1.77488389293415,0.634076553208516,10000.0,12189.962520774221,108178840.66796567,11550.0,639.9625207742206,40860.0,8874.41946467075,C,5,17,9,0.035438998512623075,0.14343375208910697,False,0.1,True,0,0.0005,0.7016651365449285,0.10617667394235075,cult_d1=3_att1
100.0,1.0,0.2549324282113642,10000.0,43766.0,1181682000.0,37422.0,6344,43766.0,27000.0,B0,9,17,9,0.03308589953904353,0.0009993497098856174,False,0.3,True,4,0.0005,0.0,0.10617667394235075,"15to1_9,5,5_minerr"
100.0,7.720618251810976,0.2549324282113642,10000.0,13638.0,1579406875.7729714,11550.0,2088,43766.0,115809.27377716464,A,5,17,9,0.03308589953904353,0.5109736113153929,False,0.3,True,4,0.0005,0.6883882465841065,0.10617667394235075,"15to1_5,3,3_minerr"
100.0,1.0,0.2549324282113642,10000.0,38241.528363414145,1032521265.812182,37422.0,819.528363414142,43766.0,27000.0,B,9,17,9,0.03308589953904353,0.0003710018658202834,False,0.3,True,0,0.0005,0.1262274742171059,0.10617667394235075,cult_d1=5_att5
100.0,1.9682359582271496,0.2549324282113642,10000.0,12189.962520774221,359890838.44243634,11550.0,639.9625207742206,43766.0,29523.539373407242,C,5,17,9,0.03308589953904353,0.16928442222901982,False,0.3,True,0,0.0005,0.72147414612315,0.10617667394235075,cult_d1=3_att1
10000.0,1.0,0.2549324282113642,10000.0,43766.0,1181682000.0,37422.0,6344,43766.0,27000.0,B0,9,17,9,0.03308589953904353,0.0009993497098856174,False,0.3,True,4,0.0005,0.0,0.10617667394235075,"15to1_9,5,5_minerr"
10000.0,7.720618251810976,0.2549324282113642,10000.0,13638.0,1579406875.7729714,11550.0,2088,43766.0,115809.27377716464,A,5,17,9,0.03308589953904353,0.5109736113153929,False,0.3,True,4,0.0005,0.6883882465841065,0.10617667394235075,"15to1_5,3,3_minerr"
10000.0,1.0,0.2549324282113642,10000.0,38241.528363414145,1032521265.812182,37422.0,819.528363414142,43766.0,27000.0,B,9,17,9,0.03308589953904353,0.0003710018658202834,False,0.3,True,0,0.0005,0.1262274742171059,0.10617667394235075,cult_d1=5_att5
10000.0,1.9682359582271496,0.2549324282113642,10000.0,12189.962520774221,359890838.44243634,11550.0,639.9625207742206,43766.0,29523.539373407242,C,5,17,9,0.03308589953904353,0.16928442222901982,False,0.3,True,0,0.0005,0.72147414612315,0.10617667394235075,cult_d1=3_att1
100.0,1.0,1.436340533636979,10000.0,45686.0,4111740000.0,37422.0,8264,45686.0,90000.0,B0,9,17,9,0.05691103356007921,0.0003805835016143355,False,1.0,True,4,0.0005,0.0,0.1757969898056646,"15to1_11,5,5_minerr"
100.0,1.9678636013016442,1.436340533636979,10000.0,14790.0,1455235133.162566,11550.0,3240,45686.0,98393.18006508221,A,5,17,9,0.05691103356007921,0.16923712198661173,False,1.0,True,4,0.0005,0.6762684410979294,0.1757969898056646,"15to1_7,3,3_minerr"
100.0,1.0,1.436340533636979,10000.0,38241.528363414145,3441737552.707273,37422.0,819.528363414142,45686.0,90000.0,B,9,17,9,0.05691103356007921,0.0005946268747202728,False,1.0,True,0,0.0005,0.16294864152225752,0.1757969898056646,cult_d1=5_att5
100.0,2.826522255218391,1.436340533636979,10000.0,12189.962520774221,1722760017.7623208,11550.0,639.9625207742206,45686.0,141326.11276091955,C,5,17,9,0.05691103356007921,0.25976176771871473,False,1.0,True,0,0.0005,0.7331794746580085,0.1757969898056646,cult_d1=3_att1
10000.0,1.0,0.010505505199700579,10000.0,45686.0,4111740000.0,37422.0,8264,45686.0,90000.0,B0,9,17,9,0.03169543140624653,0.0003805835016143355,False,1.0,True,4,0.0005,0.0,0.10617667394235075,"15to1_11,5,5_minerr"
10000.0,269.0515307439904,0.010505505199700579,10000.0,13638.0,183466238814.32706,11550.0,2088,45686.0,13452576.53719952,A,5,17,9,0.03169543140624653,1.3987257313399581,False,1.0,True,4,0.0005,0.701484043251762,0.10617667394235075,"15to1_5,3,3_minerr"
10000.0,1.0,0.010505505199700579,10000.0,38241.528363414145,3441737552.707273,37422.0,819.528363414142,45686.0,90000.0,B,9,17,9,0.03169543140624653,0.0005946268747202728,False,1.0,True,0,0.0005,0.16294864152225752,0.10617667394235075,cult_d1=5_att5
10000.0,2.826522255218391,0.010505505199700579,10000.0,12189.962520774221,1722760017.7623208,11550.0,639.9625207742206,45686.0,141326.11276091955,C,5,17,9,0.03169543140624653,0.25976176771871473,False,1.0,True,0,0.0005,0.7331794746580085,0.10617667394235075,cult_d1=3_att1
100.0,1.0,1.4363405336369794,100000.0,62100.0,6831000000.0,55902.0,6198,62100.0,110000.0,B0,11,17,11,0.03176946720986636,0.00023176788316229643,False,0.1,True,3,0.0005,0.0,0.0787012890431108,"15to1_11,5,5_minerr"
100.0,1.4838173791023659,1.4363405336369794,100000.0,25068.0,2603743384.1536674,22638.0,2430,62100.0,103867.21653716562,A,7,17,11,0.03176946720986636,0.09865451931715785,False,0.1,True,3,0.0005,0.596328502415459,0.0787012890431108,"15to1_7,3,3_minerr"
100.0,1.0,1.4363405336369794,100000.0,56572.52320642975,6222977552.707273,55902.0,670.5232064297525,62100.0,110000.0,B,11,17,11,0.03176946720986636,0.0004458112562682338,False,0.1,True,0,0.0005,0.08900928814122777,0.0787012890431108,cult_d1=5_att5
100.0,2.1312670461197163,1.4363405336369794,100000.0,23095.1160862673,3445530188.8679595,22638.0,457.11608626730043,62100.0,149188.69322838014,C,7,17,11,0.03176946720986636,0.18917916504926088,False,0.1,True,0,0.0005,0.6280979696253253,0.0787012890431108,cult_d1=3_att1
10000.0,1.0,1.4363405336369786,100000.0,62100.0,6831000000.0,55902.0,6198,62100.0,110000.0,B0,11,17,11,0.041868558441638955,0.00023176788316229643,False,0.1,True,3,0.0005,0.0,0.1757969898056646,"15to1_11,5,5_minerr"
10000.0,215.99418815575768,1.4363405336369786,100000.0,14790.0,159727702141.1828,11550.0,3240,62100.0,10799709.407787884,A,5,17,11,0.041868558441638955,1.3438128751589666,False,0.1,True,4,0.0005,0.7618357487922706,0.1757969898056646,"15to1_7,3,3_minerr"
10000.0,1.0,1.4363405336369786,100000.0,56572.52320642975,6222977552.707273,55902.0,670.5232064297525,62100.0,110000.0,B,11,17,11,0.041868558441638955,0.0004458112562682338,False,0.1,True,0,0.0005,0.08900928814122777,0.1757969898056646,cult_d1=5_att5
10000.0,310.24120747812697,1.4363405336369786,100000.0,12189.962520774221,189091434577.90533,11550.0,639.9625207742206,62100.0,15512060.373906348,C,5,17,11,0.041868558441638955,1.4343375208910696,False,0.1,True,0,0.0005,0.8037043072339095,0.1757969898056646,cult_d1=3_att1
100.0,1.0,2.9632769947608137,100000.0,62100.0,20493000000.0,55902.0,6198,62100.0,330000.0,B0,11,17,11,0.03176946720986636,0.00044260973380753454,False,0.3,True,3,0.0005,0.0,0.0787012890431108,"15to1_11,5,5_minerr"
100.0,2.022729257417004,2.9632769947608137,100000.0,25068.0,10648213175.235188,22638.0,2430,62100.0,424773.1440575709,A,7,17,11,0.03176946720986636,0.1761119292520802,False,0.3,True,3,0.0005,0.596328502415459,0.0787012890431108,"15to1_7,3,3_minerr"
100.0,1.0,2.9632769947608137,100000.0,56648.736808375455,18694083146.7639,55902.0,746.7368083754587,62100.0,330000.0,B,11,17,11,0.03176946720986636,0.00047060053359451856,False,0.3,True,0,0.0005,0.08778201596818913,0.0787012890431108,cult_d1=5_att5
100.0,5.993907075133433,2.9632769947608137,100000.0,23095.1160862673,29070295739.20616,22638.0,457.11608626730043,62100.0,1258720.485778021,C,7,17,11,0.03176946720986636,0.44768586644838926,False,0.3,True,0,0.0005,0.6280979696253253,0.0787012890431108,cult_d1=3_att1
10000.0,1.0,2.9632769947608133,100000.0,62100.0,20493000000.0,55902.0,6198,62100.0,330000.0,B0,11,17,11,0.041868558441638955,0.00044260973380753454,False,0.3,True,3,0.0005,0.0,0.1757969898056646,"15to1_11,5,5_minerr"
10000.0,294.44173519451925,2.9632769947608133,100000.0,14790.0,653218989529.041,11550.0,3240,62100.0,44166260.27917789,A,5,17,11,0.041868558441638955,1.421270285093889,False,0.3,True,4,0.0005,0.7618357487922706,0.1757969898056646,"15to1_7,3,3_minerr"
10000.0,1.0,2.9632769947608133,100000.0,56648.736808375455,18694083146.7639,55902.0,746.7368083754587,62100.0,330000.0,B,11,17,11,0.041868558441638955,0.00047060053359451856,False,0.3,True,0,0.0005,0.08778201596818913,0.1757969898056646,cult_d1=5_att5
10000.0,872.5124201993742,2.9632769947608133,100000.0,12189.962520774221,1595384055171.0571,11550.0,639.9625207742206,62100.0,130876863.02990614,C,5,17,11,0.041868558441638955,1.692844222290198,False,0.3,True,0,0.0005,0.8037043072339095,0.1757969898056646,cult_d1=3_att1
100.0,1.0,0.29541077676409705,100000.0,71494.0,78643400000.0,55902.0,15592,71494.0,1100000.0,B0,11,17,11,0.02686639119180725,0.0002612723620223727,False,1.0,True,4,0.0005,0.0,0.07662301627042711,"15to1_15,7,7_minerr"
100.0,5.982577266262315,0.29541077676409705,100000.0,25068.0,104979872837.4646,22638.0,2430,71494.0,4187804.0863836207,A,7,17,11,0.02686639119180725,0.4472128640243084,False,1.0,True,3,0.0005,0.6493691778331049,0.07662301627042711,"15to1_7,3,3_minerr"
100.0,1.0,0.29541077676409705,100000.0,56740.83584833505,62414919433.16856,55902.0,838.8358483350507,71494.0,1100000.0,B,11,17,11,0.02686639119180725,0.00023262704776738684,False,1.0,True,0,0.0005,0.2063552766898613,0.07662301627042711,cult_d1=5_att6
100.0,1.767317797277779,0.29541077676409705,100000.0,23147.214228132932,28635938563.946533,22638.0,509.21422813293276,71494.0,1237122.4580944453,C,7,17,11,0.02686639119180725,0.14236575712090305,False,1.0,True,0,0.0005,0.6762355690249121,0.07662301627042711,cult_d1=3_att2
10000.0,1.0,0.29541077676409705,100000.0,71494.0,78643400000.0,55902.0,15592,71494.0,1100000.0,B0,11,17,11,0.035347023255292674,0.0002612723620223727,False,1.0,True,4,0.0005,0.0,0.17086545507869466,"15to1_15,7,7_minerr"
10000.0,870.8631789224206,0.29541077676409705,100000.0,14790.0,6440033208131.301,11550.0,3240,71494.0,435431589.4612103,A,5,17,11,0.035347023255292674,1.6923712198661172,False,1.0,True,4,0.0005,0.7931294933840602,0.17086545507869466,"15to1_7,3,3_minerr"
10000.0,1.0,0.29541077676409705,100000.0,56740.83584833505,62414919433.16856,55902.0,838.8358483350507,71494.0,1100000.0,B,11,17,11,0.035347023255292674,0.00023262704776738684,False,1.0,True,0,0.0005,0.2063552766898613,0.17086545507869466,cult_d1=5_att6
10000.0,257.2623681407231,0.29541077676409705,100000.0,12262.899919386105,1577391336766.9758,11550.0,712.8999193861058,71494.0,128631184.07036154,C,5,17,11,0.035347023255292674,1.3875241129627118,False,1.0,True,0,0.0005,0.8284765166393528,0.17086545507869466,cult_d1=3_att2
100.0,1.0,0.29541077676409705,1000000.0,93670.0,121771000000.0,78078.0,15592,93670.0,1300000.0,B0,13,17,13,0.02050587991744494,0.00019294039288674522,False,0.1,True,4,0.0005,0.0,0.07662301627042711,"15to1_15,7,7_minerr"
100.0,51.73739215906045,0.29541077676409705,1000000.0,25068.0,907867062650.3292,22638.0,2430,93670.0,36216174.51134232,A,7,17,13,0.02050587991744494,0.9865451931715784,False,0.1,True,3,0.0005,0.7323796306181274,0.07662301627042711,"15to1_7,3,3_minerr"
100.0,1.0,0.29541077676409705,1000000.0,78787.78417936043,102424119433.16856,78078.0,709.7841793604275,93670.0,1300000.0,B,13,17,13,0.02050587991744494,0.00016429507863175937,False,0.1,True,0,0.0005,0.1588792123480257,0.07662301627042711,cult_d1=5_att6
100.0,15.28378320545675,0.29541077676409705,1000000.0,23147.214228132932,247643902851.13333,22638.0,509.21422813293276,93670.0,10698648.243819725,C,7,17,13,0.02050587991744494,0.6816980862681731,False,0.1,True,0,0.0005,0.7528855105355724,0.07662301627042711,cult_d1=3_att2
10000.0,1.0,37.37439443920678,1000000.0,93670.0,121771000000.0,78078.0,15592,93670.0,1300000.0,B0,13,17,13,0.021062068044546828,0.00019294039288674522,False,0.1,True,4,0.0005,0.0,0.0787012890431108,"15to1_15,7,7_minerr"
10000.0,51.73739215906045,37.37439443920678,1000000.0,25068.0,907867062650.3292,22638.0,2430,93670.0,36216174.51134232,A,7,17,13,0.021062068044546828,0.9865451931715784,False,0.1,True,3,0.0005,0.7323796306181274,0.0787012890431108,"15to1_7,3,3_minerr"
10000.0,1.0,37.37439443920678,1000000.0,78787.78417936043,102424119433.16856,78078.0,709.7841793604275,93670.0,1300000.0,B,13,17,13,0.021062068044546828,0.00016429507863175937,False,0.1,True,0,0.0005,0.1588792123480257,0.0787012890431108,cult_d1=5_att6
10000.0,1933.6537018086492,37.37439443920678,1000000.0,23095.1160862673,31260569699737.87,22638.0,457.11608626730043,93670.0,1353557591.2660544,C,7,17,13,0.021062068044546828,1.8917916504926087,False,0.1,True,0,0.0005,0.7534416986626743,0.0787012890431108,cult_d1=3_att1
100.0,1.0,1.4248045174929411,1000000.0,93670.0,365313000000.0,78078.0,15592,93670.0,3900000.0,B0,13,17,13,0.031267062793499174,0.0004627912012521358,False,0.3,True,4,0.0005,0.0,0.11231729451860206,"15to1_15,7,7_minerr"
100.0,20.744419352542085,1.4248045174929411,1000000.0,26076.0,1135956105977.4634,22638.0,3438,93670.0,43563280.640338376,A,7,17,13,0.031267062793499174,0.7580693159096429,False,0.3,True,3,0.0005,0.7216184477420733,0.11231729451860206,"15to1_9,3,3_minq"
100.0,1.0,1.4248045174929411,1000000.0,78787.78417936043,307272358299.5057,78078.0,709.7841793604275,93670.0,3900000.0,B,13,17,13,0.031267062793499174,0.00037685525848717827,False,0.3,True,0,0.0005,0.1588792123480257,0.11231729451860206,cult_d1=5_att6
100.0,29.556742406269954,1.4248045174929411,1000000.0,23147.214228132932,1436728121563.711,22638.0,509.21422813293276,93670.0,62069159.0531669,C,7,17,13,0.031267062793499174,0.8465779718105859,False,0.3,True,0,0.0005,0.7528855105355724,0.11231729451860206,cult_d1=3_att2
10000.0,1.0,0.0257797679457318,1000000.0,93670.0,365313000000.0,78078.0,15592,93670.0,3900000.0,B0,13,17,13,0.02050587991744494,0.0004627912012521358,False,0.3,True,4,0.0005,0.0,0.07662301627042711,"15to1_15,7,7_minerr"
10000.0,1146.5092497530989,0.0257797679457318,1000000.0,25068.0,60355457132902.44,22638.0,2430,93670.0,2407669424.481508,A,7,17,13,0.02050587991744494,1.7611192925208017,False,0.3,True,3,0.0005,0.7323796306181274,0.07662301627042711,"15to1_7,3,3_minerr"
10000.0,1.0,0.0257797679457318,1000000.0,78787.78417936043,307272358299.5057,78078.0,709.7841793604275,93670.0,3900000.0,B,13,17,13,0.02050587991744494,0.00037685525848717827,False,0.3,True,0,0.0005,0.1588792123480257,0.07662301627042711,cult_d1=5_att6
10000.0,29.556742406269954,0.0257797679457318,1000000.0,23147.214228132932,1436728121563.711,22638.0,509.21422813293276,93670.0,62069159.0531669,C,7,17,13,0.02050587991744494,0.8465779718105859,False,0.3,True,0,0.0005,0.7528855105355724,0.07662301627042711,cult_d1=3_att2
100.0,,0.5838405142428277,1000000.0,,,,,nan,,B0,,17,,nan,,,1.0,False,,0.0005,nan,0.1101335198182094,
100.0,91.33324703283516,0.5838405142428277,1000000.0,26076.0,16671240247397.467,22638.0,3438,nan,639332729.2298461,A,7,17,,nan,1.1286287182058872,False,1.0,True,3,0.0005,nan,0.1101335198182094,"15to1_9,3,3_minq"
100.0,1.0,0.5838405142428277,1000000.0,78879.83041446393,1025437795388.031,78078.0,801.8304144639228,nan,13000000.0,B,13,17,,nan,0.0005572856432519467,False,1.0,True,0,0.0005,nan,0.1101335198182094,cult_d1=5_att7
100.0,53.3240499151177,0.5838405142428277,1000000.0,23204.15833722037,8661377881885.635,22638.0,566.1583372203721,nan,373268349.4058239,C,7,17,,nan,0.9940968618308155,False,1.0,True,0,0.0005,nan,0.1101335198182094,cult_d1=3_att2
10000.0,,3.2547498184409487,1000000.0,,,,,nan,,B0,,17,,nan,,,1.0,False,,0.0005,nan,0.11231729451860206,
10000.0,91.33324703283516,3.2547498184409487,1000000.0,26076.0,16671240247397.467,22638.0,3438,nan,639332729.2298461,A,7,17,,nan,1.1286287182058872,False,1.0,True,3,0.0005,nan,0.11231729451860206,"15to1_9,3,3_minq"
10000.0,1.0,3.2547498184409487,1000000.0,78879.83041446393,1025437795388.031,78078.0,801.8304144639228,nan,13000000.0,B,13,17,,nan,0.0005572856432519467,False,1.0,True,0,0.0005,nan,0.11231729451860206,cult_d1=5_att7
10000.0,297.26686919774255,3.2547498184409487,1000000.0,23147.214228132932,48166299329725.625,22638.0,509.21422813293276,nan,2080868084.384198,C,7,17,,nan,1.4236575712090305,False,1.0,True,0,0.0005,nan,0.11231729451860206,cult_d1=3_att2
100.0,,2.3541353202499637,100000000.0,,,,,nan,,B0,,17,,nan,,,0.1,False,,0.0005,nan,0.08900928814122777,
100.0,2.5270978075151564,2.3541353202499637,100000000.0,62100.0,17262605123136.033,55902.0,6198,nan,277980758.8266672,A,11,17,,nan,0.23176788316229643,False,0.1,True,3,0.0005,nan,0.08900928814122777,"15to1_11,5,5_minerr"
100.0,1.0,2.3541353202499637,100000000.0,104823.39973672439,15723509960508.658,103950.0,873.3997367243833,nan,150000000.0,B,15,17,,nan,0.0008640086765381186,False,0.1,True,0,0.0005,nan,0.08900928814122777,cult_d1=5_att8
100.0,5.949130206397674,2.3541353202499637,100000000.0,56572.52320642975,37021303732545.516,55902.0,670.5232064297525,nan,654404322.7037442,C,11,17,,nan,0.4458112562682338,False,0.1,True,0,0.0005,nan,0.08900928814122777,cult_d1=5_att5
10000.0,,2.3541353202499637,100000000.0,,,,,nan,,B0,,17,,nan,,,0.1,False,,0.0005,nan,0.08900928814122777,
10000.0,2.5270978075151564,2.3541353202499637,100000000.0,62100.0,17262605123136.033,55902.0,6198,nan,277980758.8266672,A,11,17,,nan,0.23176788316229643,False,0.1,True,3,0.0005,nan,0.08900928814122777,"15to1_11,5,5_minerr"
10000.0,1.0,2.3541353202499637,100000000.0,104823.39973672439,15723509960508.658,103950.0,873.3997367243833,nan,150000000.0,B,15,17,,nan,0.0008640086765381186,False,0.1,True,0,0.0005,nan,0.08900928814122777,cult_d1=5_att8
10000.0,5.949130206397674,2.3541353202499637,100000000.0,56572.52320642975,37021303732545.516,55902.0,670.5232064297525,nan,654404322.7037442,C,11,17,,nan,0.4458112562682338,False,0.1,True,0,0.0005,nan,0.08900928814122777,cult_d1=5_att5
100.0,,13.046507550117518,100000000.0,,,,,nan,,B0,,17,,nan,,,0.3,False,,0.0005,nan,0.08900928814122777,
100.0,5.873430851388089,13.046507550117518,100000000.0,62100.0,120364218437496.11,55902.0,6198,nan,1938232180.9580693,A,11,17,,nan,0.44260973380753454,False,0.3,True,3,0.0005,nan,0.08900928814122777,"15to1_11,5,5_minerr"
100.0,,13.046507550117518,100000000.0,,,,,nan,,B,,17,,nan,,,0.3,False,,0.0005,nan,0.08900928814122777,
100.0,76.62775994772787,13.046507550117518,100000000.0,56572.52320642975,1430558490206855.8,55902.0,670.5232064297525,nan,25287160782.750195,C,11,17,,nan,1.0847398531253465,False,0.3,True,0,0.0005,nan,0.08900928814122777,cult_d1=5_att5
10000.0,,13.046507550117518,100000000.0,,,,,nan,,B0,,17,,nan,,,0.3,False,,0.0005,nan,0.08900928814122777,
10000.0,5.873430851388089,13.046507550117518,100000000.0,62100.0,120364218437496.11,55902.0,6198,nan,1938232180.9580693,A,11,17,,nan,0.44260973380753454,False,0.3,True,3,0.0005,nan,0.08900928814122777,"15to1_11,5,5_minerr"
10000.0,,13.046507550117518,100000000.0,,,,,nan,,B,,17,,nan,,,0.3,False,,0.0005,nan,0.08900928814122777,
10000.0,76.62775994772787,13.046507550117518,100000000.0,56572.52320642975,1430558490206855.8,55902.0,670.5232064297525,nan,25287160782.750195,C,11,17,,nan,1.0847398531253465,False,0.3,True,0,0.0005,nan,0.08900928814122777,cult_d1=5_att5
100.0,,0.8917394753817645,100000000.0,,,,,nan,,B0,,17,,nan,,,1.0,False,,0.0005,nan,0.2063552766898613,
100.0,2.8436528715926697,0.8917394753817645,100000000.0,71494.0,223634530241810.94,55902.0,15592,nan,3128018158.7519364,A,11,17,,nan,0.2612723620223727,False,1.0,True,4,0.0005,nan,0.2063552766898613,"15to1_15,7,7_minerr"
100.0,,0.8917394753817645,100000000.0,,,,,nan,,B,,17,,nan,,,1.0,False,,0.0005,nan,0.2063552766898613,
100.0,2.5357975198818954,0.8917394753817645,100000000.0,56740.83584833505,158271597902257.12,55902.0,838.8358483350507,nan,2789377271.870085,C,11,17,,nan,0.23262704776738682,False,1.0,True,0,0.0005,nan,0.2063552766898613,cult_d1=5_att6
10000.0,,1.4523902736996073,100000000.0,,,,,nan,,B0,,17,,nan,,,1.0,False,,0.0005,nan,0.08778201596818913,
10000.0,112.4180873799084,1.4523902736996073,100000000.0,62100.0,7679279548921543.0,55902.0,6198,nan,123659896117.89925,A,11,17,,nan,1.1805562110658678,False,1.0,True,3,0.0005,nan,0.08778201596818913,"15to1_11,5,5_minerr"
10000.0,,1.4523902736996073,100000000.0,,,,,nan,,B,,17,,nan,,,1.0,False,,0.0005,nan,0.08778201596818913,
10000.0,163.27493669849153,1.4523902736996073,100000000.0,56648.736808375455,1.017425080808071e+16,55902.0,746.7368083754587,nan,179602430368.34067,C,11,17,,nan,1.2738588770224815,False,1.0,True,0,0.0005,nan,0.08778201596818913,cult_d1=5_att5
100.0,,nan,10000000000.0,,,,,nan,,B0,,17,,nan,,,0.1,False,,0.0005,nan,nan,
100.0,,nan,10000000000.0,,,,,nan,,A,,17,,nan,,,0.1,False,,0.0005,nan,nan,
100.0,,nan,10000000000.0,,,,,nan,,B,,17,,nan,,,0.1,False,,0.0005,nan,nan,
100.0,75.01455537350552,nan,10000000000.0,78879.83041446393,7.692276028422086e+16,78078.0,801.8304144639228,nan,975189219855.5717,C,13,17,,nan,1.0794205415883962,False,0.1,True,0,0.0005,nan,nan,cult_d1=5_att7
10000.0,,0.31796544354653145,10000000000.0,,,,,nan,,B0,,17,,nan,,,0.1,False,,0.0005,nan,0.1588792123480257,
10000.0,2247.594282633787,0.31796544354653145,10000000000.0,93670.0,2.7369180339059886e+18,78078.0,15592,nan,29218725674239.23,A,13,17,,nan,1.929403928867452,False,0.1,True,4,0.0005,nan,0.1588792123480257,"15to1_15,7,7_minerr"
10000.0,,0.31796544354653145,10000000000.0,,,,,nan,,B,,17,,nan,,,0.1,False,,0.0005,nan,0.1588792123480257,
10000.0,714.6573129903002,0.31796544354653145,10000000000.0,78787.78417936043,7.319814597950583e+17,78078.0,709.7841793604275,nan,9290545068873.902,C,13,17,,nan,1.6429507863175936,False,0.1,True,0,0.0005,nan,0.1588792123480257,cult_d1=5_att6
100.0,,nan,10000000000.0,,,,,nan,,B0,,17,,nan,,,0.3,False,,0.0005,nan,nan,
100.0,,nan,10000000000.0,,,,,nan,,A,,17,,nan,,,0.3,False,,0.0005,nan,nan,
100.0,,nan,10000000000.0,,,,,nan,,B,,17,,nan,,,0.3,False,,0.0005,nan,nan,
100.0,20.858126670439347,nan,10000000000.0,79085.76892698968,6.4333658458221624e+16,78078.0,1007.768926989673,nan,813466940147.1345,C,13,17,,nan,0.7594359101678121,False,0.3,True,0,0.0005,nan,nan,cult_d1=5_att8
10000.0,,nan,10000000000.0,,,,,nan,,B0,,17,,nan,,,0.3,False,,0.0005,nan,nan,
10000.0,,nan,10000000000.0,,,,,nan,,A,,17,,nan,,,0.3,False,,0.0005,nan,nan,
10000.0,,nan,10000000000.0,,,,,nan,,B,,17,,nan,,,0.3,False,,0.0005,nan,nan,
10000.0,4071.8283464481606,nan,10000000000.0,78879.83041446393,1.252622004834088e+19,78078.0,801.8304144639228,nan,158801305511478.25,C,13,17,,nan,2.07796185068419,False,0.3,True,0,0.0005,nan,nan,cult_d1=5_att7
100.0,,nan,10000000000.0,,,,,nan,,B0,,17,,nan,,,1.0,False,,0.0005,nan,nan,
100.0,,nan,10000000000.0,,,,,nan,,A,,17,,nan,,,1.0,False,,0.0005,nan,nan,
100.0,,nan,10000000000.0,,,,,nan,,B,,17,,nan,,,1.0,False,,0.0005,nan,nan,
100.0,76.13517832397899,nan,10000000000.0,79208.89756114913,7.839758602863036e+17,78078.0,1130.897561149128,nan,9897573182117.27,C,13,17,,nan,1.0831276056243992,False,1.0,True,0,0.0005,nan,nan,cult_d1=5_att10
10000.0,,nan,10000000000.0,,,,,nan,,B0,,17,,nan,,,1.0,False,,0.0005,nan,nan,
10000.0,,nan,10000000000.0,,,,,nan,,A,,17,,nan,,,1.0,False,,0.0005,nan,nan,
10000.0,,nan,10000000000.0,,,,,nan,,B,,17,,nan,,,1.0,False,,0.0005,nan,nan,
10000.0,111.17214507704401,nan,10000000000.0,79085.76892698968,1.1429774949685138e+18,78078.0,1007.768926989673,nan,14452378860015.72,C,13,17,,nan,1.1777699641315418,False,1.0,True,0,0.0005,nan,nan,cult_d1=5_att8
100.0,1.0,0.634076553208516,10000.0,40860.0,367740000.0,37422.0,3438,40860.0,9000.0,B0,9,21,9,0.035438998512623075,0.000804533151000637,False,0.1,True,3,0.0005,0.0,0.10617667394235075,"15to1_9,3,3_minq"
100.0,2.7991634195476705,0.634076553208516,10000.0,13638.0,190874953.57895565,11550.0,2088,40860.0,13995.817097738352,A,5,21,9,0.035438998512623075,0.2573301484512313,False,0.1,True,4,0.0005,0.6662261380323055,0.10617667394235075,"15to1_5,3,3_minerr"
100.0,1.0,0.634076553208516,10000.0,37862.345373393626,340761108.36054265,37422.0,440.34537339362276,40860.0,9000.0,B,9,21,9,0.035438998512623075,0.0006700012946255653,False,0.1,True,0,0.0005,0.07336403883030773,0.10617667394235075,cult_d1=3_att2
100.0,1.77488389293415,0.634076553208516,10000.0,12189.962520774221,108178840.66796567,11550.0,639.9625207742206,40860.0,8874.41946467075,C,5,21,9,0.035438998512623075,0.14343375208910697,False,0.1,True,0,0.0005,0.7016651365449285,0.10617667394235075,cult_d1=3_att1
10000.0,1.0,0.634076553208516,10000.0,40860.0,367740000.0,37422.0,3438,40860.0,9000.0,B0,9,21,9,0.035438998512623075,0.000804533151000637,False,0.1,True,3,0.0005,0.0,0.10617667394235075,"15to1_9,3,3_minq"
10000.0,2.7991634195476705,0.634076553208516,10000.0,13638.0,190874953.57895565,11550.0,2088,40860.0,13995.817097738352,A,5,21,9,0.035438998512623075,0.2573301484512313,False,0.1,True,4,0.0005,0.6662261380323055,0.10617667394235075,"15to1_5,3,3_minerr"
10000.0,1.0,0.634076553208516,10000.0,37862.345373393626,340761108.36054265,37422.0,440.34537339362276,40860.0,9000.0,B,9,21,9,0.035438998512623075,0.0006700012946255653,False,0.1,True,0,0.0005,0.07336403883030773,0.10617667394235075,cult_d1=3_att2
10000.0,1.77488389293415,0.634076553208516,10000.0,12189.962520774221,108178840.66796567,11550.0,639.9625207742206,40860.0,8874.41946467075,C,5,21,9,0.035438998512623075,0.14343375208910697,False,0.1,True,0,0.0005,0.7016651365449285,0.10617667394235075,cult_d1=3_att1
100.0,1.0,0.2549324282113642,10000.0,43766.0,1181682000.0,37422.0,6344,43766.0,27000.0,B0,9,21,9,0.03308589953904353,0.0009993497098856174,False,0.3,True,4,0.0005,0.0,0.10617667394235075,"15to1_9,5,5_minerr"
100.0,7.720618251810976,0.2549324282113642,10000.0,13638.0,1579406875.7729714,11550.0,2088,43766.0,115809.27377716464,A,5,21,9,0.03308589953904353,0.5109736113153929,False,0.3,True,4,0.0005,0.6883882465841065,0.10617667394235075,"15to1_5,3,3_minerr"
100.0,1.0,0.2549324282113642,10000.0,38241.528363414145,1032521265.812182,37422.0,819.528363414142,43766.0,27000.0,B,9,21,9,0.03308589953904353,0.0003710018658202834,False,0.3,True,0,0.0005,0.1262274742171059,0.10617667394235075,cult_d1=5_att5
100.0,1.9682359582271496,0.2549324282113642,10000.0,12189.962520774221,359890838.44243634,11550.0,639.9625207742206,43766.0,29523.539373407242,C,5,21,9,0.03308589953904353,0.16928442222901982,False,0.3,True,0,0.0005,0.72147414612315,0.10617667394235075,cult_d1=3_att1
10000.0,1.0,0.2549324282113642,10000.0,43766.0,1181682000.0,37422.0,6344,43766.0,27000.0,B0,9,21,9,0.03308589953904353,0.0009993497098856174,False,0.3,True,4,0.0005,0.0,0.10617667394235075,"15to1_9,5,5_minerr"
10000.0,7.720618251810976,0.2549324282113642,10000.0,13638.0,1579406875.7729714,11550.0,2088,43766.0,115809.27377716464,A,5,21,9,0.03308589953904353,0.5109736113153929,False,0.3,True,4,0.0005,0.6883882465841065,0.10617667394235075,"15to1_5,3,3_minerr"
10000.0,1.0,0.2549324282113642,10000.0,38241.528363414145,1032521265.812182,37422.0,819.528363414142,43766.0,27000.0,B,9,21,9,0.03308589953904353,0.0003710018658202834,False,0.3,True,0,0.0005,0.1262274742171059,0.10617667394235075,cult_d1=5_att5
10000.0,1.9682359582271496,0.2549324282113642,10000.0,12189.962520774221,359890838.44243634,11550.0,639.9625207742206,43766.0,29523.539373407242,C,5,21,9,0.03308589953904353,0.16928442222901982,False,0.3,True,0,0.0005,0.72147414612315,0.10617667394235075,cult_d1=3_att1
100.0,1.0,1.436340533636979,10000.0,45686.0,4111740000.0,37422.0,8264,45686.0,90000.0,B0,9,21,9,0.05691103356007921,0.0003805835016143355,False,1.0,True,4,0.0005,0.0,0.1757969898056646,"15to1_11,5,5_minerr"
100.0,1.9678636013016442,1.436340533636979,10000.0,14790.0,1455235133.162566,11550.0,3240,45686.0,98393.18006508221,A,5,21,9,0.05691103356007921,0.16923712198661173,False,1.0,True,4,0.0005,0.6762684410979294,0.1757969898056646,"15to1_7,3,3_minerr"
100.0,1.0,1.436340533636979,10000.0,38241.528363414145,3441737552.707273,37422.0,819.528363414142,45686.0,90000.0,B,9,21,9,0.05691103356007921,0.0005946268747202728,False,1.0,True,0,0.0005,0.16294864152225752,0.1757969898056646,cult_d1=5_att5
100.0,2.826522255218391,1.436340533636979,10000.0,12189.962520774221,1722760017.7623208,11550.0,639.9625207742206,45686.0,141326.11276091955,C,5,21,9,0.05691103356007921,0.25976176771871473,False,1.0,True,0,0.0005,0.7331794746580085,0.1757969898056646,cult_d1=3_att1
10000.0,1.0,0.010505505199700579,10000.0,45686.0,4111740000.0,37422.0,8264,45686.0,90000.0,B0,9,21,9,0.03169543140624653,0.0003805835016143355,False,1.0,True,4,0.0005,0.0,0.10617667394235075,"15to1_11,5,5_minerr"
10000.0,269.0515307439904,0.010505505199700579,10000.0,13638.0,183466238814.32706,11550.0,2088,45686.0,13452576.53719952,A,5,21,9,0.03169543140624653,1.3987257313399581,False,1.0,True,4,0.0005,0.701484043251762,0.10617667394235075,"15to1_5,3,3_minerr"
10000.0,1.0,0.010505505199700579,10000.0,38241.528363414145,3441737552.707273,37422.0,819.528363414142,45686.0,90000.0,B,9,21,9,0.03169543140624653,0.0005946268747202728,False,1.0,True,0,0.0005,0.16294864152225752,0.10617667394235075,cult_d1=5_att5
10000.0,2.826522255218391,0.010505505199700579,10000.0,12189.962520774221,1722760017.7623208,11550.0,639.9625207742206,45686.0,141326.11276091955,C,5,21,9,0.03169543140624653,0.25976176771871473,False,1.0,True,0,0.0005,0.7331794746580085,0.10617667394235075,cult_d1=3_att1
100.0,1.0,1.4363405336369794,100000.0,62100.0,6831000000.0,55902.0,6198,62100.0,110000.0,B0,11,21,11,0.03176946720986636,0.00023176788316229643,False,0.1,True,3,0.0005,0.0,0.0787012890431108,"15to1_11,5,5_minerr"
100.0,1.4838173791023659,1.4363405336369794,100000.0,25068.0,2603743384.1536674,22638.0,2430,62100.0,103867.21653716562,A,7,21,11,0.03176946720986636,0.09865451931715785,False,0.1,True,3,0.0005,0.596328502415459,0.0787012890431108,"15to1_7,3,3_minerr"
100.0,1.0,1.4363405336369794,100000.0,56572.52320642975,6222977552.707273,55902.0,670.5232064297525,62100.0,110000.0,B,11,21,11,0.03176946720986636,0.0004458112562682338,False,0.1,True,0,0.0005,0.08900928814122777,0.0787012890431108,cult_d1=5_att5
100.0,2.1312670461197163,1.4363405336369794,100000.0,23095.1160862673,3445530188.8679595,22638.0,457.11608626730043,62100.0,149188.69322838014,C,7,21,11,0.03176946720986636,0.18917916504926088,False,0.1,True,0,0.0005,0.6280979696253253,0.0787012890431108,cult_d1=3_att1
10000.0,1.0,1.4363405336369786,100000.0,62100.0,6831000000.0,55902.0,6198,62100.0,110000.0,B0,11,21,11,0.041868558441638955,0.00023176788316229643,False,0.1,True,3,0.0005,0.0,0.1757969898056646,"15to1_11,5,5_minerr"
10000.0,215.99418815575768,1.4363405336369786,100000.0,14790.0,159727702141.1828,11550.0,3240,62100.0,10799709.407787884,A,5,21,11,0.041868558441638955,1.3438128751589666,False,0.1,True,4,0.0005,0.7618357487922706,0.1757969898056646,"15to1_7,3,3_minerr"
10000.0,1.0,1.4363405336369786,100000.0,56572.52320642975,6222977552.707273,55902.0,670.5232064297525,62100.0,110000.0,B,11,21,11,0.041868558441638955,0.0004458112562682338,False,0.1,True,0,0.0005,0.08900928814122777,0.1757969898056646,cult_d1=5_att5
10000.0,310.24120747812697,1.4363405336369786,100000.0,12189.962520774221,189091434577.90533,11550.0,639.9625207742206,62100.0,15512060.373906348,C,5,21,11,0.041868558441638955,1.4343375208910696,False,0.1,True,0,0.0005,0.8037043072339095,0.1757969898056646,cult_d1=3_att1
100.0,1.0,2.9632769947608137,100000.0,62100.0,20493000000.0,55902.0,6198,62100.0,330000.0,B0,11,21,11,0.03176946720986636,0.00044260973380753454,False,0.3,True,3,0.0005,0.0,0.0787012890431108,"15to1_11,5,5_minerr"
100.0,2.022729257417004,2.9632769947608137,100000.0,25068.0,10648213175.235188,22638.0,2430,62100.0,424773.1440575709,A,7,21,11,0.03176946720986636,0.1761119292520802,False,0.3,True,3,0.0005,0.596328502415459,0.0787012890431108,"15to1_7,3,3_minerr"
100.0,1.0,2.9632769947608137,100000.0,56648.736808375455,18694083146.7639,55902.0,746.7368083754587,62100.0,330000.0,B,11,21,11,0.03176946720986636,0.00047060053359451856,False,0.3,True,0,0.0005,0.08778201596818913,0.0787012890431108,cult_d1=5_att5
100.0,5.993907075133433,2.9632769947608137,100000.0,23095.1160862673,29070295739.20616,22638.0,457.11608626730043,62100.0,1258720.485778021,C,7,21,11,0.03176946720986636,0.44768586644838926,False,0.3,True,0,0.0005,0.6280979696253253,0.0787012890431108,cult_d1=3_att1
10000.0,1.0,2.9632769947608133,100000.0,62100.0,20493000000.0,55902.0,6198,62100.0,330000.0,B0,11,21,11,0.041868558441638955,0.00044260973380753454,False,0.3,True,3,0.0005,0.0,0.1757969898056646,"15to1_11,5,5_minerr"
10000.0,294.44173519451925,2.9632769947608133,100000.0,14790.0,653218989529.041,11550.0,3240,62100.0,44166260.27917789,A,5,21,11,0.041868558441638955,1.421270285093889,False,0.3,True,4,0.0005,0.7618357487922706,0.1757969898056646,"15to1_7,3,3_minerr"
10000.0,1.0,2.9632769947608133,100000.0,56648.736808375455,18694083146.7639,55902.0,746.7368083754587,62100.0,330000.0,B,11,21,11,0.041868558441638955,0.00047060053359451856,False,0.3,True,0,0.0005,0.08778201596818913,0.1757969898056646,cult_d1=5_att5
10000.0,872.5124201993742,2.9632769947608133,100000.0,12189.962520774221,1595384055171.0571,11550.0,639.9625207742206,62100.0,130876863.02990614,C,5,21,11,0.041868558441638955,1.692844222290198,False,0.3,True,0,0.0005,0.8037043072339095,0.1757969898056646,cult_d1=3_att1
100.0,1.0,0.29541077676409705,100000.0,71494.0,78643400000.0,55902.0,15592,71494.0,1100000.0,B0,11,21,11,0.02686639119180725,0.0002612723620223727,False,1.0,True,4,0.0005,0.0,0.07662301627042711,"15to1_15,7,7_minerr"
100.0,5.982577266262315,0.29541077676409705,100000.0,25068.0,104979872837.4646,22638.0,2430,71494.0,4187804.0863836207,A,7,21,11,0.02686639119180725,0.4472128640243084,False,1.0,True,3,0.0005,0.6493691778331049,0.07662301627042711,"15to1_7,3,3_minerr"
100.0,1.0,0.29541077676409705,100000.0,56740.83584833505,62414919433.16856,55902.0,838.8358483350507,71494.0,1100000.0,B,11,21,11,0.02686639119180725,0.00023262704776738684,False,1.0,True,0,0.0005,0.2063552766898613,0.07662301627042711,cult_d1=5_att6
100.0,1.767317797277779,0.29541077676409705,100000.0,23147.214228132932,28635938563.946533,22638.0,509.21422813293276,71494.0,1237122.4580944453,C,7,21,11,0.02686639119180725,0.14236575712090305,False,1.0,True,0,0.0005,0.6762355690249121,0.07662301627042711,cult_d1=3_att2
10000.0,1.0,0.29541077676409705,100000.0,71494.0,78643400000.0,55902.0,15592,71494.0,1100000.0,B0,11,21,11,0.035347023255292674,0.0002612723620223727,False,1.0,True,4,0.0005,0.0,0.17086545507869466,"15to1_15,7,7_minerr"
10000.0,870.8631789224206,0.29541077676409705,100000.0,14790.0,6440033208131.301,11550.0,3240,71494.0,435431589.4612103,A,5,21,11,0.035347023255292674,1.6923712198661172,False,1.0,True,4,0.0005,0.7931294933840602,0.17086545507869466,"15to1_7,3,3_minerr"
10000.0,1.0,0.29541077676409705,100000.0,56740.83584833505,62414919433.16856,55902.0,838.8358483350507,71494.0,1100000.0,B,11,21,11,0.035347023255292674,0.00023262704776738684,False,1.0,True,0,0.0005,0.2063552766898613,0.17086545507869466,cult_d1=5_att6
10000.0,257.2623681407231,0.29541077676409705,100000.0,12262.899919386105,1577391336766.9758,11550.0,712.8999193861058,71494.0,128631184.07036154,C,5,21,11,0.035347023255292674,1.3875241129627118,False,1.0,True,0,0.0005,0.8284765166393528,0.17086545507869466,cult_d1=3_att2
100.0,1.0,0.29541077676409705,1000000.0,93670.0,121771000000.0,78078.0,15592,93670.0,1300000.0,B0,13,21,13,0.02050587991744494,0.00019294039288674522,False,0.1,True,4,0.0005,0.0,0.07662301627042711,"15to1_15,7,7_minerr"
100.0,51.73739215906045,0.29541077676409705,1000000.0,25068.0,907867062650.3292,22638.0,2430,93670.0,36216174.51134232,A,7,21,13,0.02050587991744494,0.9865451931715784,False,0.1,True,3,0.0005,0.7323796306181274,0.07662301627042711,"15to1_7,3,3_minerr"
100.0,1.0,0.29541077676409705,1000000.0,78787.78417936043,102424119433.16856,78078.0,709.7841793604275,93670.0,1300000.0,B,13,21,13,0.02050587991744494,0.00016429507863175937,False,0.1,True,0,0.0005,0.1588792123480257,0.07662301627042711,cult_d1=5_att6
100.0,15.28378320545675,0.29541077676409705,1000000.0,23147.214228132932,247643902851.13333,22638.0,509.21422813293276,93670.0,10698648.243819725,C,7,21,13,0.02050587991744494,0.6816980862681731,False,0.1,True,0,0.0005,0.7528855105355724,0.07662301627042711,cult_d1=3_att2
10000.0,1.0,37.37439443920678,1000000.0,93670.0,121771000000.0,78078.0,15592,93670.0,1300000.0,B0,13,21,13,0.021062068044546828,0.00019294039288674522,False,0.1,True,4,0.0005,0.0,0.0787012890431108,"15to1_15,7,7_minerr"
10000.0,51.73739215906045,37.37439443920678,1000000.0,25068.0,907867062650.3292,22638.0,2430,93670.0,36216174.51134232,A,7,21,13,0.021062068044546828,0.9865451931715784,False,0.1,True,3,0.0005,0.7323796306181274,0.0787012890431108,"15to1_7,3,3_minerr"
10000.0,1.0,37.37439443920678,1000000.0,78787.78417936043,102424119433.16856,78078.0,709.7841793604275,93670.0,1300000.0,B,13,21,13,0.021062068044546828,0.00016429507863175937,False,0.1,True,0,0.0005,0.1588792123480257,0.0787012890431108,cult_d1=5_att6
10000.0,1933.6537018086492,37.37439443920678,1000000.0,23095.1160862673,31260569699737.87,22638.0,457.11608626730043,93670.0,1353557591.2660544,C,7,21,13,0.021062068044546828,1.8917916504926087,False,0.1,True,0,0.0005,0.7534416986626743,0.0787012890431108,cult_d1=3_att1
100.0,1.0,1.4248045174929411,1000000.0,93670.0,365313000000.0,78078.0,15592,93670.0,3900000.0,B0,13,21,13,0.031267062793499174,0.0004627912012521358,False,0.3,True,4,0.0005,0.0,0.11231729451860206,"15to1_15,7,7_minerr"
100.0,20.744419352542085,1.4248045174929411,1000000.0,26076.0,1135956105977.4634,22638.0,3438,93670.0,43563280.640338376,A,7,21,13,0.031267062793499174,0.7580693159096429,False,0.3,True,3,0.0005,0.7216184477420733,0.11231729451860206,"15to1_9,3,3_minq"
100.0,1.0,1.4248045174929411,1000000.0,78787.78417936043,307272358299.5057,78078.0,709.7841793604275,93670.0,3900000.0,B,13,21,13,0.031267062793499174,0.00037685525848717827,False,0.3,True,0,0.0005,0.1588792123480257,0.11231729451860206,cult_d1=5_att6
100.0,29.556742406269954,1.4248045174929411,1000000.0,23147.214228132932,1436728121563.711,22638.0,509.21422813293276,93670.0,62069159.0531669,C,7,21,13,0.031267062793499174,0.8465779718105859,False,0.3,True,0,0.0005,0.7528855105355724,0.11231729451860206,cult_d1=3_att2
10000.0,1.0,0.0257797679457318,1000000.0,93670.0,365313000000.0,78078.0,15592,93670.0,3900000.0,B0,13,21,13,0.02050587991744494,0.0004627912012521358,False,0.3,True,4,0.0005,0.0,0.07662301627042711,"15to1_15,7,7_minerr"
10000.0,1146.5092497530989,0.0257797679457318,1000000.0,25068.0,60355457132902.44,22638.0,2430,93670.0,2407669424.481508,A,7,21,13,0.02050587991744494,1.7611192925208017,False,0.3,True,3,0.0005,0.7323796306181274,0.07662301627042711,"15to1_7,3,3_minerr"
10000.0,1.0,0.0257797679457318,1000000.0,78787.78417936043,307272358299.5057,78078.0,709.7841793604275,93670.0,3900000.0,B,13,21,13,0.02050587991744494,0.00037685525848717827,False,0.3,True,0,0.0005,0.1588792123480257,0.07662301627042711,cult_d1=5_att6
10000.0,29.556742406269954,0.0257797679457318,1000000.0,23147.214228132932,1436728121563.711,22638.0,509.21422813293276,93670.0,62069159.0531669,C,7,21,13,0.02050587991744494,0.8465779718105859,False,0.3,True,0,0.0005,0.7528855105355724,0.07662301627042711,cult_d1=3_att2
100.0,,0.5838405142428277,1000000.0,,,,,nan,,B0,,21,,nan,,,1.0,False,,0.0005,nan,0.1101335198182094,
100.0,91.33324703283516,0.5838405142428277,1000000.0,26076.0,16671240247397.467,22638.0,3438,nan,639332729.2298461,A,7,21,,nan,1.1286287182058872,False,1.0,True,3,0.0005,nan,0.1101335198182094,"15to1_9,3,3_minq"
100.0,1.0,0.5838405142428277,1000000.0,78879.83041446393,1025437795388.031,78078.0,801.8304144639228,nan,13000000.0,B,13,21,,nan,0.0005572856432519467,False,1.0,True,0,0.0005,nan,0.1101335198182094,cult_d1=5_att7
100.0,53.3240499151177,0.5838405142428277,1000000.0,23204.15833722037,8661377881885.635,22638.0,566.1583372203721,nan,373268349.4058239,C,7,21,,nan,0.9940968618308155,False,1.0,True,0,0.0005,nan,0.1101335198182094,cult_d1=3_att2
10000.0,,3.2547498184409487,1000000.0,,,,,nan,,B0,,21,,nan,,,1.0,False,,0.0005,nan,0.11231729451860206,
10000.0,91.33324703283516,3.2547498184409487,1000000.0,26076.0,16671240247397.467,22638.0,3438,nan,639332729.2298461,A,7,21,,nan,1.1286287182058872,False,1.0,True,3,0.0005,nan,0.11231729451860206,"15to1_9,3,3_minq"
10000.0,1.0,3.2547498184409487,1000000.0,78879.83041446393,1025437795388.031,78078.0,801.8304144639228,nan,13000000.0,B,13,21,,nan,0.0005572856432519467,False,1.0,True,0,0.0005,nan,0.11231729451860206,cult_d1=5_att7
10000.0,297.26686919774255,3.2547498184409487,1000000.0,23147.214228132932,48166299329725.625,22638.0,509.21422813293276,nan,2080868084.384198,C,7,21,,nan,1.4236575712090305,False,1.0,True,0,0.0005,nan,0.11231729451860206,cult_d1=3_att2
100.0,,2.3541353202499637,100000000.0,,,,,nan,,B0,,21,,nan,,,0.1,False,,0.0005,nan,0.08900928814122777,
100.0,2.5270978075151564,2.3541353202499637,100000000.0,62100.0,17262605123136.033,55902.0,6198,nan,277980758.8266672,A,11,21,,nan,0.23176788316229643,False,0.1,True,3,0.0005,nan,0.08900928814122777,"15to1_11,5,5_minerr"
100.0,1.0,2.3541353202499637,100000000.0,104823.39973672439,15723509960508.658,103950.0,873.3997367243833,nan,150000000.0,B,15,21,,nan,0.0008640086765381186,False,0.1,True,0,0.0005,nan,0.08900928814122777,cult_d1=5_att8
100.0,5.949130206397674,2.3541353202499637,100000000.0,56572.52320642975,37021303732545.516,55902.0,670.5232064297525,nan,654404322.7037442,C,11,21,,nan,0.4458112562682338,False,0.1,True,0,0.0005,nan,0.08900928814122777,cult_d1=5_att5
10000.0,,2.3541353202499637,100000000.0,,,,,nan,,B0,,21,,nan,,,0.1,False,,0.0005,nan,0.08900928814122777,
10000.0,2.5270978075151564,2.3541353202499637,100000000.0,62100.0,17262605123136.033,55902.0,6198,nan,277980758.8266672,A,11,21,,nan,0.23176788316229643,False,0.1,True,3,0.0005,nan,0.08900928814122777,"15to1_11,5,5_minerr"
10000.0,1.0,2.3541353202499637,100000000.0,104823.39973672439,15723509960508.658,103950.0,873.3997367243833,nan,150000000.0,B,15,21,,nan,0.0008640086765381186,False,0.1,True,0,0.0005,nan,0.08900928814122777,cult_d1=5_att8
10000.0,5.949130206397674,2.3541353202499637,100000000.0,56572.52320642975,37021303732545.516,55902.0,670.5232064297525,nan,654404322.7037442,C,11,21,,nan,0.4458112562682338,False,0.1,True,0,0.0005,nan,0.08900928814122777,cult_d1=5_att5
100.0,,13.046507550117518,100000000.0,,,,,nan,,B0,,21,,nan,,,0.3,False,,0.0005,nan,0.08900928814122777,
100.0,5.873430851388089,13.046507550117518,100000000.0,62100.0,120364218437496.11,55902.0,6198,nan,1938232180.9580693,A,11,21,,nan,0.44260973380753454,False,0.3,True,3,0.0005,nan,0.08900928814122777,"15to1_11,5,5_minerr"
100.0,,13.046507550117518,100000000.0,,,,,nan,,B,,21,,nan,,,0.3,False,,0.0005,nan,0.08900928814122777,
100.0,76.62775994772787,13.046507550117518,100000000.0,56572.52320642975,1430558490206855.8,55902.0,670.5232064297525,nan,25287160782.750195,C,11,21,,nan,1.0847398531253465,False,0.3,True,0,0.0005,nan,0.08900928814122777,cult_d1=5_att5
10000.0,,13.046507550117518,100000000.0,,,,,nan,,B0,,21,,nan,,,0.3,False,,0.0005,nan,0.08900928814122777,
10000.0,5.873430851388089,13.046507550117518,100000000.0,62100.0,120364218437496.11,55902.0,6198,nan,1938232180.9580693,A,11,21,,nan,0.44260973380753454,False,0.3,True,3,0.0005,nan,0.08900928814122777,"15to1_11,5,5_minerr"
10000.0,,13.046507550117518,100000000.0,,,,,nan,,B,,21,,nan,,,0.3,False,,0.0005,nan,0.08900928814122777,
10000.0,76.62775994772787,13.046507550117518,100000000.0,56572.52320642975,1430558490206855.8,55902.0,670.5232064297525,nan,25287160782.750195,C,11,21,,nan,1.0847398531253465,False,0.3,True,0,0.0005,nan,0.08900928814122777,cult_d1=5_att5
100.0,,0.8917394753817645,100000000.0,,,,,nan,,B0,,21,,nan,,,1.0,False,,0.0005,nan,0.2063552766898613,
100.0,2.8436528715926697,0.8917394753817645,100000000.0,71494.0,223634530241810.94,55902.0,15592,nan,3128018158.7519364,A,11,21,,nan,0.2612723620223727,False,1.0,True,4,0.0005,nan,0.2063552766898613,"15to1_15,7,7_minerr"
100.0,,0.8917394753817645,100000000.0,,,,,nan,,B,,21,,nan,,,1.0,False,,0.0005,nan,0.2063552766898613,
100.0,2.5357975198818954,0.8917394753817645,100000000.0,56740.83584833505,158271597902257.12,55902.0,838.8358483350507,nan,2789377271.870085,C,11,21,,nan,0.23262704776738682,False,1.0,True,0,0.0005,nan,0.2063552766898613,cult_d1=5_att6
10000.0,,1.4523902736996073,100000000.0,,,,,nan,,B0,,21,,nan,,,1.0,False,,0.0005,nan,0.08778201596818913,
10000.0,112.4180873799084,1.4523902736996073,100000000.0,62100.0,7679279548921543.0,55902.0,6198,nan,123659896117.89925,A,11,21,,nan,1.1805562110658678,False,1.0,True,3,0.0005,nan,0.08778201596818913,"15to1_11,5,5_minerr"
10000.0,,1.4523902736996073,100000000.0,,,,,nan,,B,,21,,nan,,,1.0,False,,0.0005,nan,0.08778201596818913,
10000.0,163.27493669849153,1.4523902736996073,100000000.0,56648.736808375455,1.017425080808071e+16,55902.0,746.7368083754587,nan,179602430368.34067,C,11,21,,nan,1.2738588770224815,False,1.0,True,0,0.0005,nan,0.08778201596818913,cult_d1=5_att5
100.0,,nan,10000000000.0,,,,,nan,,B0,,21,,nan,,,0.1,False,,0.0005,nan,nan,
100.0,,nan,10000000000.0,,,,,nan,,A,,21,,nan,,,0.1,False,,0.0005,nan,nan,
100.0,,nan,10000000000.0,,,,,nan,,B,,21,,nan,,,0.1,False,,0.0005,nan,nan,
100.0,75.01455537350552,nan,10000000000.0,78879.83041446393,7.692276028422086e+16,78078.0,801.8304144639228,nan,975189219855.5717,C,13,21,,nan,1.0794205415883962,False,0.1,True,0,0.0005,nan,nan,cult_d1=5_att7
10000.0,,0.31796544354653145,10000000000.0,,,,,nan,,B0,,21,,nan,,,0.1,False,,0.0005,nan,0.1588792123480257,
10000.0,2247.594282633787,0.31796544354653145,10000000000.0,93670.0,2.7369180339059886e+18,78078.0,15592,nan,29218725674239.23,A,13,21,,nan,1.929403928867452,False,0.1,True,4,0.0005,nan,0.1588792123480257,"15to1_15,7,7_minerr"
10000.0,,0.31796544354653145,10000000000.0,,,,,nan,,B,,21,,nan,,,0.1,False,,0.0005,nan,0.1588792123480257,
10000.0,714.6573129903002,0.31796544354653145,10000000000.0,78787.78417936043,7.319814597950583e+17,78078.0,709.7841793604275,nan,9290545068873.902,C,13,21,,nan,1.6429507863175936,False,0.1,True,0,0.0005,nan,0.1588792123480257,cult_d1=5_att6
100.0,,nan,10000000000.0,,,,,nan,,B0,,21,,nan,,,0.3,False,,0.0005,nan,nan,
100.0,,nan,10000000000.0,,,,,nan,,A,,21,,nan,,,0.3,False,,0.0005,nan,nan,
100.0,,nan,10000000000.0,,,,,nan,,B,,21,,nan,,,0.3,False,,0.0005,nan,nan,
100.0,20.858126670439347,nan,10000000000.0,79085.76892698968,6.4333658458221624e+16,78078.0,1007.768926989673,nan,813466940147.1345,C,13,21,,nan,0.7594359101678121,False,0.3,True,0,0.0005,nan,nan,cult_d1=5_att8
10000.0,,nan,10000000000.0,,,,,nan,,B0,,21,,nan,,,0.3,False,,0.0005,nan,nan,
10000.0,,nan,10000000000.0,,,,,nan,,A,,21,,nan,,,0.3,False,,0.0005,nan,nan,
10000.0,,nan,10000000000.0,,,,,nan,,B,,21,,nan,,,0.3,False,,0.0005,nan,nan,
10000.0,4071.8283464481606,nan,10000000000.0,78879.83041446393,1.252622004834088e+19,78078.0,801.8304144639228,nan,158801305511478.25,C,13,21,,nan,2.07796185068419,False,0.3,True,0,0.0005,nan,nan,cult_d1=5_att7
100.0,,nan,10000000000.0,,,,,nan,,B0,,21,,nan,,,1.0,False,,0.0005,nan,nan,
100.0,,nan,10000000000.0,,,,,nan,,A,,21,,nan,,,1.0,False,,0.0005,nan,nan,
100.0,,nan,10000000000.0,,,,,nan,,B,,21,,nan,,,1.0,False,,0.0005,nan,nan,
100.0,76.13517832397899,nan,10000000000.0,79208.89756114913,7.839758602863036e+17,78078.0,1130.897561149128,nan,9897573182117.27,C,13,21,,nan,1.0831276056243992,False,1.0,True,0,0.0005,nan,nan,cult_d1=5_att10
10000.0,,nan,10000000000.0,,,,,nan,,B0,,21,,nan,,,1.0,False,,0.0005,nan,nan,
10000.0,,nan,10000000000.0,,,,,nan,,A,,21,,nan,,,1.0,False,,0.0005,nan,nan,
10000.0,,nan,10000000000.0,,,,,nan,,B,,21,,nan,,,1.0,False,,0.0005,nan,nan,
10000.0,111.17214507704401,nan,10000000000.0,79085.76892698968,1.1429774949685138e+18,78078.0,1007.768926989673,nan,14452378860015.72,C,13,21,,nan,1.1777699641315418,False,1.0,True,0,0.0005,nan,nan,cult_d1=5_att8
100.0,1.0,0.634076553208516,10000.0,40860.0,367740000.0,37422.0,3438,40860.0,9000.0,B0,9,25,9,0.035438998512623075,0.000804533151000637,False,0.1,True,3,0.0005,0.0,0.10617667394235075,"15to1_9,3,3_minq"
100.0,2.7991634195476705,0.634076553208516,10000.0,13638.0,190874953.57895565,11550.0,2088,40860.0,13995.817097738352,A,5,25,9,0.035438998512623075,0.2573301484512313,False,0.1,True,4,0.0005,0.6662261380323055,0.10617667394235075,"15to1_5,3,3_minerr"
100.0,1.0,0.634076553208516,10000.0,37862.345373393626,340761108.36054265,37422.0,440.34537339362276,40860.0,9000.0,B,9,25,9,0.035438998512623075,0.0006700012946255653,False,0.1,True,0,0.0005,0.07336403883030773,0.10617667394235075,cult_d1=3_att2
100.0,1.77488389293415,0.634076553208516,10000.0,12189.962520774221,108178840.66796567,11550.0,639.9625207742206,40860.0,8874.41946467075,C,5,25,9,0.035438998512623075,0.14343375208910697,False,0.1,True,0,0.0005,0.7016651365449285,0.10617667394235075,cult_d1=3_att1
10000.0,1.0,0.634076553208516,10000.0,40860.0,367740000.0,37422.0,3438,40860.0,9000.0,B0,9,25,9,0.035438998512623075,0.000804533151000637,False,0.1,True,3,0.0005,0.0,0.10617667394235075,"15to1_9,3,3_minq"
10000.0,2.7991634195476705,0.634076553208516,10000.0,13638.0,190874953.57895565,11550.0,2088,40860.0,13995.817097738352,A,5,25,9,0.035438998512623075,0.2573301484512313,False,0.1,True,4,0.0005,0.6662261380323055,0.10617667394235075,"15to1_5,3,3_minerr"
10000.0,1.0,0.634076553208516,10000.0,37862.345373393626,340761108.36054265,37422.0,440.34537339362276,40860.0,9000.0,B,9,25,9,0.035438998512623075,0.0006700012946255653,False,0.1,True,0,0.0005,0.07336403883030773,0.10617667394235075,cult_d1=3_att2
10000.0,1.77488389293415,0.634076553208516,10000.0,12189.962520774221,108178840.66796567,11550.0,639.9625207742206,40860.0,8874.41946467075,C,5,25,9,0.035438998512623075,0.14343375208910697,False,0.1,True,0,0.0005,0.7016651365449285,0.10617667394235075,cult_d1=3_att1
100.0,1.0,0.2549324282113642,10000.0,43766.0,1181682000.0,37422.0,6344,43766.0,27000.0,B0,9,25,9,0.03308589953904353,0.0009993497098856174,False,0.3,True,4,0.0005,0.0,0.10617667394235075,"15to1_9,5,5_minerr"
100.0,7.720618251810976,0.2549324282113642,10000.0,13638.0,1579406875.7729714,11550.0,2088,43766.0,115809.27377716464,A,5,25,9,0.03308589953904353,0.5109736113153929,False,0.3,True,4,0.0005,0.6883882465841065,0.10617667394235075,"15to1_5,3,3_minerr"
100.0,1.0,0.2549324282113642,10000.0,38241.528363414145,1032521265.812182,37422.0,819.528363414142,43766.0,27000.0,B,9,25,9,0.03308589953904353,0.0003710018658202834,False,0.3,True,0,0.0005,0.1262274742171059,0.10617667394235075,cult_d1=5_att5
100.0,1.9682359582271496,0.2549324282113642,10000.0,12189.962520774221,359890838.44243634,11550.0,639.9625207742206,43766.0,29523.539373407242,C,5,25,9,0.03308589953904353,0.16928442222901982,False,0.3,True,0,0.0005,0.72147414612315,0.10617667394235075,cult_d1=3_att1
10000.0,1.0,0.2549324282113642,10000.0,43766.0,1181682000.0,37422.0,6344,43766.0,27000.0,B0,9,25,9,0.03308589953904353,0.0009993497098856174,False,0.3,True,4,0.0005,0.0,0.10617667394235075,"15to1_9,5,5_minerr"
10000.0,7.720618251810976,0.2549324282113642,10000.0,13638.0,1579406875.7729714,11550.0,2088,43766.0,115809.27377716464,A,5,25,9,0.03308589953904353,0.5109736113153929,False,0.3,True,4,0.0005,0.6883882465841065,0.10617667394235075,"15to1_5,3,3_minerr"
10000.0,1.0,0.2549324282113642,10000.0,38241.528363414145,1032521265.812182,37422.0,819.528363414142,43766.0,27000.0,B,9,25,9,0.03308589953904353,0.0003710018658202834,False,0.3,True,0,0.0005,0.1262274742171059,0.10617667394235075,cult_d1=5_att5
10000.0,1.9682359582271496,0.2549324282113642,10000.0,12189.962520774221,359890838.44243634,11550.0,639.9625207742206,43766.0,29523.539373407242,C,5,25,9,0.03308589953904353,0.16928442222901982,False,0.3,True,0,0.0005,0.72147414612315,0.10617667394235075,cult_d1=3_att1
100.0,1.0,1.436340533636979,10000.0,45686.0,4111740000.0,37422.0,8264,45686.0,90000.0,B0,9,25,9,0.05691103356007921,0.0003805835016143355,False,1.0,True,4,0.0005,0.0,0.1757969898056646,"15to1_11,5,5_minerr"
100.0,1.9678636013016442,1.436340533636979,10000.0,14790.0,1455235133.162566,11550.0,3240,45686.0,98393.18006508221,A,5,25,9,0.05691103356007921,0.16923712198661173,False,1.0,True,4,0.0005,0.6762684410979294,0.1757969898056646,"15to1_7,3,3_minerr"
100.0,1.0,1.436340533636979,10000.0,38241.528363414145,3441737552.707273,37422.0,819.528363414142,45686.0,90000.0,B,9,25,9,0.05691103356007921,0.0005946268747202728,False,1.0,True,0,0.0005,0.16294864152225752,0.1757969898056646,cult_d1=5_att5
100.0,2.826522255218391,1.436340533636979,10000.0,12189.962520774221,1722760017.7623208,11550.0,639.9625207742206,45686.0,141326.11276091955,C,5,25,9,0.05691103356007921,0.25976176771871473,False,1.0,True,0,0.0005,0.7331794746580085,0.1757969898056646,cult_d1=3_att1
10000.0,1.0,0.010505505199700579,10000.0,45686.0,4111740000.0,37422.0,8264,45686.0,90000.0,B0,9,25,9,0.03169543140624653,0.0003805835016143355,False,1.0,True,4,0.0005,0.0,0.10617667394235075,"15to1_11,5,5_minerr"
10000.0,269.0515307439904,0.010505505199700579,10000.0,13638.0,183466238814.32706,11550.0,2088,45686.0,13452576.53719952,A,5,25,9,0.03169543140624653,1.3987257313399581,False,1.0,True,4,0.0005,0.701484043251762,0.10617667394235075,"15to1_5,3,3_minerr"
10000.0,1.0,0.010505505199700579,10000.0,38241.528363414145,3441737552.707273,37422.0,819.528363414142,45686.0,90000.0,B,9,25,9,0.03169543140624653,0.0005946268747202728,False,1.0,True,0,0.0005,0.16294864152225752,0.10617667394235075,cult_d1=5_att5
10000.0,2.826522255218391,0.010505505199700579,10000.0,12189.962520774221,1722760017.7623208,11550.0,639.9625207742206,45686.0,141326.11276091955,C,5,25,9,0.03169543140624653,0.25976176771871473,False,1.0,True,0,0.0005,0.7331794746580085,0.10617667394235075,cult_d1=3_att1
100.0,1.0,1.4363405336369794,100000.0,62100.0,6831000000.0,55902.0,6198,62100.0,110000.0,B0,11,25,11,0.03176946720986636,0.00023176788316229643,False,0.1,True,3,0.0005,0.0,0.0787012890431108,"15to1_11,5,5_minerr"
100.0,1.4838173791023659,1.4363405336369794,100000.0,25068.0,2603743384.1536674,22638.0,2430,62100.0,103867.21653716562,A,7,25,11,0.03176946720986636,0.09865451931715785,False,0.1,True,3,0.0005,0.596328502415459,0.0787012890431108,"15to1_7,3,3_minerr"
100.0,1.0,1.4363405336369794,100000.0,56572.52320642975,6222977552.707273,55902.0,670.5232064297525,62100.0,110000.0,B,11,25,11,0.03176946720986636,0.0004458112562682338,False,0.1,True,0,0.0005,0.08900928814122777,0.0787012890431108,cult_d1=5_att5
100.0,2.1312670461197163,1.4363405336369794,100000.0,23095.1160862673,3445530188.8679595,22638.0,457.11608626730043,62100.0,149188.69322838014,C,7,25,11,0.03176946720986636,0.18917916504926088,False,0.1,True,0,0.0005,0.6280979696253253,0.0787012890431108,cult_d1=3_att1
10000.0,1.0,1.4363405336369786,100000.0,62100.0,6831000000.0,55902.0,6198,62100.0,110000.0,B0,11,25,11,0.041868558441638955,0.00023176788316229643,False,0.1,True,3,0.0005,0.0,0.1757969898056646,"15to1_11,5,5_minerr"
10000.0,215.99418815575768,1.4363405336369786,100000.0,14790.0,159727702141.1828,11550.0,3240,62100.0,10799709.407787884,A,5,25,11,0.041868558441638955,1.3438128751589666,False,0.1,True,4,0.0005,0.7618357487922706,0.1757969898056646,"15to1_7,3,3_minerr"
10000.0,1.0,1.4363405336369786,100000.0,56572.52320642975,6222977552.707273,55902.0,670.5232064297525,62100.0,110000.0,B,11,25,11,0.041868558441638955,0.0004458112562682338,False,0.1,True,0,0.0005,0.08900928814122777,0.1757969898056646,cult_d1=5_att5
10000.0,310.24120747812697,1.4363405336369786,100000.0,12189.962520774221,189091434577.90533,11550.0,639.9625207742206,62100.0,15512060.373906348,C,5,25,11,0.041868558441638955,1.4343375208910696,False,0.1,True,0,0.0005,0.8037043072339095,0.1757969898056646,cult_d1=3_att1
100.0,1.0,2.9632769947608137,100000.0,62100.0,20493000000.0,55902.0,6198,62100.0,330000.0,B0,11,25,11,0.03176946720986636,0.00044260973380753454,False,0.3,True,3,0.0005,0.0,0.0787012890431108,"15to1_11,5,5_minerr"
100.0,2.022729257417004,2.9632769947608137,100000.0,25068.0,10648213175.235188,22638.0,2430,62100.0,424773.1440575709,A,7,25,11,0.03176946720986636,0.1761119292520802,False,0.3,True,3,0.0005,0.596328502415459,0.0787012890431108,"15to1_7,3,3_minerr"
100.0,1.0,2.9632769947608137,100000.0,56648.736808375455,18694083146.7639,55902.0,746.7368083754587,62100.0,330000.0,B,11,25,11,0.03176946720986636,0.00047060053359451856,False,0.3,True,0,0.0005,0.08778201596818913,0.0787012890431108,cult_d1=5_att5
100.0,5.993907075133433,2.9632769947608137,100000.0,23095.1160862673,29070295739.20616,22638.0,457.11608626730043,62100.0,1258720.485778021,C,7,25,11,0.03176946720986636,0.44768586644838926,False,0.3,True,0,0.0005,0.6280979696253253,0.0787012890431108,cult_d1=3_att1
10000.0,1.0,2.9632769947608133,100000.0,62100.0,20493000000.0,55902.0,6198,62100.0,330000.0,B0,11,25,11,0.041868558441638955,0.00044260973380753454,False,0.3,True,3,0.0005,0.0,0.1757969898056646,"15to1_11,5,5_minerr"
10000.0,294.44173519451925,2.9632769947608133,100000.0,14790.0,653218989529.041,11550.0,3240,62100.0,44166260.27917789,A,5,25,11,0.041868558441638955,1.421270285093889,False,0.3,True,4,0.0005,0.7618357487922706,0.1757969898056646,"15to1_7,3,3_minerr"
10000.0,1.0,2.9632769947608133,100000.0,56648.736808375455,18694083146.7639,55902.0,746.7368083754587,62100.0,330000.0,B,11,25,11,0.041868558441638955,0.00047060053359451856,False,0.3,True,0,0.0005,0.08778201596818913,0.1757969898056646,cult_d1=5_att5
10000.0,872.5124201993742,2.9632769947608133,100000.0,12189.962520774221,1595384055171.0571,11550.0,639.9625207742206,62100.0,130876863.02990614,C,5,25,11,0.041868558441638955,1.692844222290198,False,0.3,True,0,0.0005,0.8037043072339095,0.1757969898056646,cult_d1=3_att1
100.0,1.0,0.29541077676409705,100000.0,71494.0,78643400000.0,55902.0,15592,71494.0,1100000.0,B0,11,25,11,0.02686639119180725,0.0002612723620223727,False,1.0,True,4,0.0005,0.0,0.07662301627042711,"15to1_15,7,7_minerr"
100.0,5.982577266262315,0.29541077676409705,100000.0,25068.0,104979872837.4646,22638.0,2430,71494.0,4187804.0863836207,A,7,25,11,0.02686639119180725,0.4472128640243084,False,1.0,True,3,0.0005,0.6493691778331049,0.07662301627042711,"15to1_7,3,3_minerr"
100.0,1.0,0.29541077676409705,100000.0,56740.83584833505,62414919433.16856,55902.0,838.8358483350507,71494.0,1100000.0,B,11,25,11,0.02686639119180725,0.00023262704776738684,False,1.0,True,0,0.0005,0.2063552766898613,0.07662301627042711,cult_d1=5_att6
100.0,1.767317797277779,0.29541077676409705,100000.0,23147.214228132932,28635938563.946533,22638.0,509.21422813293276,71494.0,1237122.4580944453,C,7,25,11,0.02686639119180725,0.14236575712090305,False,1.0,True,0,0.0005,0.6762355690249121,0.07662301627042711,cult_d1=3_att2
10000.0,1.0,0.29541077676409705,100000.0,71494.0,78643400000.0,55902.0,15592,71494.0,1100000.0,B0,11,25,11,0.035347023255292674,0.0002612723620223727,False,1.0,True,4,0.0005,0.0,0.17086545507869466,"15to1_15,7,7_minerr"
10000.0,870.8631789224206,0.29541077676409705,100000.0,14790.0,6440033208131.301,11550.0,3240,71494.0,435431589.4612103,A,5,25,11,0.035347023255292674,1.6923712198661172,False,1.0,True,4,0.0005,0.7931294933840602,0.17086545507869466,"15to1_7,3,3_minerr"
10000.0,1.0,0.29541077676409705,100000.0,56740.83584833505,62414919433.16856,55902.0,838.8358483350507,71494.0,1100000.0,B,11,25,11,0.035347023255292674,0.00023262704776738684,False,1.0,True,0,0.0005,0.2063552766898613,0.17086545507869466,cult_d1=5_att6
10000.0,257.2623681407231,0.29541077676409705,100000.0,12262.899919386105,1577391336766.9758,11550.0,712.8999193861058,71494.0,128631184.07036154,C,5,25,11,0.035347023255292674,1.3875241129627118,False,1.0,True,0,0.0005,0.8284765166393528,0.17086545507869466,cult_d1=3_att2
100.0,1.0,0.29541077676409705,1000000.0,93670.0,121771000000.0,78078.0,15592,93670.0,1300000.0,B0,13,25,13,0.02050587991744494,0.00019294039288674522,False,0.1,True,4,0.0005,0.0,0.07662301627042711,"15to1_15,7,7_minerr"
100.0,51.73739215906045,0.29541077676409705,1000000.0,25068.0,907867062650.3292,22638.0,2430,93670.0,36216174.51134232,A,7,25,13,0.02050587991744494,0.9865451931715784,False,0.1,True,3,0.0005,0.7323796306181274,0.07662301627042711,"15to1_7,3,3_minerr"
100.0,1.0,0.29541077676409705,1000000.0,78787.78417936043,102424119433.16856,78078.0,709.7841793604275,93670.0,1300000.0,B,13,25,13,0.02050587991744494,0.00016429507863175937,False,0.1,True,0,0.0005,0.1588792123480257,0.07662301627042711,cult_d1=5_att6
100.0,15.28378320545675,0.29541077676409705,1000000.0,23147.214228132932,247643902851.13333,22638.0,509.21422813293276,93670.0,10698648.243819725,C,7,25,13,0.02050587991744494,0.6816980862681731,False,0.1,True,0,0.0005,0.7528855105355724,0.07662301627042711,cult_d1=3_att2
10000.0,1.0,37.37439443920678,1000000.0,93670.0,121771000000.0,78078.0,15592,93670.0,1300000.0,B0,13,25,13,0.021062068044546828,0.00019294039288674522,False,0.1,True,4,0.0005,0.0,0.0787012890431108,"15to1_15,7,7_minerr"
10000.0,51.73739215906045,37.37439443920678,1000000.0,25068.0,907867062650.3292,22638.0,2430,93670.0,36216174.51134232,A,7,25,13,0.021062068044546828,0.9865451931715784,False,0.1,True,3,0.0005,0.7323796306181274,0.0787012890431108,"15to1_7,3,3_minerr"
10000.0,1.0,37.37439443920678,1000000.0,78787.78417936043,102424119433.16856,78078.0,709.7841793604275,93670.0,1300000.0,B,13,25,13,0.021062068044546828,0.00016429507863175937,False,0.1,True,0,0.0005,0.1588792123480257,0.0787012890431108,cult_d1=5_att6
10000.0,1933.6537018086492,37.37439443920678,1000000.0,23095.1160862673,31260569699737.87,22638.0,457.11608626730043,93670.0,1353557591.2660544,C,7,25,13,0.021062068044546828,1.8917916504926087,False,0.1,True,0,0.0005,0.7534416986626743,0.0787012890431108,cult_d1=3_att1
100.0,1.0,1.4248045174929411,1000000.0,93670.0,365313000000.0,78078.0,15592,93670.0,3900000.0,B0,13,25,13,0.031267062793499174,0.0004627912012521358,False,0.3,True,4,0.0005,0.0,0.11231729451860206,"15to1_15,7,7_minerr"
100.0,20.744419352542085,1.4248045174929411,1000000.0,26076.0,1135956105977.4634,22638.0,3438,93670.0,43563280.640338376,A,7,25,13,0.031267062793499174,0.7580693159096429,False,0.3,True,3,0.0005,0.7216184477420733,0.11231729451860206,"15to1_9,3,3_minq"
100.0,1.0,1.4248045174929411,1000000.0,78787.78417936043,307272358299.5057,78078.0,709.7841793604275,93670.0,3900000.0,B,13,25,13,0.031267062793499174,0.00037685525848717827,False,0.3,True,0,0.0005,0.1588792123480257,0.11231729451860206,cult_d1=5_att6
100.0,29.556742406269954,1.4248045174929411,1000000.0,23147.214228132932,1436728121563.711,22638.0,509.21422813293276,93670.0,62069159.0531669,C,7,25,13,0.031267062793499174,0.8465779718105859,False,0.3,True,0,0.0005,0.7528855105355724,0.11231729451860206,cult_d1=3_att2
10000.0,1.0,0.0257797679457318,1000000.0,93670.0,365313000000.0,78078.0,15592,93670.0,3900000.0,B0,13,25,13,0.02050587991744494,0.0004627912012521358,False,0.3,True,4,0.0005,0.0,0.07662301627042711,"15to1_15,7,7_minerr"
10000.0,1146.5092497530989,0.0257797679457318,1000000.0,25068.0,60355457132902.44,22638.0,2430,93670.0,2407669424.481508,A,7,25,13,0.02050587991744494,1.7611192925208017,False,0.3,True,3,0.0005,0.7323796306181274,0.07662301627042711,"15to1_7,3,3_minerr"
10000.0,1.0,0.0257797679457318,1000000.0,78787.78417936043,307272358299.5057,78078.0,709.7841793604275,93670.0,3900000.0,B,13,25,13,0.02050587991744494,0.00037685525848717827,False,0.3,True,0,0.0005,0.1588792123480257,0.07662301627042711,cult_d1=5_att6
10000.0,29.556742406269954,0.0257797679457318,1000000.0,23147.214228132932,1436728121563.711,22638.0,509.21422813293276,93670.0,62069159.0531669,C,7,25,13,0.02050587991744494,0.8465779718105859,False,0.3,True,0,0.0005,0.7528855105355724,0.07662301627042711,cult_d1=3_att2
100.0,,0.5838405142428277,1000000.0,,,,,nan,,B0,,25,,nan,,,1.0,False,,0.0005,nan,0.1101335198182094,
100.0,91.33324703283516,0.5838405142428277,1000000.0,26076.0,16671240247397.467,22638.0,3438,nan,639332729.2298461,A,7,25,,nan,1.1286287182058872,False,1.0,True,3,0.0005,nan,0.1101335198182094,"15to1_9,3,3_minq"
100.0,1.0,0.5838405142428277,1000000.0,78879.83041446393,1025437795388.031,78078.0,801.8304144639228,nan,13000000.0,B,13,25,,nan,0.0005572856432519467,False,1.0,True,0,0.0005,nan,0.1101335198182094,cult_d1=5_att7
100.0,53.3240499151177,0.5838405142428277,1000000.0,23204.15833722037,8661377881885.635,22638.0,566.1583372203721,nan,373268349.4058239,C,7,25,,nan,0.9940968618308155,False,1.0,True,0,0.0005,nan,0.1101335198182094,cult_d1=3_att2
10000.0,,3.2547498184409487,1000000.0,,,,,nan,,B0,,25,,nan,,,1.0,False,,0.0005,nan,0.11231729451860206,
10000.0,91.33324703283516,3.2547498184409487,1000000.0,26076.0,16671240247397.467,22638.0,3438,nan,639332729.2298461,A,7,25,,nan,1.1286287182058872,False,1.0,True,3,0.0005,nan,0.11231729451860206,"15to1_9,3,3_minq"
10000.0,1.0,3.2547498184409487,1000000.0,78879.83041446393,1025437795388.031,78078.0,801.8304144639228,nan,13000000.0,B,13,25,,nan,0.0005572856432519467,False,1.0,True,0,0.0005,nan,0.11231729451860206,cult_d1=5_att7
10000.0,297.26686919774255,3.2547498184409487,1000000.0,23147.214228132932,48166299329725.625,22638.0,509.21422813293276,nan,2080868084.384198,C,7,25,,nan,1.4236575712090305,False,1.0,True,0,0.0005,nan,0.11231729451860206,cult_d1=3_att2
100.0,,2.3541353202499637,100000000.0,,,,,nan,,B0,,25,,nan,,,0.1,False,,0.0005,nan,0.08900928814122777,
100.0,2.5270978075151564,2.3541353202499637,100000000.0,62100.0,17262605123136.033,55902.0,6198,nan,277980758.8266672,A,11,25,,nan,0.23176788316229643,False,0.1,True,3,0.0005,nan,0.08900928814122777,"15to1_11,5,5_minerr"
100.0,1.0,2.3541353202499637,100000000.0,104823.39973672439,15723509960508.658,103950.0,873.3997367243833,nan,150000000.0,B,15,25,,nan,0.0008640086765381186,False,0.1,True,0,0.0005,nan,0.08900928814122777,cult_d1=5_att8
100.0,5.949130206397674,2.3541353202499637,100000000.0,56572.52320642975,37021303732545.516,55902.0,670.5232064297525,nan,654404322.7037442,C,11,25,,nan,0.4458112562682338,False,0.1,True,0,0.0005,nan,0.08900928814122777,cult_d1=5_att5
10000.0,,2.3541353202499637,100000000.0,,,,,nan,,B0,,25,,nan,,,0.1,False,,0.0005,nan,0.08900928814122777,
10000.0,2.5270978075151564,2.3541353202499637,100000000.0,62100.0,17262605123136.033,55902.0,6198,nan,277980758.8266672,A,11,25,,nan,0.23176788316229643,False,0.1,True,3,0.0005,nan,0.08900928814122777,"15to1_11,5,5_minerr"
10000.0,1.0,2.3541353202499637,100000000.0,104823.39973672439,15723509960508.658,103950.0,873.3997367243833,nan,150000000.0,B,15,25,,nan,0.0008640086765381186,False,0.1,True,0,0.0005,nan,0.08900928814122777,cult_d1=5_att8
10000.0,5.949130206397674,2.3541353202499637,100000000.0,56572.52320642975,37021303732545.516,55902.0,670.5232064297525,nan,654404322.7037442,C,11,25,,nan,0.4458112562682338,False,0.1,True,0,0.0005,nan,0.08900928814122777,cult_d1=5_att5
100.0,,13.046507550117518,100000000.0,,,,,nan,,B0,,25,,nan,,,0.3,False,,0.0005,nan,0.08900928814122777,
100.0,5.873430851388089,13.046507550117518,100000000.0,62100.0,120364218437496.11,55902.0,6198,nan,1938232180.9580693,A,11,25,,nan,0.44260973380753454,False,0.3,True,3,0.0005,nan,0.08900928814122777,"15to1_11,5,5_minerr"
100.0,,13.046507550117518,100000000.0,,,,,nan,,B,,25,,nan,,,0.3,False,,0.0005,nan,0.08900928814122777,
100.0,76.62775994772787,13.046507550117518,100000000.0,56572.52320642975,1430558490206855.8,55902.0,670.5232064297525,nan,25287160782.750195,C,11,25,,nan,1.0847398531253465,False,0.3,True,0,0.0005,nan,0.08900928814122777,cult_d1=5_att5
10000.0,,13.046507550117518,100000000.0,,,,,nan,,B0,,25,,nan,,,0.3,False,,0.0005,nan,0.08900928814122777,
10000.0,5.873430851388089,13.046507550117518,100000000.0,62100.0,120364218437496.11,55902.0,6198,nan,1938232180.9580693,A,11,25,,nan,0.44260973380753454,False,0.3,True,3,0.0005,nan,0.08900928814122777,"15to1_11,5,5_minerr"
10000.0,,13.046507550117518,100000000.0,,,,,nan,,B,,25,,nan,,,0.3,False,,0.0005,nan,0.08900928814122777,
10000.0,76.62775994772787,13.046507550117518,100000000.0,56572.52320642975,1430558490206855.8,55902.0,670.5232064297525,nan,25287160782.750195,C,11,25,,nan,1.0847398531253465,False,0.3,True,0,0.0005,nan,0.08900928814122777,cult_d1=5_att5
100.0,,0.8917394753817645,100000000.0,,,,,nan,,B0,,25,,nan,,,1.0,False,,0.0005,nan,0.2063552766898613,
100.0,2.8436528715926697,0.8917394753817645,100000000.0,71494.0,223634530241810.94,55902.0,15592,nan,3128018158.7519364,A,11,25,,nan,0.2612723620223727,False,1.0,True,4,0.0005,nan,0.2063552766898613,"15to1_15,7,7_minerr"
100.0,,0.8917394753817645,100000000.0,,,,,nan,,B,,25,,nan,,,1.0,False,,0.0005,nan,0.2063552766898613,
100.0,2.5357975198818954,0.8917394753817645,100000000.0,56740.83584833505,158271597902257.12,55902.0,838.8358483350507,nan,2789377271.870085,C,11,25,,nan,0.23262704776738682,False,1.0,True,0,0.0005,nan,0.2063552766898613,cult_d1=5_att6
10000.0,,1.4523902736996073,100000000.0,,,,,nan,,B0,,25,,nan,,,1.0,False,,0.0005,nan,0.08778201596818913,
10000.0,112.4180873799084,1.4523902736996073,100000000.0,62100.0,7679279548921543.0,55902.0,6198,nan,123659896117.89925,A,11,25,,nan,1.1805562110658678,False,1.0,True,3,0.0005,nan,0.08778201596818913,"15to1_11,5,5_minerr"
10000.0,,1.4523902736996073,100000000.0,,,,,nan,,B,,25,,nan,,,1.0,False,,0.0005,nan,0.08778201596818913,
10000.0,163.27493669849153,1.4523902736996073,100000000.0,56648.736808375455,1.017425080808071e+16,55902.0,746.7368083754587,nan,179602430368.34067,C,11,25,,nan,1.2738588770224815,False,1.0,True,0,0.0005,nan,0.08778201596818913,cult_d1=5_att5
100.0,,nan,10000000000.0,,,,,nan,,B0,,25,,nan,,,0.1,False,,0.0005,nan,nan,
100.0,,nan,10000000000.0,,,,,nan,,A,,25,,nan,,,0.1,False,,0.0005,nan,nan,
100.0,,nan,10000000000.0,,,,,nan,,B,,25,,nan,,,0.1,False,,0.0005,nan,nan,
100.0,75.01455537350552,nan,10000000000.0,78879.83041446393,7.692276028422086e+16,78078.0,801.8304144639228,nan,975189219855.5717,C,13,25,,nan,1.0794205415883962,False,0.1,True,0,0.0005,nan,nan,cult_d1=5_att7
10000.0,,0.31796544354653145,10000000000.0,,,,,nan,,B0,,25,,nan,,,0.1,False,,0.0005,nan,0.1588792123480257,
10000.0,2247.594282633787,0.31796544354653145,10000000000.0,93670.0,2.7369180339059886e+18,78078.0,15592,nan,29218725674239.23,A,13,25,,nan,1.929403928867452,False,0.1,True,4,0.0005,nan,0.1588792123480257,"15to1_15,7,7_minerr"
10000.0,,0.31796544354653145,10000000000.0,,,,,nan,,B,,25,,nan,,,0.1,False,,0.0005,nan,0.1588792123480257,
10000.0,714.6573129903002,0.31796544354653145,10000000000.0,78787.78417936043,7.319814597950583e+17,78078.0,709.7841793604275,nan,9290545068873.902,C,13,25,,nan,1.6429507863175936,False,0.1,True,0,0.0005,nan,0.1588792123480257,cult_d1=5_att6
100.0,,nan,10000000000.0,,,,,nan,,B0,,25,,nan,,,0.3,False,,0.0005,nan,nan,
100.0,,nan,10000000000.0,,,,,nan,,A,,25,,nan,,,0.3,False,,0.0005,nan,nan,
100.0,,nan,10000000000.0,,,,,nan,,B,,25,,nan,,,0.3,False,,0.0005,nan,nan,
100.0,20.858126670439347,nan,10000000000.0,79085.76892698968,6.4333658458221624e+16,78078.0,1007.768926989673,nan,813466940147.1345,C,13,25,,nan,0.7594359101678121,False,0.3,True,0,0.0005,nan,nan,cult_d1=5_att8
10000.0,,nan,10000000000.0,,,,,nan,,B0,,25,,nan,,,0.3,False,,0.0005,nan,nan,
10000.0,,nan,10000000000.0,,,,,nan,,A,,25,,nan,,,0.3,False,,0.0005,nan,nan,
10000.0,,nan,10000000000.0,,,,,nan,,B,,25,,nan,,,0.3,False,,0.0005,nan,nan,
10000.0,4071.8283464481606,nan,10000000000.0,78879.83041446393,1.252622004834088e+19,78078.0,801.8304144639228,nan,158801305511478.25,C,13,25,,nan,2.07796185068419,False,0.3,True,0,0.0005,nan,nan,cult_d1=5_att7
100.0,,nan,10000000000.0,,,,,nan,,B0,,25,,nan,,,1.0,False,,0.0005,nan,nan,
100.0,,nan,10000000000.0,,,,,nan,,A,,25,,nan,,,1.0,False,,0.0005,nan,nan,
100.0,,nan,10000000000.0,,,,,nan,,B,,25,,nan,,,1.0,False,,0.0005,nan,nan,
100.0,76.13517832397899,nan,10000000000.0,79208.89756114913,7.839758602863036e+17,78078.0,1130.897561149128,nan,9897573182117.27,C,13,25,,nan,1.0831276056243992,False,1.0,True,0,0.0005,nan,nan,cult_d1=5_att10
10000.0,,nan,10000000000.0,,,,,nan,,B0,,25,,nan,,,1.0,False,,0.0005,nan,nan,
10000.0,,nan,10000000000.0,,,,,nan,,A,,25,,nan,,,1.0,False,,0.0005,nan,nan,
10000.0,,nan,10000000000.0,,,,,nan,,B,,25,,nan,,,1.0,False,,0.0005,nan,nan,
10000.0,111.17214507704401,nan,10000000000.0,79085.76892698968,1.1429774949685138e+18,78078.0,1007.768926989673,nan,14452378860015.72,C,13,25,,nan,1.1777699641315418,False,1.0,True,0,0.0005,nan,nan,cult_d1=5_att8
