C_max,Gamma,Gamma_ratio_C_over_A,N,Q,QTG,Q_data,Q_fac,Q_ref_uncapped,T_cycles,arm,d,d_max,d_ref,deltaQ_C_minus_A,eps_tot,est,f_T,feasible,k,p,reduction_vs_ref,saving_C_vs_A,src
100.0,,1.2961320784980785,10000.0,,,,,71494.0,,B0,,7,11,0.04266156484832033,,,0.1,False,,0.001,nan,0.20622352381783726,
100.0,64.0812961332837,1.2961320784980785,10000.0,14790.0,4738811849.05633,11550.0,3240,71494.0,320406.4806664185,A,5,7,11,0.04266156484832033,1.040038132338651,False,0.1,True,4,0.001,0.7931294933840602,0.20622352381783726,"15to1_7,3,3_minerr"
100.0,,1.2961320784980785,10000.0,,,,,71494.0,,B,,7,11,0.04266156484832033,,,0.1,False,,0.001,nan,0.20622352381783726,
100.0,83.05782355008388,1.2961320784980785,10000.0,11739.954082734186,4875475173.449115,11550.0,189.95408273418565,71494.0,415289.1177504194,C,5,7,11,0.04266156484832033,1.1048842586283314,False,0.1,True,0,0.001,0.8357910582323805,0.20622352381783726,cult_d1=3_d2=7_att2.1
10000.0,,1.5464483516651366,10000.0,,,,,71494.0,,B0,,7,11,0.026814544595579123,,,0.1,False,,0.001,nan,0.1405689288250721,
10000.0,2255.8393098990136,1.5464483516651366,10000.0,13638.0,153825682542.01373,11550.0,2088,71494.0,11279196.549495067,A,5,7,11,0.026814544595579123,1.9303193455498702,False,0.1,True,4,0.001,0.8092427336559711,0.1405689288250721,"15to1_5,3,3_minerr"
10000.0,,1.5464483516651366,10000.0,,,,,71494.0,,B,,7,11,0.026814544595579123,,,0.1,False,,0.001,nan,0.1405689288250721,
10000.0,3488.5389824147487,1.5464483516651366,10000.0,11720.920948683666,204444448196.42313,11550.0,170.9209486836671,71494.0,17442694.912073743,C,5,7,11,0.026814544595579123,2.0393095744665044,False,0.1,True,0,0.001,0.8360572782515503,0.1405689288250721,cult_d1=3_d2=7_att1.9
100.0,,28.291001776681863,10000.0,,,,,71494.0,,B0,,7,11,0.1861152257474656,,,0.3,False,,0.001,nan,0.5308010989943077,
100.0,3.0094897021282443,28.291001776681863,10000.0,25068.0,1584279644.9119673,22638.0,2430,71494.0,63199.28374469313,A,7,7,11,0.1861152257474656,0.2754426325528946,False,0.3,True,3,0.001,0.6493691778331049,0.5308010989943077,"15to1_7,3,3_minerr"
100.0,,28.291001776681863,10000.0,,,,,71494.0,,B,,7,11,0.1861152257474656,,,0.3,False,,0.001,nan,0.5308010989943077,
100.0,85.14147850981593,28.291001776681863,10000.0,11761.878050410694,15021355308.961765,11550.0,211.87805041069515,71494.0,1277122.1776472388,C,5,7,11,0.1861152257474656,1.1110785814700346,False,0.3,True,0,0.001,0.8354844035805704,0.5308010989943077,cult_d1=3_d2=7_att2.4
10000.0,,2.1774479273033007,10000.0,,,,,71494.0,,B0,,7,11,0.04266156484832033,,,0.3,False,,0.001,nan,0.20622352381783726,
10000.0,105.68735289583937,2.1774479273033007,10000.0,14790.0,23446739239.941963,11550.0,3240,71494.0,1585310.2934375906,A,5,7,11,0.04266156484832033,1.1651213086948287,False,0.3,True,4,0.001,0.7931294933840602,0.20622352381783726,"15to1_7,3,3_minerr"
10000.0,,2.1774479273033007,10000.0,,,,,71494.0,,B,,7,11,0.04266156484832033,,,0.3,False,,0.001,nan,0.20622352381783726,
10000.0,230.12870750521793,2.1774479273033007,10000.0,11739.954082734186,40525506888.45337,11550.0,189.95408273418565,71494.0,3451930.612578269,C,5,7,11,0.04266156484832033,1.3596596875638702,False,0.3,True,0,0.001,0.8357910582323805,0.20622352381783726,cult_d1=3_d2=7_att2.1
100.0,,4.116868091831327,10000.0,,,,,71494.0,,B0,,7,11,0.18528694500247458,,,1.0,False,,0.001,nan,0.5284388401949465,
100.0,17.33859599968716,4.116868091831327,10000.0,25068.0,30425074716.411045,22638.0,2430,71494.0,1213701.7199781013,A,7,7,11,0.18528694500247458,0.7132337497995166,False,1.0,True,3,0.001,0.6493691778331049,0.5284388401949465,"15to1_7,3,3_minerr"
100.0,,4.116868091831327,10000.0,,,,,71494.0,,B,,7,11,0.18528694500247458,,,1.0,False,,0.001,nan,0.5284388401949465,
100.0,71.38071262826635,4.116868091831327,10000.0,11821.095153993081,42189909806.928604,11550.0,271.09515399308094,71494.0,3569035.6314133178,C,5,7,11,0.18528694500247458,1.0670069253991863,False,1.0,True,0,0.001,0.8346561228355794,0.5284388401949465,cult_d1=3_d2=7_att3.0
10000.0,,13.381123925552373,10000.0,,,,,71494.0,,B0,,7,11,0.04266156484832033,,,1.0,False,,0.001,nan,0.20622352381783726,
10000.0,608.8973532095636,13.381123925552373,10000.0,14790.0,450279592698.4722,11550.0,3240,71494.0,30444867.66047818,A,5,7,11,0.04266156484832033,1.6029124259414507,False,1.0,True,4,0.001,0.7931294933840602,0.20622352381783726,"15to1_7,3,3_minerr"
10000.0,,13.381123925552373,10000.0,,,,,71494.0,,B,,7,11,0.04266156484832033,,,1.0,False,,0.001,nan,0.20622352381783726,
10000.0,8147.730941238005,13.381123925552373,10000.0,11739.954082734186,4782699356430.338,11550.0,189.95408273418565,71494.0,407386547.0619002,C,5,7,11,0.04266156484832033,2.251373688838256,False,1.0,True,0,0.001,0.8357910582323805,0.20622352381783726,cult_d1=3_d2=7_att2.1
100.0,,nan,100000.0,,,,,93670.0,,B0,,7,13,nan,,,0.1,False,,0.001,nan,nan,
100.0,,nan,100000.0,,,,,93670.0,,A,,7,13,nan,,,0.1,False,,0.001,nan,nan,
100.0,,nan,100000.0,,,,,93670.0,,B,,7,13,nan,,,0.1,False,,0.001,nan,nan,
100.0,88.30102355459194,nan,100000.0,22810.187440151494,140991402890.6232,22638.0,172.18744015149514,93670.0,6181071.648821436,C,7,7,13,nan,1.1201879248318658,False,0.1,True,0,0.001,0.756483533253427,nan,cult_d1=3_d2=7_att2.7
10000.0,,13.3811239255524,100000.0,,,,,93670.0,,B0,,7,13,0.024493632030882076,,,0.1,False,,0.001,nan,0.09152379576881775,
10000.0,409.27129449342203,13.3811239255524,100000.0,25068.0,718172896725.2772,22638.0,2430,93670.0,28648990.61453954,A,7,7,13,0.024493632030882076,1.5035945619671687,False,0.1,True,3,0.001,0.7323796306181274,0.09152379576881775,"15to1_7,3,3_minerr"
10000.0,,13.3811239255524,100000.0,,,,,93670.0,,B,,7,13,0.024493632030882076,,,0.1,False,,0.001,nan,0.09152379576881775,
10000.0,5476.509910787731,13.3811239255524,100000.0,22773.681487667276,8730420466063.305,22638.0,135.68148766727546,93670.0,383355693.7551412,C,7,7,13,0.024493632030882076,2.1520558248639743,False,0.1,True,0,0.001,0.7568732626490096,0.09152379576881775,cult_d1=3_d2=7_att2.1
100.0,,nan,100000.0,,,,,115644.0,,B0,,7,15,nan,,,0.3,False,,0.001,nan,nan,
100.0,,nan,100000.0,,,,,115644.0,,A,,7,15,nan,,,0.3,False,,0.001,nan,nan,
100.0,,nan,100000.0,,,,,115644.0,,B,,7,15,nan,,,0.3,False,,0.001,nan,nan,
100.0,98.18360984833022,nan,100000.0,22831.639395709342,470755482671.4793,22638.0,193.63939570934352,115644.0,20618558.068149347,C,7,7,15,nan,1.1467098239021523,False,0.3,True,0,0.001,0.8025696154084143,nan,cult_d1=3_d2=7_att3.0
10000.0,,nan,100000.0,,,,,115644.0,,B0,,7,15,nan,,,0.3,False,,0.001,nan,nan,
10000.0,,nan,100000.0,,,,,115644.0,,A,,7,15,nan,,,0.3,False,,0.001,nan,nan,
10000.0,,nan,100000.0,,,,,115644.0,,B,,7,15,nan,,,0.3,False,,0.001,nan,nan,
10000.0,7016.334524343994,nan,100000.0,22789.34146457907,33578505094047.953,22638.0,151.34146457906795,115644.0,1473430250.112239,C,7,7,15,nan,2.2139990532810048,False,0.3,True,0,0.001,0.8029353752500858,nan,cult_d1=3_d2=7_att2.4
100.0,,nan,100000.0,,,,,287018.0,,B0,,7,17,nan,,,1.0,False,,0.001,nan,nan,
100.0,,nan,100000.0,,,,,287018.0,,A,,7,17,nan,,,1.0,False,,0.001,nan,nan,
100.0,,nan,100000.0,,,,,287018.0,,B,,7,17,nan,,,1.0,False,,0.001,nan,nan,
100.0,,nan,100000.0,,,,,287018.0,,C,,7,17,nan,,,1.0,False,,0.001,nan,nan,
10000.0,,nan,100000.0,,,,,287018.0,,B0,,7,17,nan,,,1.0,False,,0.001,nan,nan,
10000.0,,nan,100000.0,,,,,287018.0,,A,,7,17,nan,,,1.0,False,,0.001,nan,nan,
10000.0,,nan,100000.0,,,,,287018.0,,B,,7,17,nan,,,1.0,False,,0.001,nan,nan,
10000.0,1203.6693600913927,nan,100000.0,22831.639395709342,19237221346889.625,22638.0,193.63939570934352,287018.0,842568552.0639749,C,7,7,17,nan,1.773282492572521,False,1.0,True,0,0.001,0.9204522385505113,nan,cult_d1=3_d2=7_att3.0
100.0,,nan,1000000.0,,,,,287018.0,,B0,,7,17,nan,,,0.1,False,,0.001,nan,nan,
100.0,,nan,1000000.0,,,,,287018.0,,A,,7,17,nan,,,0.1,False,,0.001,nan,nan,
100.0,,nan,1000000.0,,,,,287018.0,,B,,7,17,nan,,,0.1,False,,0.001,nan,nan,
100.0,,nan,1000000.0,,,,,287018.0,,C,,7,17,nan,,,0.1,False,,0.001,nan,nan,
10000.0,,nan,1000000.0,,,,,287018.0,,B0,,7,17,nan,,,0.1,False,,0.001,nan,nan,
10000.0,,nan,1000000.0,,,,,287018.0,,A,,7,17,nan,,,0.1,False,,0.001,nan,nan,
10000.0,,nan,1000000.0,,,,,287018.0,,B,,7,17,nan,,,0.1,False,,0.001,nan,nan,
10000.0,,nan,1000000.0,,,,,287018.0,,C,,7,17,nan,,,0.1,False,,0.001,nan,nan,
100.0,,nan,1000000.0,,,,,287018.0,,B0,,7,17,nan,,,0.3,False,,0.001,nan,nan,
100.0,,nan,1000000.0,,,,,287018.0,,A,,7,17,nan,,,0.3,False,,0.001,nan,nan,
100.0,,nan,1000000.0,,,,,287018.0,,B,,7,17,nan,,,0.3,False,,0.001,nan,nan,
100.0,,nan,1000000.0,,,,,287018.0,,C,,7,17,nan,,,0.3,False,,0.001,nan,nan,
10000.0,,nan,1000000.0,,,,,287018.0,,B0,,7,17,nan,,,0.3,False,,0.001,nan,nan,
10000.0,,nan,1000000.0,,,,,287018.0,,A,,7,17,nan,,,0.3,False,,0.001,nan,nan,
10000.0,,nan,1000000.0,,,,,287018.0,,B,,7,17,nan,,,0.3,False,,0.001,nan,nan,
10000.0,,nan,1000000.0,,,,,287018.0,,C,,7,17,nan,,,0.3,False,,0.001,nan,nan,
100.0,,nan,1000000.0,,,,,287018.0,,B0,,7,17,nan,,,1.0,False,,0.001,nan,nan,
100.0,,nan,1000000.0,,,,,287018.0,,A,,7,17,nan,,,1.0,False,,0.001,nan,nan,
100.0,,nan,1000000.0,,,,,287018.0,,B,,7,17,nan,,,1.0,False,,0.001,nan,nan,
100.0,,nan,1000000.0,,,,,287018.0,,C,,7,17,nan,,,1.0,False,,0.001,nan,nan,
10000.0,,nan,1000000.0,,,,,287018.0,,B0,,7,17,nan,,,1.0,False,,0.001,nan,nan,
10000.0,,nan,1000000.0,,,,,287018.0,,A,,7,17,nan,,,1.0,False,,0.001,nan,nan,
10000.0,,nan,1000000.0,,,,,287018.0,,B,,7,17,nan,,,1.0,False,,0.001,nan,nan,
10000.0,,nan,1000000.0,,,,,287018.0,,C,,7,17,nan,,,1.0,False,,0.001,nan,nan,
100.0,,nan,100000000.0,,,,,320282.0,,B0,,7,19,nan,,,0.1,False,,0.001,nan,nan,
100.0,,nan,100000000.0,,,,,320282.0,,A,,7,19,nan,,,0.1,False,,0.001,nan,nan,
100.0,,nan,100000000.0,,,,,320282.0,,B,,7,19,nan,,,0.1,False,,0.001,nan,nan,
100.0,,nan,100000000.0,,,,,320282.0,,C,,7,19,nan,,,0.1,False,,0.001,nan,nan,
10000.0,,nan,100000000.0,,,,,320282.0,,B0,,7,19,nan,,,0.1,False,,0.001,nan,nan,
10000.0,,nan,100000000.0,,,,,320282.0,,A,,7,19,nan,,,0.1,False,,0.001,nan,nan,
10000.0,,nan,100000000.0,,,,,320282.0,,B,,7,19,nan,,,0.1,False,,0.001,nan,nan,
10000.0,,nan,100000000.0,,,,,320282.0,,C,,7,19,nan,,,0.1,False,,0.001,nan,nan,
100.0,,nan,100000000.0,,,,,320282.0,,B0,,7,19,nan,,,0.3,False,,0.001,nan,nan,
100.0,,nan,100000000.0,,,,,320282.0,,A,,7,19,nan,,,0.3,False,,0.001,nan,nan,
100.0,,nan,100000000.0,,,,,320282.0,,B,,7,19,nan,,,0.3,False,,0.001,nan,nan,
100.0,,nan,100000000.0,,,,,320282.0,,C,,7,19,nan,,,0.3,False,,0.001,nan,nan,
10000.0,,nan,100000000.0,,,,,320282.0,,B0,,7,19,nan,,,0.3,False,,0.001,nan,nan,
10000.0,,nan,100000000.0,,,,,320282.0,,A,,7,19,nan,,,0.3,False,,0.001,nan,nan,
10000.0,,nan,100000000.0,,,,,320282.0,,B,,7,19,nan,,,0.3,False,,0.001,nan,nan,
10000.0,,nan,100000000.0,,,,,320282.0,,C,,7,19,nan,,,0.3,False,,0.001,nan,nan,
100.0,,nan,100000000.0,,,,,320282.0,,B0,,7,19,nan,,,1.0,False,,0.001,nan,nan,
100.0,,nan,100000000.0,,,,,320282.0,,A,,7,19,nan,,,1.0,False,,0.001,nan,nan,
100.0,,nan,100000000.0,,,,,320282.0,,B,,7,19,nan,,,1.0,False,,0.001,nan,nan,
100.0,,nan,100000000.0,,,,,320282.0,,C,,7,19,nan,,,1.0,False,,0.001,nan,nan,
10000.0,,nan,100000000.0,,,,,320282.0,,B0,,7,19,nan,,,1.0,False,,0.001,nan,nan,
10000.0,,nan,100000000.0,,,,,320282.0,,A,,7,19,nan,,,1.0,False,,0.001,nan,nan,
10000.0,,nan,100000000.0,,,,,320282.0,,B,,7,19,nan,,,1.0,False,,0.001,nan,nan,
10000.0,,nan,100000000.0,,,,,320282.0,,C,,7,19,nan,,,1.0,False,,0.001,nan,nan,
100.0,,nan,10000000000.0,,,,,439898.0,,B0,,7,23,nan,,,0.1,False,,0.001,nan,nan,
100.0,,nan,10000000000.0,,,,,439898.0,,A,,7,23,nan,,,0.1,False,,0.001,nan,nan,
100.0,,nan,10000000000.0,,,,,439898.0,,B,,7,23,nan,,,0.1,False,,0.001,nan,nan,
100.0,,nan,10000000000.0,,,,,439898.0,,C,,7,23,nan,,,0.1,False,,0.001,nan,nan,
10000.0,,nan,10000000000.0,,,,,439898.0,,B0,,7,23,nan,,,0.1,False,,0.001,nan,nan,
10000.0,,nan,10000000000.0,,,,,439898.0,,A,,7,23,nan,,,0.1,False,,0.001,nan,nan,
10000.0,,nan,10000000000.0,,,,,439898.0,,B,,7,23,nan,,,0.1,False,,0.001,nan,nan,
10000.0,,nan,10000000000.0,,,,,439898.0,,C,,7,23,nan,,,0.1,False,,0.001,nan,nan,
100.0,,nan,10000000000.0,,,,,439898.0,,B0,,7,23,nan,,,0.3,False,,0.001,nan,nan,
100.0,,nan,10000000000.0,,,,,439898.0,,A,,7,23,nan,,,0.3,False,,0.001,nan,nan,
100.0,,nan,10000000000.0,,,,,439898.0,,B,,7,23,nan,,,0.3,False,,0.001,nan,nan,
100.0,,nan,10000000000.0,,,,,439898.0,,C,,7,23,nan,,,0.3,False,,0.001,nan,nan,
10000.0,,nan,10000000000.0,,,,,439898.0,,B0,,7,23,nan,,,0.3,False,,0.001,nan,nan,
10000.0,,nan,10000000000.0,,,,,439898.0,,A,,7,23,nan,,,0.3,False,,0.001,nan,nan,
10000.0,,nan,10000000000.0,,,,,439898.0,,B,,7,23,nan,,,0.3,False,,0.001,nan,nan,
10000.0,,nan,10000000000.0,,,,,439898.0,,C,,7,23,nan,,,0.3,False,,0.001,nan,nan,
100.0,,nan,10000000000.0,,,,,439898.0,,B0,,7,23,nan,,,1.0,False,,0.001,nan,nan,
100.0,,nan,10000000000.0,,,,,439898.0,,A,,7,23,nan,,,1.0,False,,0.001,nan,nan,
100.0,,nan,10000000000.0,,,,,439898.0,,B,,7,23,nan,,,1.0,False,,0.001,nan,nan,
100.0,,nan,10000000000.0,,,,,439898.0,,C,,7,23,nan,,,1.0,False,,0.001,nan,nan,
10000.0,,nan,10000000000.0,,,,,439898.0,,B0,,7,23,nan,,,1.0,False,,0.001,nan,nan,
10000.0,,nan,10000000000.0,,,,,439898.0,,A,,7,23,nan,,,1.0,False,,0.001,nan,nan,
10000.0,,nan,10000000000.0,,,,,439898.0,,B,,7,23,nan,,,1.0,False,,0.001,nan,nan,
10000.0,,nan,10000000000.0,,,,,439898.0,,C,,7,23,nan,,,1.0,False,,0.001,nan,nan,
100.0,,1.2961320784980785,10000.0,,,,,71494.0,,B0,,9,11,0.04266156484832033,,,0.1,False,,0.001,nan,0.20622352381783726,
100.0,64.0812961332837,1.2961320784980785,10000.0,14790.0,4738811849.05633,11550.0,3240,71494.0,320406.4806664185,A,5,9,11,0.04266156484832033,1.040038132338651,False,0.1,True,4,0.001,0.7931294933840602,0.20622352381783726,"15to1_7,3,3_minerr"
100.0,,1.2961320784980785,10000.0,,,,,71494.0,,B,,9,11,0.04266156484832033,,,0.1,False,,0.001,nan,0.20622352381783726,
100.0,83.05782355008388,1.2961320784980785,10000.0,11739.954082734186,4875475173.449115,11550.0,189.95408273418565,71494.0,415289.1177504194,C,5,9,11,0.04266156484832033,1.1048842586283314,False,0.1,True,0,0.001,0.8357910582323805,0.20622352381783726,cult_d1=3_d2=7_att2.1
10000.0,,1.5464483516651366,10000.0,,,,,71494.0,,B0,,9,11,0.026814544595579123,,,0.1,False,,0.001,nan,0.1405689288250721,
10000.0,2255.8393098990136,1.5464483516651366,10000.0,13638.0,153825682542.01373,11550.0,2088,71494.0,11279196.549495067,A,5,9,11,0.026814544595579123,1.9303193455498702,False,0.1,True,4,0.001,0.8092427336559711,0.1405689288250721,"15to1_5,3,3_minerr"
10000.0,,1.5464483516651366,10000.0,,,,,71494.0,,B,,9,11,0.026814544595579123,,,0.1,False,,0.001,nan,0.1405689288250721,
10000.0,3488.5389824147487,1.5464483516651366,10000.0,11720.920948683666,204444448196.42313,11550.0,170.9209486836671,71494.0,17442694.912073743,C,5,9,11,0.026814544595579123,2.0393095744665044,False,0.1,True,0,0.001,0.8360572782515503,0.1405689288250721,cult_d1=3_d2=7_att1.9
100.0,,1.3097509161928333,10000.0,,,,,71494.0,,B0,,9,11,0.07718300765923441,,,0.3,False,,0.001,nan,0.3193357609716033,
100.0,65.00585527918854,1.3097509161928333,10000.0,17280.0,16849517688.36567,11550.0,5730,71494.0,975087.8291878281,A,5,9,11,0.07718300765923441,1.0436193367642133,False,0.3,True,5,0.001,0.758301395921336,0.3193357609716033,"15to1_9,3,3_minq"
100.0,,1.3097509161928333,10000.0,,,,,71494.0,,B,,9,11,0.07718300765923441,,,0.3,False,,0.001,nan,0.3193357609716033,
100.0,85.14147850981593,1.3097509161928333,10000.0,11761.878050410694,15021355308.961765,11550.0,211.87805041069515,71494.0,1277122.1776472388,C,5,9,11,0.07718300765923441,1.1110785814700346,False,0.3,True,0,0.001,0.8354844035805704,0.3193357609716033,cult_d1=3_d2=7_att2.4
10000.0,,2.1774479273033007,10000.0,,,,,71494.0,,B0,,9,11,0.04266156484832033,,,0.3,False,,0.001,nan,0.20622352381783726,
10000.0,105.68735289583937,2.1774479273033007,10000.0,14790.0,23446739239.941963,11550.0,3240,71494.0,1585310.2934375906,A,5,9,11,0.04266156484832033,1.1651213086948287,False,0.3,True,4,0.001,0.7931294933840602,0.20622352381783726,"15to1_7,3,3_minerr"
10000.0,,2.1774479273033007,10000.0,,,,,71494.0,,B,,9,11,0.04266156484832033,,,0.3,False,,0.001,nan,0.20622352381783726,
10000.0,230.12870750521793,2.1774479273033007,10000.0,11739.954082734186,40525506888.45337,11550.0,189.95408273418565,71494.0,3451930.612578269,C,5,9,11,0.04266156484832033,1.3596596875638702,False,0.3,True,0,0.001,0.8357910582323805,0.20622352381783726,cult_d1=3_d2=7_att2.1
100.0,,1.085242358501741,10000.0,,,,,71494.0,,B0,,9,11,0.15149389943221694,,,1.0,False,,0.001,nan,0.47814342424540524,
100.0,65.77398317442457,1.085242358501741,10000.0,22652.0,74495613343.35327,11550.0,11102,71494.0,3288699.1587212286,A,5,9,11,0.15149389943221694,1.0465560919142758,False,1.0,True,7,0.001,0.6831622234033625,0.47814342424540524,"15to1_9,5,5_minerr"
100.0,,1.085242358501741,10000.0,,,,,71494.0,,B,,9,11,0.15149389943221694,,,1.0,False,,0.001,nan,0.47814342424540524,
100.0,71.38071262826635,1.085242358501741,10000.0,11821.095153993081,42189909806.928604,11550.0,271.09515399308094,71494.0,3569035.6314133178,C,5,9,11,0.15149389943221694,1.0670069253991863,False,1.0,True,0,0.001,0.8346561228355794,0.47814342424540524,cult_d1=3_d2=7_att3.0
10000.0,,13.381123925552373,10000.0,,,,,71494.0,,B0,,9,11,0.04266156484832033,,,1.0,False,,0.001,nan,0.20622352381783726,
10000.0,608.8973532095636,13.381123925552373,10000.0,14790.0,450279592698.4722,11550.0,3240,71494.0,30444867.66047818,A,5,9,11,0.04266156484832033,1.6029124259414507,False,1.0,True,4,0.001,0.7931294933840602,0.20622352381783726,"15to1_7,3,3_minerr"
10000.0,,13.381123925552373,10000.0,,,,,71494.0,,B,,9,11,0.04266156484832033,,,1.0,False,,0.001,nan,0.20622352381783726,
10000.0,8147.730941238005,13.381123925552373,10000.0,11739.954082734186,4782699356430.338,11550.0,189.95408273418565,71494.0,407386547.0619002,C,5,9,11,0.04266156484832033,2.251373688838256,False,1.0,True,0,0.001,0.8357910582323805,0.20622352381783726,cult_d1=3_d2=7_att2.1
100.0,,1.090242058785571,100000.0,,,,,93670.0,,B0,,9,13,0.03486508551135375,,,0.1,False,,0.001,nan,0.12524208313577645,
100.0,80.9921272464494,1.090242058785571,100000.0,26076.0,147836549705.489,22638.0,3438,93670.0,5669448.907251458,A,7,9,13,0.03486508551135375,1.0985879888651173,False,0.1,True,3,0.001,0.7216184477420733,0.12524208313577645,"15to1_9,3,3_minq"
100.0,,1.090242058785571,100000.0,,,,,93670.0,,B,,9,13,0.03486508551135375,,,0.1,False,,0.001,nan,0.12524208313577645,
100.0,88.30102355459194,1.090242058785571,100000.0,22810.187440151494,140991402890.6232,22638.0,172.18744015149514,93670.0,6181071.648821436,C,7,9,13,0.03486508551135375,1.1201879248318658,False,0.1,True,0,0.001,0.756483533253427,0.12524208313577645,cult_d1=3_d2=7_att2.7
10000.0,,13.3811239255524,100000.0,,,,,93670.0,,B0,,9,13,0.024493632030882076,,,0.1,False,,0.001,nan,0.09152379576881775,
10000.0,409.27129449342203,13.3811239255524,100000.0,25068.0,718172896725.2772,22638.0,2430,93670.0,28648990.61453954,A,7,9,13,0.024493632030882076,1.5035945619671687,False,0.1,True,3,0.001,0.7323796306181274,0.09152379576881775,"15to1_7,3,3_minerr"
10000.0,,13.3811239255524,100000.0,,,,,93670.0,,B,,9,13,0.024493632030882076,,,0.1,False,,0.001,nan,0.09152379576881775,
10000.0,5476.509910787731,13.3811239255524,100000.0,22773.681487667276,8730420466063.305,22638.0,135.68148766727546,93670.0,383355693.7551412,C,7,9,13,0.024493632030882076,2.1520558248639743,False,0.1,True,0,0.001,0.7568732626490096,0.09152379576881775,cult_d1=3_d2=7_att2.1
100.0,,1.2781452476668986,100000.0,,,,,115644.0,,B0,,9,15,0.06689807170532547,,,0.3,False,,0.001,nan,0.25308690801788336,
100.0,76.81725533741385,1.2781452476668986,100000.0,30568.0,493111470842.354,22638.0,7930,115644.0,16131623.62085691,A,7,9,15,0.06689807170532547,1.0853573234474212,False,0.3,True,5,0.001,0.7356715437030887,0.25308690801788336,"15to1_9,5,5_minerr"
100.0,,1.2781452476668986,100000.0,,,,,115644.0,,B,,9,15,0.06689807170532547,,,0.3,False,,0.001,nan,0.25308690801788336,
100.0,98.18360984833022,1.2781452476668986,100000.0,22831.639395709342,470755482671.4793,22638.0,193.63939570934352,115644.0,20618558.068149347,C,7,9,15,0.06689807170532547,1.1467098239021523,False,0.3,True,0,0.001,0.8025696154084143,0.25308690801788336,cult_d1=3_d2=7_att3.0
10000.0,,14.855494372499207,100000.0,,,,,115644.0,,B0,,9,15,0.028420484723988542,,,0.3,False,,0.001,nan,0.1260415146272792,
10000.0,472.3056902995282,14.855494372499207,100000.0,26076.0,2586327067852.6045,22638.0,3438,115644.0,99184194.96290092,A,7,9,15,0.028420484723988542,1.5394066062227918,False,0.3,True,3,0.001,0.7745148905260973,0.1260415146272792,"15to1_9,3,3_minq"
10000.0,,14.855494372499207,100000.0,,,,,115644.0,,B,,9,15,0.028420484723988542,,,0.3,False,,0.001,nan,0.1260415146272792,
10000.0,7016.334524343994,14.855494372499207,100000.0,22789.34146457907,33578505094047.953,22638.0,151.34146457906795,115644.0,1473430250.112239,C,7,9,15,0.028420484723988542,2.2139990532810048,False,0.3,True,0,0.001,0.8029353752500858,0.1260415146272792,cult_d1=3_d2=7_att2.4
100.0,,2.266038922941787,100000.0,,,,,287018.0,,B0,,9,17,0.02157840825702554,,,1.0,False,,0.001,nan,0.1415114833687099,
100.0,21.714118822026315,2.266038922941787,100000.0,43766.0,855306111928.3234,37422.0,6344,287018.0,19542706.939823683,A,9,9,17,0.02157840825702554,0.7694906714834229,False,1.0,True,4,0.001,0.8475147900131699,0.1415114833687099,"15to1_9,5,5_minerr"
100.0,,2.266038922941787,100000.0,,,,,287018.0,,B,,9,17,0.02157840825702554,,,1.0,False,,0.001,nan,0.1415114833687099,
100.0,49.20503842809449,2.266038922941787,100000.0,37572.608418885044,1663885476985.4866,37422.0,150.60841888504496,287018.0,44284534.58528504,C,9,9,17,0.02157840825702554,0.9739990063325268,False,1.0,True,0,0.001,0.8690931982701955,0.1415114833687099,cult_d1=3_d2=7_att3.0
10000.0,,2.2660389229417865,100000.0,,,,,287018.0,,B0,,9,17,0.026954269782002025,,,1.0,False,,0.001,nan,0.25308690801788336,
10000.0,531.1777074547251,2.2660389229417865,100000.0,30568.0,11365928113033.227,22638.0,7930,287018.0,371824395.2183076,A,7,9,17,0.026954269782002025,1.568774157723417,False,1.0,True,5,0.001,0.8934979687685093,0.25308690801788336,"15to1_9,5,5_minerr"
10000.0,,2.2660389229417865,100000.0,,,,,287018.0,,B,,9,17,0.026954269782002025,,,1.0,False,,0.001,nan,0.25308690801788336,
10000.0,1203.6693600913927,2.2660389229417865,100000.0,22831.639395709342,19237221346889.625,22638.0,193.63939570934352,287018.0,842568552.0639749,C,7,9,17,0.026954269782002025,1.773282492572521,False,1.0,True,0,0.001,0.9204522385505113,0.25308690801788336,cult_d1=3_d2=7_att3.0
100.0,,nan,1000000.0,,,,,287018.0,,B0,,9,17,nan,,,0.1,False,,0.001,nan,nan,
100.0,,nan,1000000.0,,,,,287018.0,,A,,9,17,nan,,,0.1,False,,0.001,nan,nan,
100.0,,nan,1000000.0,,,,,287018.0,,B,,9,17,nan,,,0.1,False,,0.001,nan,nan,
100.0,93.35711411801111,nan,1000000.0,37725.98082577987,3169789827449.6074,37422.0,303.98082577986924,287018.0,84021402.70621,C,9,9,17,nan,1.1341080190420445,False,0.1,True,0,0.001,0.8685588331540883,nan,cult_d1=3_d2=9_att3.9
10000.0,,2.2660389229417865,1000000.0,,,,,287018.0,,B0,,9,17,0.02157840825702554,,,0.1,False,,0.001,nan,0.1415114833687099,
10000.0,371.7381349181024,2.2660389229417865,1000000.0,43766.0,14642542091543.102,37422.0,6344,287018.0,334564321.4262921,A,9,9,17,0.02157840825702554,1.4795474169999958,False,0.1,True,4,0.001,0.8475147900131699,0.1415114833687099,"15to1_9,5,5_minerr"
10000.0,,2.2660389229417865,1000000.0,,,,,287018.0,,B,,9,17,0.02157840825702554,,,0.1,False,,0.001,nan,0.1415114833687099,
10000.0,842.3730828662053,2.2660389229417865,1000000.0,37572.608418885044,28485138586626.844,37422.0,150.60841888504496,287018.0,758135774.5795848,C,9,9,17,0.02157840825702554,1.6840557518490997,False,0.1,True,0,0.001,0.8690931982701955,0.1415114833687099,cult_d1=3_d2=7_att3.0
100.0,,nan,1000000.0,,,,,287018.0,,B0,,9,17,nan,,,0.3,False,,0.001,nan,nan,
100.0,,nan,1000000.0,,,,,287018.0,,A,,9,17,nan,,,0.3,False,,0.001,nan,nan,
100.0,,nan,1000000.0,,,,,287018.0,,B,,9,17,nan,,,0.3,False,,0.001,nan,nan,
100.0,,nan,1000000.0,,,,,287018.0,,C,,9,17,nan,,,0.3,False,,0.001,nan,nan,
10000.0,,nan,1000000.0,,,,,287018.0,,B0,,9,17,nan,,,0.3,False,,0.001,nan,nan,
10000.0,,nan,1000000.0,,,,,287018.0,,A,,9,17,nan,,,0.3,False,,0.001,nan,nan,
10000.0,,nan,1000000.0,,,,,287018.0,,B,,9,17,nan,,,0.3,False,,0.001,nan,nan,
10000.0,2432.809628114052,nan,1000000.0,37614.618211398745,247074854424817.56,37422.0,192.61821139874564,287018.0,6568585995.90794,C,9,9,17,nan,1.949200523495487,False,0.3,True,0,0.001,0.8689468318662985,nan,cult_d1=3_d2=7_att3.9
100.0,,nan,1000000.0,,,,,287018.0,,B0,,9,17,nan,,,1.0,False,,0.001,nan,nan,
100.0,,nan,1000000.0,,,,,287018.0,,A,,9,17,nan,,,1.0,False,,0.001,nan,nan,
100.0,,nan,1000000.0,,,,,287018.0,,B,,9,17,nan,,,1.0,False,,0.001,nan,nan,
100.0,,nan,1000000.0,,,,,287018.0,,C,,9,17,nan,,,1.0,False,,0.001,nan,nan,
10000.0,,nan,1000000.0,,,,,287018.0,,B0,,9,17,nan,,,1.0,False,,0.001,nan,nan,
10000.0,,nan,1000000.0,,,,,287018.0,,A,,9,17,nan,,,1.0,False,,0.001,nan,nan,
10000.0,,nan,1000000.0,,,,,287018.0,,B,,9,17,nan,,,1.0,False,,0.001,nan,nan,
10000.0,,nan,1000000.0,,,,,287018.0,,C,,9,17,nan,,,1.0,False,,0.001,nan,nan,
100.0,,nan,100000000.0,,,,,320282.0,,B0,,9,19,nan,,,0.1,False,,0.001,nan,nan,
100.0,,nan,100000000.0,,,,,320282.0,,A,,9,19,nan,,,0.1,False,,0.001,nan,nan,
100.0,,nan,100000000.0,,,,,320282.0,,B,,9,19,nan,,,0.1,False,,0.001,nan,nan,
100.0,,nan,100000000.0,,,,,320282.0,,C,,9,19,nan,,,0.1,False,,0.001,nan,nan,
10000.0,,nan,100000000.0,,,,,320282.0,,B0,,9,19,nan,,,0.1,False,,0.001,nan,nan,
10000.0,,nan,100000000.0,,,,,320282.0,,A,,9,19,nan,,,0.1,False,,0.001,nan,nan,
10000.0,,nan,100000000.0,,,,,320282.0,,B,,9,19,nan,,,0.1,False,,0.001,nan,nan,
10000.0,,nan,100000000.0,,,,,320282.0,,C,,9,19,nan,,,0.1,False,,0.001,nan,nan,
100.0,,nan,100000000.0,,,,,320282.0,,B0,,9,19,nan,,,0.3,False,,0.001,nan,nan,
100.0,,nan,100000000.0,,,,,320282.0,,A,,9,19,nan,,,0.3,False,,0.001,nan,nan,
100.0,,nan,100000000.0,,,,,320282.0,,B,,9,19,nan,,,0.3,False,,0.001,nan,nan,
100.0,,nan,100000000.0,,,,,320282.0,,C,,9,19,nan,,,0.3,False,,0.001,nan,nan,
10000.0,,nan,100000000.0,,,,,320282.0,,B0,,9,19,nan,,,0.3,False,,0.001,nan,nan,
10000.0,,nan,100000000.0,,,,,320282.0,,A,,9,19,nan,,,0.3,False,,0.001,nan,nan,
10000.0,,nan,100000000.0,,,,,320282.0,,B,,9,19,nan,,,0.3,False,,0.001,nan,nan,
10000.0,,nan,100000000.0,,,,,320282.0,,C,,9,19,nan,,,0.3,False,,0.001,nan,nan,
100.0,,nan,100000000.0,,,,,320282.0,,B0,,9,19,nan,,,1.0,False,,0.001,nan,nan,
100.0,,nan,100000000.0,,,,,320282.0,,A,,9,19,nan,,,1.0,False,,0.001,nan,nan,
100.0,,nan,100000000.0,,,,,320282.0,,B,,9,19,nan,,,1.0,False,,0.001,nan,nan,
100.0,,nan,100000000.0,,,,,320282.0,,C,,9,19,nan,,,1.0,False,,0.001,nan,nan,
10000.0,,nan,100000000.0,,,,,320282.0,,B0,,9,19,nan,,,1.0,False,,0.001,nan,nan,
10000.0,,nan,100000000.0,,,,,320282.0,,A,,9,19,nan,,,1.0,False,,0.001,nan,nan,
10000.0,,nan,100000000.0,,,,,320282.0,,B,,9,19,nan,,,1.0,False,,0.001,nan,nan,
10000.0,,nan,100000000.0,,,,,320282.0,,C,,9,19,nan,,,1.0,False,,0.001,nan,nan,
100.0,,nan,10000000000.0,,,,,439898.0,,B0,,9,23,nan,,,0.1,False,,0.001,nan,nan,
100.0,,nan,10000000000.0,,,,,439898.0,,A,,9,23,nan,,,0.1,False,,0.001,nan,nan,
100.0,,nan,10000000000.0,,,,,439898.0,,B,,9,23,nan,,,0.1,False,,0.001,nan,nan,
100.0,,nan,10000000000.0,,,,,439898.0,,C,,9,23,nan,,,0.1,False,,0.001,nan,nan,
10000.0,,nan,10000000000.0,,,,,439898.0,,B0,,9,23,nan,,,0.1,False,,0.001,nan,nan,
10000.0,,nan,10000000000.0,,,,,439898.0,,A,,9,23,nan,,,0.1,False,,0.001,nan,nan,
10000.0,,nan,10000000000.0,,,,,439898.0,,B,,9,23,nan,,,0.1,False,,0.001,nan,nan,
10000.0,,nan,10000000000.0,,,,,439898.0,,C,,9,23,nan,,,0.1,False,,0.001,nan,nan,
100.0,,nan,10000000000.0,,,,,439898.0,,B0,,9,23,nan,,,0.3,False,,0.001,nan,nan,
100.0,,nan,10000000000.0,,,,,439898.0,,A,,9,23,nan,,,0.3,False,,0.001,nan,nan,
100.0,,nan,10000000000.0,,,,,439898.0,,B,,9,23,nan,,,0.3,False,,0.001,nan,nan,
100.0,,nan,10000000000.0,,,,,439898.0,,C,,9,23,nan,,,0.3,False,,0.001,nan,nan,
10000.0,,nan,10000000000.0,,,,,439898.0,,B0,,9,23,nan,,,0.3,False,,0.001,nan,nan,
10000.0,,nan,10000000000.0,,,,,439898.0,,A,,9,23,nan,,,0.3,False,,0.001,nan,nan,
10000.0,,nan,10000000000.0,,,,,439898.0,,B,,9,23,nan,,,0.3,False,,0.001,nan,nan,
10000.0,,nan,10000000000.0,,,,,439898.0,,C,,9,23,nan,,,0.3,False,,0.001,nan,nan,
100.0,,nan,10000000000.0,,,,,439898.0,,B0,,9,23,nan,,,1.0,False,,0.001,nan,nan,
100.0,,nan,10000000000.0,,,,,439898.0,,A,,9,23,nan,,,1.0,False,,0.001,nan,nan,
100.0,,nan,10000000000.0,,,,,439898.0,,B,,9,23,nan,,,1.0,False,,0.001,nan,nan,
100.0,,nan,10000000000.0,,,,,439898.0,,C,,9,23,nan,,,1.0,False,,0.001,nan,nan,
10000.0,,nan,10000000000.0,,,,,439898.0,,B0,,9,23,nan,,,1.0,False,,0.001,nan,nan,
10000.0,,nan,10000000000.0,,,,,439898.0,,A,,9,23,nan,,,1.0,False,,0.001,nan,nan,
10000.0,,nan,10000000000.0,,,,,439898.0,,B,,9,23,nan,,,1.0,False,,0.001,nan,nan,
10000.0,,nan,10000000000.0,,,,,439898.0,,C,,9,23,nan,,,1.0,False,,0.001,nan,nan,
100.0,,1.2961320784980785,10000.0,,,,,71494.0,,B0,,11,11,0.04266156484832033,,,0.1,False,,0.001,nan,0.20622352381783726,
100.0,64.0812961332837,1.2961320784980785,10000.0,14790.0,4738811849.05633,11550.0,3240,71494.0,320406.4806664185,A,5,11,11,0.04266156484832033,1.040038132338651,False,0.1,True,4,0.001,0.7931294933840602,0.20622352381783726,"15to1_7,3,3_minerr"
100.0,1.0,1.2961320784980785,10000.0,57041.34034792552,627454743.8271807,55902.0,1139.340347925524,71494.0,11000.0,B,11,11,11,0.04266156484832033,0.0009148856410872238,True,0.1,True,0,0.001,0.20215206383856654,0.20622352381783726,cult_d1=5_d2=11scaled_att29
100.0,83.05782355008388,1.2961320784980785,10000.0,11739.954082734186,4875475173.449115,11550.0,189.95408273418565,71494.0,415289.1177504194,C,5,11,11,0.04266156484832033,1.1048842586283314,False,0.1,True,0,0.001,0.8357910582323805,0.20622352381783726,cult_d1=3_d2=7_att2.1
10000.0,,1.5464483516651366,10000.0,,,,,71494.0,,B0,,11,11,0.026814544595579123,,,0.1,False,,0.001,nan,0.1405689288250721,
10000.0,2255.8393098990136,1.5464483516651366,10000.0,13638.0,153825682542.01373,11550.0,2088,71494.0,11279196.549495067,A,5,11,11,0.026814544595579123,1.9303193455498702,False,0.1,True,4,0.001,0.8092427336559711,0.1405689288250721,"15to1_5,3,3_minerr"
10000.0,1.0,1.5464483516651366,10000.0,57041.34034792552,627454743.8271807,55902.0,1139.340347925524,71494.0,11000.0,B,11,11,11,0.026814544595579123,0.0009148856410872238,True,0.1,True,0,0.001,0.20215206383856654,0.1405689288250721,cult_d1=5_d2=11scaled_att29
10000.0,3488.5389824147487,1.5464483516651366,10000.0,11720.920948683666,204444448196.42313,11550.0,170.9209486836671,71494.0,17442694.912073743,C,5,11,11,0.026814544595579123,2.0393095744665044,False,0.1,True,0,0.001,0.8360572782515503,0.1405689288250721,cult_d1=3_d2=7_att1.9
100.0,,1.3097509161928333,10000.0,,,,,71494.0,,B0,,11,11,0.07718300765923441,,,0.3,False,,0.001,nan,0.3193357609716033,
100.0,65.00585527918854,1.3097509161928333,10000.0,17280.0,16849517688.36567,11550.0,5730,71494.0,975087.8291878281,A,5,11,11,0.07718300765923441,1.0436193367642133,False,0.3,True,5,0.001,0.758301395921336,0.3193357609716033,"15to1_9,3,3_minq"
100.0,1.0,1.3097509161928333,10000.0,57323.291204081295,1891668609.7346828,55902.0,1421.2912040812942,71494.0,33000.0,B,11,11,11,0.07718300765923441,0.000981732058355132,True,0.3,True,0,0.001,0.19820836428118027,0.3193357609716033,cult_d1=5_d2=11scaled_att36
100.0,85.14147850981593,1.3097509161928333,10000.0,11761.878050410694,15021355308.961765,11550.0,211.87805041069515,71494.0,1277122.1776472388,C,5,11,11,0.07718300765923441,1.1110785814700346,False,0.3,True,0,0.001,0.8354844035805704,0.3193357609716033,cult_d1=3_d2=7_att2.4
10000.0,,2.1774479273033007,10000.0,,,,,71494.0,,B0,,11,11,0.04266156484832033,,,0.3,False,,0.001,nan,0.20622352381783726,
10000.0,105.68735289583937,2.1774479273033007,10000.0,14790.0,23446739239.941963,11550.0,3240,71494.0,1585310.2934375906,A,5,11,11,0.04266156484832033,1.1651213086948287,False,0.3,True,4,0.001,0.7931294933840602,0.20622352381783726,"15to1_7,3,3_minerr"
10000.0,1.0,2.1774479273033007,10000.0,57323.291204081295,1891668609.7346828,55902.0,1421.2912040812942,71494.0,33000.0,B,11,11,11,0.04266156484832033,0.000981732058355132,True,0.3,True,0,0.001,0.19820836428118027,0.20622352381783726,cult_d1=5_d2=11scaled_att36
10000.0,230.12870750521793,2.1774479273033007,10000.0,11739.954082734186,40525506888.45337,11550.0,189.95408273418565,71494.0,3451930.612578269,C,5,11,11,0.04266156484832033,1.3596596875638702,False,0.3,True,0,0.001,0.8357910582323805,0.20622352381783726,cult_d1=3_d2=7_att2.1
100.0,,1.085242358501741,10000.0,,,,,71494.0,,B0,,11,11,0.15149389943221694,,,1.0,False,,0.001,nan,0.47814342424540524,
100.0,65.77398317442457,1.085242358501741,10000.0,22652.0,74495613343.35327,11550.0,11102,71494.0,3288699.1587212286,A,5,11,11,0.15149389943221694,1.0465560919142758,False,1.0,True,7,0.001,0.6831622234033625,0.47814342424540524,"15to1_9,5,5_minerr"
100.0,1.0,1.085242358501741,10000.0,57898.76782155564,6368864460.37112,55902.0,1996.7678215556355,71494.0,110000.0,B,11,11,11,0.15149389943221694,0.0008397314661858881,True,1.0,True,0,0.001,0.190159064794869,0.47814342424540524,cult_d1=5_d2=11scaled_att50
100.0,71.38071262826635,1.085242358501741,10000.0,11821.095153993081,42189909806.928604,11550.0,271.09515399308094,71494.0,3569035.6314133178,C,5,11,11,0.15149389943221694,1.0670069253991863,False,1.0,True,0,0.001,0.8346561228355794,0.47814342424540524,cult_d1=3_d2=7_att3.0
10000.0,,13.381123925552373,10000.0,,,,,71494.0,,B0,,11,11,0.04266156484832033,,,1.0,False,,0.001,nan,0.20622352381783726,
10000.0,608.8973532095636,13.381123925552373,10000.0,14790.0,450279592698.4722,11550.0,3240,71494.0,30444867.66047818,A,5,11,11,0.04266156484832033,1.6029124259414507,False,1.0,True,4,0.001,0.7931294933840602,0.20622352381783726,"15to1_7,3,3_minerr"
10000.0,1.0,13.381123925552373,10000.0,57898.76782155564,6368864460.37112,55902.0,1996.7678215556355,71494.0,110000.0,B,11,11,11,0.04266156484832033,0.0008397314661858881,True,1.0,True,0,0.001,0.190159064794869,0.20622352381783726,cult_d1=5_d2=11scaled_att50
10000.0,8147.730941238005,13.381123925552373,10000.0,11739.954082734186,4782699356430.338,11550.0,189.95408273418565,71494.0,407386547.0619002,C,5,11,11,0.04266156484832033,2.251373688838256,False,1.0,True,0,0.001,0.8357910582323805,0.20622352381783726,cult_d1=3_d2=7_att2.1
100.0,,1.090242058785571,100000.0,,,,,93670.0,,B0,,11,13,0.03486508551135375,,,0.1,False,,0.001,nan,0.12524208313577645,
100.0,80.9921272464494,1.090242058785571,100000.0,26076.0,147836549705.489,22638.0,3438,93670.0,5669448.907251458,A,7,11,13,0.03486508551135375,1.0985879888651173,False,0.1,True,3,0.001,0.7216184477420733,0.12524208313577645,"15to1_9,3,3_minq"
100.0,,1.090242058785571,100000.0,,,,,93670.0,,B,,11,13,0.03486508551135375,,,0.1,False,,0.001,nan,0.12524208313577645,
100.0,88.30102355459194,1.090242058785571,100000.0,22810.187440151494,140991402890.6232,22638.0,172.18744015149514,93670.0,6181071.648821436,C,7,11,13,0.03486508551135375,1.1201879248318658,False,0.1,True,0,0.001,0.756483533253427,0.12524208313577645,cult_d1=3_d2=7_att2.7
10000.0,,13.3811239255524,100000.0,,,,,93670.0,,B0,,11,13,0.024493632030882076,,,0.1,False,,0.001,nan,0.09152379576881775,
10000.0,409.27129449342203,13.3811239255524,100000.0,25068.0,718172896725.2772,22638.0,2430,93670.0,28648990.61453954,A,7,11,13,0.024493632030882076,1.5035945619671687,False,0.1,True,3,0.001,0.7323796306181274,0.09152379576881775,"15to1_7,3,3_minerr"
10000.0,,13.3811239255524,100000.0,,,,,93670.0,,B,,11,13,0.024493632030882076,,,0.1,False,,0.001,nan,0.09152379576881775,
10000.0,5476.509910787731,13.3811239255524,100000.0,22773.681487667276,8730420466063.305,22638.0,135.68148766727546,93670.0,383355693.7551412,C,7,11,13,0.024493632030882076,2.1520558248639743,False,0.1,True,0,0.001,0.7568732626490096,0.09152379576881775,cult_d1=3_d2=7_att2.1
100.0,,1.2781452476668986,100000.0,,,,,115644.0,,B0,,11,15,0.06689807170532547,,,0.3,False,,0.001,nan,0.25308690801788336,
100.0,76.81725533741385,1.2781452476668986,100000.0,30568.0,493111470842.354,22638.0,7930,115644.0,16131623.62085691,A,7,11,15,0.06689807170532547,1.0853573234474212,False,0.3,True,5,0.001,0.7356715437030887,0.25308690801788336,"15to1_9,5,5_minerr"
100.0,,1.2781452476668986,100000.0,,,,,115644.0,,B,,11,15,0.06689807170532547,,,0.3,False,,0.001,nan,0.25308690801788336,
100.0,98.18360984833022,1.2781452476668986,100000.0,22831.639395709342,470755482671.4793,22638.0,193.63939570934352,115644.0,20618558.068149347,C,7,11,15,0.06689807170532547,1.1467098239021523,False,0.3,True,0,0.001,0.8025696154084143,0.25308690801788336,cult_d1=3_d2=7_att3.0
10000.0,,14.855494372499207,100000.0,,,,,115644.0,,B0,,11,15,0.028420484723988542,,,0.3,False,,0.001,nan,0.1260415146272792,
10000.0,472.3056902995282,14.855494372499207,100000.0,26076.0,2586327067852.6045,22638.0,3438,115644.0,99184194.96290092,A,7,11,15,0.028420484723988542,1.5394066062227918,False,0.3,True,3,0.001,0.7745148905260973,0.1260415146272792,"15to1_9,3,3_minq"
10000.0,,14.855494372499207,100000.0,,,,,115644.0,,B,,11,15,0.028420484723988542,,,0.3,False,,0.001,nan,0.1260415146272792,
10000.0,7016.334524343994,14.855494372499207,100000.0,22789.34146457907,33578505094047.953,22638.0,151.34146457906795,115644.0,1473430250.112239,C,7,11,15,0.028420484723988542,2.2139990532810048,False,0.3,True,0,0.001,0.8029353752500858,0.1260415146272792,cult_d1=3_d2=7_att2.4
100.0,,2.1441625032511276,100000.0,,,,,287018.0,,B0,,11,17,0.03438635253409879,,,1.0,False,,0.001,nan,0.2993661165867497,
100.0,41.3077876212357,2.1441625032511276,100000.0,32968.0,953284599607.829,22638.0,10330,287018.0,28915451.33486499,A,7,11,17,0.03438635253409879,0.9302627611122205,False,1.0,True,5,0.001,0.8851361238667959,0.2993661165867497,"15to1_11,5,5_minerr"
100.0,,2.1441625032511276,100000.0,,,,,287018.0,,B,,11,17,0.03438635253409879,,,1.0,False,,0.001,nan,0.2993661165867497,
100.0,88.57060930971467,2.1441625032511276,100000.0,23098.497868368035,1432093621238.3516,22638.0,460.4978683680334,287018.0,61999426.51680027,C,7,11,17,0.03438635253409879,1.1209500198030042,False,1.0,True,0,0.001,0.9195224764008946,0.2993661165867497,cult_d1=3_d2=11_att3.2
10000.0,,2.2660389229417865,100000.0,,,,,287018.0,,B0,,11,17,0.026954269782002025,,,1.0,False,,0.001,nan,0.25308690801788336,
10000.0,531.1777074547251,2.2660389229417865,100000.0,30568.0,11365928113033.227,22638.0,7930,287018.0,371824395.2183076,A,7,11,17,0.026954269782002025,1.568774157723417,False,1.0,True,5,0.001,0.8934979687685093,0.25308690801788336,"15to1_9,5,5_minerr"
10000.0,,2.2660389229417865,100000.0,,,,,287018.0,,B,,11,17,0.026954269782002025,,,1.0,False,,0.001,nan,0.25308690801788336,
10000.0,1203.6693600913927,2.2660389229417865,100000.0,22831.639395709342,19237221346889.625,22638.0,193.63939570934352,287018.0,842568552.0639749,C,7,11,17,0.026954269782002025,1.773282492572521,False,1.0,True,0,0.001,0.9204522385505113,0.25308690801788336,cult_d1=3_d2=7_att3.0
100.0,,3.229372980199887,1000000.0,,,,,287018.0,,B0,,11,17,0.02773351906228922,,,0.1,False,,0.001,nan,0.1742332262448043,
100.0,28.908743180303883,3.229372980199887,1000000.0,45686.0,1188652356841.827,37422.0,8264,287018.0,26017868.862273496,A,9,11,17,0.02773351906228922,0.8410360203887992,False,0.1,True,4,0.001,0.8408253140917992,0.1742332262448043,"15to1_11,5,5_minerr"
100.0,,3.229372980199887,1000000.0,,,,,287018.0,,B,,11,17,0.02773351906228922,,,0.1,False,,0.001,nan,0.1742332262448043,
100.0,93.35711411801111,3.229372980199887,1000000.0,37725.98082577987,3169789827449.6074,37422.0,303.98082577986924,287018.0,84021402.70621,C,9,11,17,0.02773351906228922,1.1341080190420445,False,0.1,True,0,0.001,0.8685588331540883,0.1742332262448043,cult_d1=3_d2=9_att3.9
10000.0,,2.2660389229417865,1000000.0,,,,,287018.0,,B0,,11,17,0.02157840825702554,,,0.1,False,,0.001,nan,0.1415114833687099,
10000.0,371.7381349181024,2.2660389229417865,1000000.0,43766.0,14642542091543.102,37422.0,6344,287018.0,334564321.4262921,A,9,11,17,0.02157840825702554,1.4795474169999958,False,0.1,True,4,0.001,0.8475147900131699,0.1415114833687099,"15to1_9,5,5_minerr"
10000.0,,2.2660389229417865,1000000.0,,,,,287018.0,,B,,11,17,0.02157840825702554,,,0.1,False,,0.001,nan,0.1415114833687099,
10000.0,842.3730828662053,2.2660389229417865,1000000.0,37572.608418885044,28485138586626.844,37422.0,150.60841888504496,287018.0,758135774.5795848,C,9,11,17,0.02157840825702554,1.6840557518490997,False,0.1,True,0,0.001,0.8690931982701955,0.1415114833687099,cult_d1=3_d2=7_att3.0
100.0,,1.2194834243790071,1000000.0,,,,,287018.0,,B0,,11,17,0.02495354547516681,,,0.3,False,,0.001,nan,0.15676830353262328,
100.0,43.85184218353248,1.2194834243790071,1000000.0,45686.0,5409221207391.535,37422.0,8264,287018.0,118399973.8955377,A,9,11,17,0.02495354547516681,0.94520418224068,False,0.3,True,4,0.001,0.8408253140917992,0.15676830353262328,"15to1_11,5,5_minerr"
100.0,,1.2194834243790071,1000000.0,,,,,287018.0,,B,,11,17,0.02495354547516681,,,0.3,False,,0.001,nan,0.15676830353262328,
100.0,53.47659467130199,1.2194834243790071,1000000.0,38523.88328480857,5562340447282.885,37422.0,1101.8832848085735,287018.0,144386805.61251536,C,9,11,17,0.02495354547516681,0.9948110188497621,True,0.3,True,0,0.001,0.865778859566966,0.15676830353262328,cult_d1=5_d2=11scaled_att23
10000.0,,55.47793449433775,1000000.0,,,,,287018.0,,B0,,11,17,0.028121517774499352,,,0.3,False,,0.001,nan,0.17667079167800326,
10000.0,43.85184218353248,55.47793449433775,1000000.0,45686.0,5409221207391.535,37422.0,8264,287018.0,118399973.8955377,A,9,11,17,0.028121517774499352,0.94520418224068,False,0.3,True,4,0.001,0.8408253140917992,0.17667079167800326,"15to1_11,5,5_minerr"
10000.0,,55.47793449433775,1000000.0,,,,,287018.0,,B,,11,17,0.028121517774499352,,,0.3,False,,0.001,nan,0.17667079167800326,
10000.0,2432.809628114052,55.47793449433775,1000000.0,37614.618211398745,247074854424817.56,37422.0,192.61821139874564,287018.0,6568585995.90794,C,9,11,17,0.028121517774499352,1.949200523495487,False,0.3,True,0,0.001,0.8689468318662985,0.17667079167800326,cult_d1=3_d2=7_att3.9
100.0,,7.245798728726693,1000000.0,,,,,287018.0,,B0,,11,17,0.08163089374080054,,,1.0,False,,0.001,nan,0.37728721191138637,
100.0,10.664064648592353,7.245798728726693,1000000.0,62100.0,7284622561453.437,55902.0,6198,287018.0,117304711.13451588,A,11,11,17,0.08163089374080054,0.5917199112947863,False,1.0,True,3,0.001,0.7836372631681636,0.37728721191138637,"15to1_11,5,5_minerr"
100.0,,7.245798728726693,1000000.0,,,,,287018.0,,B,,11,17,0.08163089374080054,,,1.0,False,,0.001,nan,0.37728721191138637,
100.0,77.26966607382974,7.245798728726693,1000000.0,38670.46414030291,26892484659370.92,37422.0,1248.464140302907,287018.0,695426994.6644677,C,9,11,17,0.08163089374080054,1.086825365096533,True,1.0,True,0,0.001,0.8652681569089642,0.37728721191138637,cult_d1=5_d2=11scaled_att26
10000.0,,18.420455727525233,1000000.0,,,,,287018.0,,B0,,11,17,0.025027019511814186,,,1.0,False,,0.001,nan,0.1572298972604711,
10000.0,188.51375874029128,18.420455727525233,1000000.0,45686.0,77511956236280.53,37422.0,8264,287018.0,1696623828.6626215,A,9,11,17,0.025027019511814186,1.309792748722263,False,1.0,True,4,0.001,0.8408253140917992,0.1572298972604711,"15to1_11,5,5_minerr"
10000.0,,18.420455727525233,1000000.0,,,,,287018.0,,B,,11,17,0.025027019511814186,,,1.0,False,,0.001,nan,0.1572298972604711,
10000.0,3472.5093469049084,18.420455727525233,1000000.0,38502.794913758116,1203311836979890.5,37422.0,1080.7949137581163,287018.0,31252584122.144176,C,9,11,17,0.025027019511814186,2.0381581915795386,False,1.0,True,0,0.001,0.8658523336036132,0.1572298972604711,cult_d1=5_d2=11_att22.3
100.0,,nan,100000000.0,,,,,320282.0,,B0,,11,19,nan,,,0.1,False,,0.001,nan,nan,
100.0,,nan,100000000.0,,,,,320282.0,,A,,11,19,nan,,,0.1,False,,0.001,nan,nan,
100.0,,nan,100000000.0,,,,,320282.0,,B,,11,19,nan,,,0.1,False,,0.001,nan,nan,
100.0,,nan,100000000.0,,,,,320282.0,,C,,11,19,nan,,,0.1,False,,0.001,nan,nan,
10000.0,,nan,100000000.0,,,,,320282.0,,B0,,11,19,nan,,,0.1,False,,0.001,nan,nan,
10000.0,,nan,100000000.0,,,,,320282.0,,A,,11,19,nan,,,0.1,False,,0.001,nan,nan,
10000.0,,nan,100000000.0,,,,,320282.0,,B,,11,19,nan,,,0.1,False,,0.001,nan,nan,
10000.0,,nan,100000000.0,,,,,320282.0,,C,,11,19,nan,,,0.1,False,,0.001,nan,nan,
100.0,,nan,100000000.0,,,,,320282.0,,B0,,11,19,nan,,,0.3,False,,0.001,nan,nan,
100.0,,nan,100000000.0,,,,,320282.0,,A,,11,19,nan,,,0.3,False,,0.001,nan,nan,
100.0,,nan,100000000.0,,,,,320282.0,,B,,11,19,nan,,,0.3,False,,0.001,nan,nan,
100.0,,nan,100000000.0,,,,,320282.0,,C,,11,19,nan,,,0.3,False,,0.001,nan,nan,
10000.0,,nan,100000000.0,,,,,320282.0,,B0,,11,19,nan,,,0.3,False,,0.001,nan,nan,
10000.0,,nan,100000000.0,,,,,320282.0,,A,,11,19,nan,,,0.3,False,,0.001,nan,nan,
10000.0,,nan,100000000.0,,,,,320282.0,,B,,11,19,nan,,,0.3,False,,0.001,nan,nan,
10000.0,,nan,100000000.0,,,,,320282.0,,C,,11,19,nan,,,0.3,False,,0.001,nan,nan,
100.0,,nan,100000000.0,,,,,320282.0,,B0,,11,19,nan,,,1.0,False,,0.001,nan,nan,
100.0,,nan,100000000.0,,,,,320282.0,,A,,11,19,nan,,,1.0,False,,0.001,nan,nan,
100.0,,nan,100000000.0,,,,,320282.0,,B,,11,19,nan,,,1.0,False,,0.001,nan,nan,
100.0,,nan,100000000.0,,,,,320282.0,,C,,11,19,nan,,,1.0,False,,0.001,nan,nan,
10000.0,,nan,100000000.0,,,,,320282.0,,B0,,11,19,nan,,,1.0,False,,0.001,nan,nan,
10000.0,,nan,100000000.0,,,,,320282.0,,A,,11,19,nan,,,1.0,False,,0.001,nan,nan,
10000.0,,nan,100000000.0,,,,,320282.0,,B,,11,19,nan,,,1.0,False,,0.001,nan,nan,
10000.0,,nan,100000000.0,,,,,320282.0,,C,,11,19,nan,,,1.0,False,,0.001,nan,nan,
100.0,,nan,10000000000.0,,,,,439898.0,,B0,,11,23,nan,,,0.1,False,,0.001,nan,nan,
100.0,,nan,10000000000.0,,,,,439898.0,,A,,11,23,nan,,,0.1,False,,0.001,nan,nan,
100.0,,nan,10000000000.0,,,,,439898.0,,B,,11,23,nan,,,0.1,False,,0.001,nan,nan,
100.0,,nan,10000000000.0,,,,,439898.0,,C,,11,23,nan,,,0.1,False,,0.001,nan,nan,
10000.0,,nan,10000000000.0,,,,,439898.0,,B0,,11,23,nan,,,0.1,False,,0.001,nan,nan,
10000.0,,nan,10000000000.0,,,,,439898.0,,A,,11,23,nan,,,0.1,False,,0.001,nan,nan,
10000.0,,nan,10000000000.0,,,,,439898.0,,B,,11,23,nan,,,0.1,False,,0.001,nan,nan,
10000.0,,nan,10000000000.0,,,,,439898.0,,C,,11,23,nan,,,0.1,False,,0.001,nan,nan,
100.0,,nan,10000000000.0,,,,,439898.0,,B0,,11,23,nan,,,0.3,False,,0.001,nan,nan,
100.0,,nan,10000000000.0,,,,,439898.0,,A,,11,23,nan,,,0.3,False,,0.001,nan,nan,
100.0,,nan,10000000000.0,,,,,439898.0,,B,,11,23,nan,,,0.3,False,,0.001,nan,nan,
100.0,,nan,10000000000.0,,,,,439898.0,,C,,11,23,nan,,,0.3,False,,0.001,nan,nan,
10000.0,,nan,10000000000.0,,,,,439898.0,,B0,,11,23,nan,,,0.3,False,,0.001,nan,nan,
10000.0,,nan,10000000000.0,,,,,439898.0,,A,,11,23,nan,,,0.3,False,,0.001,nan,nan,
10000.0,,nan,10000000000.0,,,,,439898.0,,B,,11,23,nan,,,0.3,False,,0.001,nan,nan,
10000.0,,nan,10000000000.0,,,,,439898.0,,C,,11,23,nan,,,0.3,False,,0.001,nan,nan,
100.0,,nan,10000000000.0,,,,,439898.0,,B0,,11,23,nan,,,1.0,False,,0.001,nan,nan,
100.0,,nan,10000000000.0,,,,,439898.0,,A,,11,23,nan,,,1.0,False,,0.001,nan,nan,
100.0,,nan,10000000000.0,,,,,439898.0,,B,,11,23,nan,,,1.0,False,,0.001,nan,nan,
100.0,,nan,10000000000.0,,,,,439898.0,,C,,11,23,nan,,,1.0,False,,0.001,nan,nan,
10000.0,,nan,10000000000.0,,,,,439898.0,,B0,,11,23,nan,,,1.0,False,,0.001,nan,nan,
10000.0,,nan,10000000000.0,,,,,439898.0,,A,,11,23,nan,,,1.0,False,,0.001,nan,nan,
10000.0,,nan,10000000000.0,,,,,439898.0,,B,,11,23,nan,,,1.0,False,,0.001,nan,nan,
10000.0,,nan,10000000000.0,,,,,439898.0,,C,,11,23,nan,,,1.0,False,,0.001,nan,nan,
100.0,1.0,1.2961320784980785,10000.0,84276.0,1095588000.0,78078.0,6198,71494.0,13000.0,B0,13,13,11,0.04266156484832033,0.0005845182888884231,False,0.1,True,3,0.001,-0.17878423364198404,0.20622352381783726,"15to1_11,5,5_minerr"
100.0,64.0812961332837,1.2961320784980785,10000.0,14790.0,4738811849.05633,11550.0,3240,71494.0,320406.4806664185,A,5,13,11,0.04266156484832033,1.040038132338651,False,0.1,True,4,0.001,0.7931294933840602,0.20622352381783726,"15to1_7,3,3_minerr"
100.0,1.0,1.2961320784980785,10000.0,57041.34034792552,627454743.8271807,55902.0,1139.340347925524,71494.0,11000.0,B,11,13,11,0.04266156484832033,0.0009148856410872238,True,0.1,True,0,0.001,0.20215206383856654,0.20622352381783726,cult_d1=5_d2=11scaled_att29
100.0,83.05782355008388,1.2961320784980785,10000.0,11739.954082734186,4875475173.449115,11550.0,189.95408273418565,71494.0,415289.1177504194,C,5,13,11,0.04266156484832033,1.1048842586283314,False,0.1,True,0,0.001,0.8357910582323805,0.20622352381783726,cult_d1=3_d2=7_att2.1
10000.0,1.0,1.5464483516651366,10000.0,84276.0,1095588000.0,78078.0,6198,71494.0,13000.0,B0,13,13,11,0.026814544595579123,0.0005845182888884231,False,0.1,True,3,0.001,-0.17878423364198404,0.1405689288250721,"15to1_11,5,5_minerr"
10000.0,2255.8393098990136,1.5464483516651366,10000.0,13638.0,153825682542.01373,11550.0,2088,71494.0,11279196.549495067,A,5,13,11,0.026814544595579123,1.9303193455498702,False,0.1,True,4,0.001,0.8092427336559711,0.1405689288250721,"15to1_5,3,3_minerr"
10000.0,1.0,1.5464483516651366,10000.0,57041.34034792552,627454743.8271807,55902.0,1139.340347925524,71494.0,11000.0,B,11,13,11,0.026814544595579123,0.0009148856410872238,True,0.1,True,0,0.001,0.20215206383856654,0.1405689288250721,cult_d1=5_d2=11scaled_att29
10000.0,3488.5389824147487,1.5464483516651366,10000.0,11720.920948683666,204444448196.42313,11550.0,170.9209486836671,71494.0,17442694.912073743,C,5,13,11,0.026814544595579123,2.0393095744665044,False,0.1,True,0,0.001,0.8360572782515503,0.1405689288250721,cult_d1=3_d2=7_att1.9
100.0,,1.3097509161928333,10000.0,,,,,71494.0,,B0,,13,11,0.07718300765923441,,,0.3,False,,0.001,nan,0.3193357609716033,
100.0,65.00585527918854,1.3097509161928333,10000.0,17280.0,16849517688.36567,11550.0,5730,71494.0,975087.8291878281,A,5,13,11,0.07718300765923441,1.0436193367642133,False,0.3,True,5,0.001,0.758301395921336,0.3193357609716033,"15to1_9,3,3_minq"
100.0,1.0,1.3097509161928333,10000.0,57323.291204081295,1891668609.7346828,55902.0,1421.2912040812942,71494.0,33000.0,B,11,13,11,0.07718300765923441,0.000981732058355132,True,0.3,True,0,0.001,0.19820836428118027,0.3193357609716033,cult_d1=5_d2=11scaled_att36
100.0,85.14147850981593,1.3097509161928333,10000.0,11761.878050410694,15021355308.961765,11550.0,211.87805041069515,71494.0,1277122.1776472388,C,5,13,11,0.07718300765923441,1.1110785814700346,False,0.3,True,0,0.001,0.8354844035805704,0.3193357609716033,cult_d1=3_d2=7_att2.4
10000.0,,2.1774479273033007,10000.0,,,,,71494.0,,B0,,13,11,0.04266156484832033,,,0.3,False,,0.001,nan,0.20622352381783726,
10000.0,105.68735289583937,2.1774479273033007,10000.0,14790.0,23446739239.941963,11550.0,3240,71494.0,1585310.2934375906,A,5,13,11,0.04266156484832033,1.1651213086948287,False,0.3,True,4,0.001,0.7931294933840602,0.20622352381783726,"15to1_7,3,3_minerr"
10000.0,1.0,2.1774479273033007,10000.0,57323.291204081295,1891668609.7346828,55902.0,1421.2912040812942,71494.0,33000.0,B,11,13,11,0.04266156484832033,0.000981732058355132,True,0.3,True,0,0.001,0.19820836428118027,0.20622352381783726,cult_d1=5_d2=11scaled_att36
10000.0,230.12870750521793,2.1774479273033007,10000.0,11739.954082734186,40525506888.45337,11550.0,189.95408273418565,71494.0,3451930.612578269,C,5,13,11,0.04266156484832033,1.3596596875638702,False,0.3,True,0,0.001,0.8357910582323805,0.20622352381783726,cult_d1=3_d2=7_att2.1
100.0,,1.085242358501741,10000.0,,,,,71494.0,,B0,,13,11,0.15149389943221694,,,1.0,False,,0.001,nan,0.47814342424540524,
100.0,65.77398317442457,1.085242358501741,10000.0,22652.0,74495613343.35327,11550.0,11102,71494.0,3288699.1587212286,A,5,13,11,0.15149389943221694,1.0465560919142758,False,1.0,True,7,0.001,0.6831622234033625,0.47814342424540524,"15to1_9,5,5_minerr"
100.0,1.0,1.085242358501741,10000.0,57898.76782155564,6368864460.37112,55902.0,1996.7678215556355,71494.0,110000.0,B,11,13,11,0.15149389943221694,0.0008397314661858881,True,1.0,True,0,0.001,0.190159064794869,0.47814342424540524,cult_d1=5_d2=11scaled_att50
100.0,71.38071262826635,1.085242358501741,10000.0,11821.095153993081,42189909806.928604,11550.0,271.09515399308094,71494.0,3569035.6314133178,C,5,13,11,0.15149389943221694,1.0670069253991863,False,1.0,True,0,0.001,0.8346561228355794,0.47814342424540524,cult_d1=3_d2=7_att3.0
10000.0,,13.381123925552373,10000.0,,,,,71494.0,,B0,,13,11,0.04266156484832033,,,1.0,False,,0.001,nan,0.20622352381783726,
10000.0,608.8973532095636,13.381123925552373,10000.0,14790.0,450279592698.4722,11550.0,3240,71494.0,30444867.66047818,A,5,13,11,0.04266156484832033,1.6029124259414507,False,1.0,True,4,0.001,0.7931294933840602,0.20622352381783726,"15to1_7,3,3_minerr"
10000.0,1.0,13.381123925552373,10000.0,57898.76782155564,6368864460.37112,55902.0,1996.7678215556355,71494.0,110000.0,B,11,13,11,0.04266156484832033,0.0008397314661858881,True,1.0,True,0,0.001,0.190159064794869,0.20622352381783726,cult_d1=5_d2=11scaled_att50
10000.0,8147.730941238005,13.381123925552373,10000.0,11739.954082734186,4782699356430.338,11550.0,189.95408273418565,71494.0,407386547.0619002,C,5,13,11,0.04266156484832033,2.251373688838256,False,1.0,True,0,0.001,0.8357910582323805,0.20622352381783726,cult_d1=3_d2=7_att2.1
100.0,,1.090242058785571,100000.0,,,,,93670.0,,B0,,13,13,0.03486508551135375,,,0.1,False,,0.001,nan,0.12524208313577645,
100.0,80.9921272464494,1.090242058785571,100000.0,26076.0,147836549705.489,22638.0,3438,93670.0,5669448.907251458,A,7,13,13,0.03486508551135375,1.0985879888651173,False,0.1,True,3,0.001,0.7216184477420733,0.12524208313577645,"15to1_9,3,3_minq"
100.0,1.0,1.090242058785571,100000.0,79576.1806091449,10344903479.188837,78078.0,1498.180609144893,93670.0,130000.0,B,13,13,13,0.03486508551135375,0.0009591969944219389,True,0.1,True,0,0.001,0.15046246814193553,0.12524208313577645,cult_d1=5_d2=11scaled_att45
100.0,88.30102355459194,1.090242058785571,100000.0,22810.187440151494,140991402890.6232,22638.0,172.18744015149514,93670.0,6181071.648821436,C,7,13,13,0.03486508551135375,1.1201879248318658,False,0.1,True,0,0.001,0.756483533253427,0.12524208313577645,cult_d1=3_d2=7_att2.7
10000.0,,13.3811239255524,100000.0,,,,,93670.0,,B0,,13,13,0.024493632030882076,,,0.1,False,,0.001,nan,0.09152379576881775,
10000.0,409.27129449342203,13.3811239255524,100000.0,25068.0,718172896725.2772,22638.0,2430,93670.0,28648990.61453954,A,7,13,13,0.024493632030882076,1.5035945619671687,False,0.1,True,3,0.001,0.7323796306181274,0.09152379576881775,"15to1_7,3,3_minerr"
10000.0,1.0,13.3811239255524,100000.0,79576.1806091449,10344903479.188837,78078.0,1498.180609144893,93670.0,130000.0,B,13,13,13,0.024493632030882076,0.0009591969944219389,True,0.1,True,0,0.001,0.15046246814193553,0.09152379576881775,cult_d1=5_d2=11scaled_att45
10000.0,5476.509910787731,13.3811239255524,100000.0,22773.681487667276,8730420466063.305,22638.0,135.68148766727546,93670.0,383355693.7551412,C,7,13,13,0.024493632030882076,2.1520558248639743,False,0.1,True,0,0.001,0.7568732626490096,0.09152379576881775,cult_d1=3_d2=7_att2.1
100.0,,1.2781452476668986,100000.0,,,,,115644.0,,B0,,13,15,0.06689807170532547,,,0.3,False,,0.001,nan,0.25308690801788336,
100.0,76.81725533741385,1.2781452476668986,100000.0,30568.0,493111470842.354,22638.0,7930,115644.0,16131623.62085691,A,7,13,15,0.06689807170532547,1.0853573234474212,False,0.3,True,5,0.001,0.7356715437030887,0.25308690801788336,"15to1_9,5,5_minerr"
100.0,1.0,1.2781452476668986,100000.0,80044.87782547474,31217502351.93515,78078.0,1966.87782547475,115644.0,390000.0,B,13,13,15,0.06689807170532547,0.0009357747529796352,True,0.3,True,0,0.001,0.30783371532051174,0.25308690801788336,cult_d1=5_d2=11scaled_att59
100.0,98.18360984833022,1.2781452476668986,100000.0,22831.639395709342,470755482671.4793,22638.0,193.63939570934352,115644.0,20618558.068149347,C,7,13,15,0.06689807170532547,1.1467098239021523,False,0.3,True,0,0.001,0.8025696154084143,0.25308690801788336,cult_d1=3_d2=7_att3.0
10000.0,,14.855494372499207,100000.0,,,,,115644.0,,B0,,13,15,0.028420484723988542,,,0.3,False,,0.001,nan,0.1260415146272792,
10000.0,472.3056902995282,14.855494372499207,100000.0,26076.0,2586327067852.6045,22638.0,3438,115644.0,99184194.96290092,A,7,13,15,0.028420484723988542,1.5394066062227918,False,0.3,True,3,0.001,0.7745148905260973,0.1260415146272792,"15to1_9,3,3_minq"
10000.0,1.0,14.855494372499207,100000.0,80044.87782547474,31217502351.93515,78078.0,1966.87782547475,115644.0,390000.0,B,13,13,15,0.028420484723988542,0.0009357747529796352,True,0.3,True,0,0.001,0.30783371532051174,0.1260415146272792,cult_d1=5_d2=11scaled_att59
10000.0,7016.334524343994,14.855494372499207,100000.0,22789.34146457907,33578505094047.953,22638.0,151.34146457906795,115644.0,1473430250.112239,C,7,13,15,0.028420484723988542,2.2139990532810048,False,0.3,True,0,0.001,0.8029353752500858,0.1260415146272792,cult_d1=3_d2=7_att2.4
100.0,,2.1441625032511276,100000.0,,,,,287018.0,,B0,,13,17,0.03438635253409879,,,1.0,False,,0.001,nan,0.2993661165867497,
100.0,41.3077876212357,2.1441625032511276,100000.0,32968.0,953284599607.829,22638.0,10330,287018.0,28915451.33486499,A,7,13,17,0.03438635253409879,0.9302627611122205,False,1.0,True,5,0.001,0.8851361238667959,0.2993661165867497,"15to1_11,5,5_minerr"
100.0,1.0,2.1441625032511276,100000.0,80744.66447030379,104968063811.39493,78078.0,2666.664470303791,287018.0,1300000.0,B,13,13,17,0.03438635253409879,0.0009070280036150736,True,1.0,True,0,0.001,0.7186773496076769,0.2993661165867497,cult_d1=5_d2=11scaled_att79
100.0,88.57060930971467,2.1441625032511276,100000.0,23098.497868368035,1432093621238.3516,22638.0,460.4978683680334,287018.0,61999426.51680027,C,7,13,17,0.03438635253409879,1.1209500198030042,False,1.0,True,0,0.001,0.9195224764008946,0.2993661165867497,cult_d1=3_d2=11_att3.2
10000.0,,2.2660389229417865,100000.0,,,,,287018.0,,B0,,13,17,0.026954269782002025,,,1.0,False,,0.001,nan,0.25308690801788336,
10000.0,531.1777074547251,2.2660389229417865,100000.0,30568.0,11365928113033.227,22638.0,7930,287018.0,371824395.2183076,A,7,13,17,0.026954269782002025,1.568774157723417,False,1.0,True,5,0.001,0.8934979687685093,0.25308690801788336,"15to1_9,5,5_minerr"
10000.0,1.0,2.2660389229417865,100000.0,80744.66447030379,104968063811.39493,78078.0,2666.664470303791,287018.0,1300000.0,B,13,13,17,0.026954269782002025,0.0009070280036150736,True,1.0,True,0,0.001,0.7186773496076769,0.25308690801788336,cult_d1=5_d2=11scaled_att79
10000.0,1203.6693600913927,2.2660389229417865,100000.0,22831.639395709342,19237221346889.625,22638.0,193.63939570934352,287018.0,842568552.0639749,C,7,13,17,0.026954269782002025,1.773282492572521,False,1.0,True,0,0.001,0.9204522385505113,0.25308690801788336,cult_d1=3_d2=7_att3.0
100.0,,3.229372980199887,1000000.0,,,,,287018.0,,B0,,13,17,0.02773351906228922,,,0.1,False,,0.001,nan,0.1742332262448043,
100.0,28.908743180303883,3.229372980199887,1000000.0,45686.0,1188652356841.827,37422.0,8264,287018.0,26017868.862273496,A,9,13,17,0.02773351906228922,0.8410360203887992,False,0.1,True,4,0.001,0.8408253140917992,0.1742332262448043,"15to1_11,5,5_minerr"
100.0,,3.229372980199887,1000000.0,,,,,287018.0,,B,,13,17,0.02773351906228922,,,0.1,False,,0.001,nan,0.1742332262448043,
100.0,93.35711411801111,3.229372980199887,1000000.0,37725.98082577987,3169789827449.6074,37422.0,303.98082577986924,287018.0,84021402.70621,C,9,13,17,0.02773351906228922,1.1341080190420445,False,0.1,True,0,0.001,0.8685588331540883,0.1742332262448043,cult_d1=3_d2=9_att3.9
10000.0,,2.2660389229417865,1000000.0,,,,,287018.0,,B0,,13,17,0.02157840825702554,,,0.1,False,,0.001,nan,0.1415114833687099,
10000.0,371.7381349181024,2.2660389229417865,1000000.0,43766.0,14642542091543.102,37422.0,6344,287018.0,334564321.4262921,A,9,13,17,0.02157840825702554,1.4795474169999958,False,0.1,True,4,0.001,0.8475147900131699,0.1415114833687099,"15to1_9,5,5_minerr"
10000.0,,2.2660389229417865,1000000.0,,,,,287018.0,,B,,13,17,0.02157840825702554,,,0.1,False,,0.001,nan,0.1415114833687099,
10000.0,842.3730828662053,2.2660389229417865,1000000.0,37572.608418885044,28485138586626.844,37422.0,150.60841888504496,287018.0,758135774.5795848,C,9,13,17,0.02157840825702554,1.6840557518490997,False,0.1,True,0,0.001,0.8690931982701955,0.1415114833687099,cult_d1=3_d2=7_att3.0
100.0,,1.2194834243790071,1000000.0,,,,,287018.0,,B0,,13,17,0.02495354547516681,,,0.3,False,,0.001,nan,0.15676830353262328,
100.0,43.85184218353248,1.2194834243790071,1000000.0,45686.0,5409221207391.535,37422.0,8264,287018.0,118399973.8955377,A,9,13,17,0.02495354547516681,0.94520418224068,False,0.3,True,4,0.001,0.8408253140917992,0.15676830353262328,"15to1_11,5,5_minerr"
100.0,,1.2194834243790071,1000000.0,,,,,287018.0,,B,,13,17,0.02495354547516681,,,0.3,False,,0.001,nan,0.15676830353262328,
100.0,53.47659467130199,1.2194834243790071,1000000.0,38523.88328480857,5562340447282.885,37422.0,1101.8832848085735,287018.0,144386805.61251536,C,9,13,17,0.02495354547516681,0.9948110188497621,True,0.3,True,0,0.001,0.865778859566966,0.15676830353262328,cult_d1=5_d2=11scaled_att23
10000.0,,55.47793449433775,1000000.0,,,,,287018.0,,B0,,13,17,0.028121517774499352,,,0.3,False,,0.001,nan,0.17667079167800326,
10000.0,43.85184218353248,55.47793449433775,1000000.0,45686.0,5409221207391.535,37422.0,8264,287018.0,118399973.8955377,A,9,13,17,0.028121517774499352,0.94520418224068,False,0.3,True,4,0.001,0.8408253140917992,0.17667079167800326,"15to1_11,5,5_minerr"
10000.0,,55.47793449433775,1000000.0,,,,,287018.0,,B,,13,17,0.028121517774499352,,,0.3,False,,0.001,nan,0.17667079167800326,
10000.0,2432.809628114052,55.47793449433775,1000000.0,37614.618211398745,247074854424817.56,37422.0,192.61821139874564,287018.0,6568585995.90794,C,9,13,17,0.028121517774499352,1.949200523495487,False,0.3,True,0,0.001,0.8689468318662985,0.17667079167800326,cult_d1=3_d2=7_att3.9
100.0,,7.245798728726693,1000000.0,,,,,287018.0,,B0,,13,17,0.08163089374080054,,,1.0,False,,0.001,nan,0.37728721191138637,
100.0,10.664064648592353,7.245798728726693,1000000.0,62100.0,7284622561453.437,55902.0,6198,287018.0,117304711.13451588,A,11,13,17,0.08163089374080054,0.5917199112947863,False,1.0,True,3,0.001,0.7836372631681636,0.37728721191138637,"15to1_11,5,5_minerr"
100.0,,7.245798728726693,1000000.0,,,,,287018.0,,B,,13,17,0.08163089374080054,,,1.0,False,,0.001,nan,0.37728721191138637,
100.0,77.26966607382974,7.245798728726693,1000000.0,38670.46414030291,26892484659370.92,37422.0,1248.464140302907,287018.0,695426994.6644677,C,9,13,17,0.08163089374080054,1.086825365096533,True,1.0,True,0,0.001,0.8652681569089642,0.37728721191138637,cult_d1=5_d2=11scaled_att26
10000.0,,18.420455727525233,1000000.0,,,,,287018.0,,B0,,13,17,0.025027019511814186,,,1.0,False,,0.001,nan,0.1572298972604711,
10000.0,188.51375874029128,18.420455727525233,1000000.0,45686.0,77511956236280.53,37422.0,8264,287018.0,1696623828.6626215,A,9,13,17,0.025027019511814186,1.309792748722263,False,1.0,True,4,0.001,0.8408253140917992,0.1572298972604711,"15to1_11,5,5_minerr"
10000.0,,18.420455727525233,1000000.0,,,,,287018.0,,B,,13,17,0.025027019511814186,,,1.0,False,,0.001,nan,0.1572298972604711,
10000.0,3472.5093469049084,18.420455727525233,1000000.0,38502.794913758116,1203311836979890.5,37422.0,1080.7949137581163,287018.0,31252584122.144176,C,9,13,17,0.025027019511814186,2.0381581915795386,False,1.0,True,0,0.001,0.8658523336036132,0.1572298972604711,cult_d1=5_d2=11_att22.3
100.0,,nan,100000000.0,,,,,320282.0,,B0,,13,19,nan,,,0.1,False,,0.001,nan,nan,
100.0,,nan,100000000.0,,,,,320282.0,,A,,13,19,nan,,,0.1,False,,0.001,nan,nan,
100.0,,nan,100000000.0,,,,,320282.0,,B,,13,19,nan,,,0.1,False,,0.001,nan,nan,
100.0,46.37627332473287,nan,100000000.0,79576.1806091449,479758071268841.5,78078.0,1498.180609144893,320282.0,6028915532.215273,C,13,13,19,nan,0.959196994421939,True,0.1,True,0,0.001,0.7515433879857598,nan,cult_d1=5_d2=11scaled_att45
10000.0,,nan,100000000.0,,,,,320282.0,,B0,,13,19,nan,,,0.1,False,,0.001,nan,nan,
10000.0,,nan,100000000.0,,,,,320282.0,,A,,13,19,nan,,,0.1,False,,0.001,nan,nan,
10000.0,,nan,100000000.0,,,,,320282.0,,B,,13,19,nan,,,0.1,False,,0.001,nan,nan,
10000.0,3721.080872769713,nan,100000000.0,79154.79940361928,3.829038330633506e+16,78078.0,1076.7994036192817,320282.0,483740513460.0627,C,13,13,19,nan,2.055442365564946,True,0.1,True,0,0.001,0.7528590448304329,nan,cult_d1=5_d2=11scaled_att32
100.0,,nan,100000000.0,,,,,320282.0,,B0,,13,19,nan,,,0.3,False,,0.001,nan,nan,
100.0,,nan,100000000.0,,,,,320282.0,,A,,13,19,nan,,,0.3,False,,0.001,nan,nan,
100.0,,nan,100000000.0,,,,,320282.0,,B,,13,19,nan,,,0.3,False,,0.001,nan,nan,
100.0,61.45987575524557,nan,100000000.0,79767.57277208554,1911976993629255.8,78078.0,1689.5727720855377,320282.0,23969351544.545773,C,13,13,19,nan,1.0295961337863884,True,0.3,True,0,0.001,0.7509458140885672,nan,cult_d1=5_d2=11scaled_att50
10000.0,,nan,100000000.0,,,,,320282.0,,B0,,13,19,nan,,,0.3,False,,0.001,nan,nan,
10000.0,,nan,100000000.0,,,,,320282.0,,A,,13,19,nan,,,0.3,False,,0.001,nan,nan,
10000.0,,nan,100000000.0,,,,,320282.0,,B,,13,19,nan,,,0.3,False,,0.001,nan,nan,
10000.0,611.6532657602633,nan,100000000.0,79576.1806091449,1.8982481991061684e+16,78078.0,1498.180609144893,320282.0,238544773646.50266,C,13,13,19,nan,1.604041390685438,True,0.3,True,0,0.001,0.7515433879857598,nan,cult_d1=5_d2=11scaled_att45
100.0,,nan,100000000.0,,,,,320282.0,,B0,,13,19,nan,,,1.0,False,,0.001,nan,nan,
100.0,,nan,100000000.0,,,,,320282.0,,A,,13,19,nan,,,1.0,False,,0.001,nan,nan,
100.0,,nan,100000000.0,,,,,320282.0,,B,,13,19,nan,,,1.0,False,,0.001,nan,nan,
100.0,37.641682535935054,nan,100000000.0,80744.66447030379,3951174534400300.5,78078.0,2666.664470303791,320282.0,48934187296.71557,C,13,13,19,nan,0.9070280036150736,True,1.0,True,0,0.001,0.7478950909813733,nan,cult_d1=5_d2=11scaled_att79
10000.0,,nan,100000000.0,,,,,320282.0,,B0,,13,19,nan,,,1.0,False,,0.001,nan,nan,
10000.0,,nan,100000000.0,,,,,320282.0,,A,,13,19,nan,,,1.0,False,,0.001,nan,nan,
10000.0,,nan,100000000.0,,,,,320282.0,,B,,13,19,nan,,,1.0,False,,0.001,nan,nan,
10000.0,2403.5858812557394,nan,100000000.0,79767.57277208554,2.492466752061319e+17,78078.0,1689.5727720855377,320282.0,3124661645632.4614,C,13,13,19,nan,1.9461792546108527,True,1.0,True,0,0.001,0.7509458140885672,nan,cult_d1=5_d2=11scaled_att50
100.0,,nan,10000000000.0,,,,,439898.0,,B0,,13,23,nan,,,0.1,False,,0.001,nan,nan,
100.0,,nan,10000000000.0,,,,,439898.0,,A,,13,23,nan,,,0.1,False,,0.001,nan,nan,
100.0,,nan,10000000000.0,,,,,439898.0,,B,,13,23,nan,,,0.1,False,,0.001,nan,nan,
100.0,,nan,10000000000.0,,,,,439898.0,,C,,13,23,nan,,,0.1,False,,0.001,nan,nan,
10000.0,,nan,10000000000.0,,,,,439898.0,,B0,,13,23,nan,,,0.1,False,,0.001,nan,nan,
10000.0,,nan,10000000000.0,,,,,439898.0,,A,,13,23,nan,,,0.1,False,,0.001,nan,nan,
10000.0,,nan,10000000000.0,,,,,439898.0,,B,,13,23,nan,,,0.1,False,,0.001,nan,nan,
10000.0,,nan,10000000000.0,,,,,439898.0,,C,,13,23,nan,,,0.1,False,,0.001,nan,nan,
100.0,,nan,10000000000.0,,,,,439898.0,,B0,,13,23,nan,,,0.3,False,,0.001,nan,nan,
100.0,,nan,10000000000.0,,,,,439898.0,,A,,13,23,nan,,,0.3,False,,0.001,nan,nan,
100.0,,nan,10000000000.0,,,,,439898.0,,B,,13,23,nan,,,0.3,False,,0.001,nan,nan,
100.0,,nan,10000000000.0,,,,,439898.0,,C,,13,23,nan,,,0.3,False,,0.001,nan,nan,
10000.0,,nan,10000000000.0,,,,,439898.0,,B0,,13,23,nan,,,0.3,False,,0.001,nan,nan,
10000.0,,nan,10000000000.0,,,,,439898.0,,A,,13,23,nan,,,0.3,False,,0.001,nan,nan,
10000.0,,nan,10000000000.0,,,,,439898.0,,B,,13,23,nan,,,0.3,False,,0.001,nan,nan,
10000.0,,nan,10000000000.0,,,,,439898.0,,C,,13,23,nan,,,0.3,False,,0.001,nan,nan,
100.0,,nan,10000000000.0,,,,,439898.0,,B0,,13,23,nan,,,1.0,False,,0.001,nan,nan,
100.0,,nan,10000000000.0,,,,,439898.0,,A,,13,23,nan,,,1.0,False,,0.001,nan,nan,
100.0,,nan,10000000000.0,,,,,439898.0,,B,,13,23,nan,,,1.0,False,,0.001,nan,nan,
100.0,,nan,10000000000.0,,,,,439898.0,,C,,13,23,nan,,,1.0,False,,0.001,nan,nan,
10000.0,,nan,10000000000.0,,,,,439898.0,,B0,,13,23,nan,,,1.0,False,,0.001,nan,nan,
10000.0,,nan,10000000000.0,,,,,439898.0,,A,,13,23,nan,,,1.0,False,,0.001,nan,nan,
10000.0,,nan,10000000000.0,,,,,439898.0,,B,,13,23,nan,,,1.0,False,,0.001,nan,nan,
10000.0,,nan,10000000000.0,,,,,439898.0,,C,,13,23,nan,,,1.0,False,,0.001,nan,nan,
100.0,1.0,1.2961320784980785,10000.0,71494.0,786434000.0,55902.0,15592,71494.0,11000.0,B0,11,15,11,0.04266156484832033,0.000725167356196771,False,0.1,True,4,0.001,0.0,0.20622352381783726,"15to1_15,7,7_minerr"
100.0,64.0812961332837,1.2961320784980785,10000.0,14790.0,4738811849.05633,11550.0,3240,71494.0,320406.4806664185,A,5,15,11,0.04266156484832033,1.040038132338651,False,0.1,True,4,0.001,0.7931294933840602,0.20622352381783726,"15to1_7,3,3_minerr"
100.0,1.0,1.2961320784980785,10000.0,57041.34034792552,627454743.8271807,55902.0,1139.340347925524,71494.0,11000.0,B,11,15,11,0.04266156484832033,0.0009148856410872238,True,0.1,True,0,0.001,0.20215206383856654,0.20622352381783726,cult_d1=5_d2=11scaled_att29
100.0,83.05782355008388,1.2961320784980785,10000.0,11739.954082734186,4875475173.449115,11550.0,189.95408273418565,71494.0,415289.1177504194,C,5,15,11,0.04266156484832033,1.1048842586283314,False,0.1,True,0,0.001,0.8357910582323805,0.20622352381783726,cult_d1=3_d2=7_att2.1
10000.0,1.0,1.5464483516651366,10000.0,71494.0,786434000.0,55902.0,15592,71494.0,11000.0,B0,11,15,11,0.026814544595579123,0.000725167356196771,False,0.1,True,4,0.001,0.0,0.1405689288250721,"15to1_15,7,7_minerr"
10000.0,2255.8393098990136,1.5464483516651366,10000.0,13638.0,153825682542.01373,11550.0,2088,71494.0,11279196.549495067,A,5,15,11,0.026814544595579123,1.9303193455498702,False,0.1,True,4,0.001,0.8092427336559711,0.1405689288250721,"15to1_5,3,3_minerr"
10000.0,1.0,1.5464483516651366,10000.0,57041.34034792552,627454743.8271807,55902.0,1139.340347925524,71494.0,11000.0,B,11,15,11,0.026814544595579123,0.0009148856410872238,True,0.1,True,0,0.001,0.20215206383856654,0.1405689288250721,cult_d1=5_d2=11scaled_att29
10000.0,3488.5389824147487,1.5464483516651366,10000.0,11720.920948683666,204444448196.42313,11550.0,170.9209486836671,71494.0,17442694.912073743,C,5,15,11,0.026814544595579123,2.0393095744665044,False,0.1,True,0,0.001,0.8360572782515503,0.1405689288250721,cult_d1=3_d2=7_att1.9
100.0,1.0,1.3097509161928333,10000.0,71494.0,2359302000.0,55902.0,15592,71494.0,33000.0,B0,11,15,11,0.07718300765923441,0.0007579200278826693,False,0.3,True,4,0.001,0.0,0.3193357609716033,"15to1_15,7,7_minerr"
100.0,65.00585527918854,1.3097509161928333,10000.0,17280.0,16849517688.36567,11550.0,5730,71494.0,975087.8291878281,A,5,15,11,0.07718300765923441,1.0436193367642133,False,0.3,True,5,0.001,0.758301395921336,0.3193357609716033,"15to1_9,3,3_minq"
100.0,1.0,1.3097509161928333,10000.0,57323.291204081295,1891668609.7346828,55902.0,1421.2912040812942,71494.0,33000.0,B,11,15,11,0.07718300765923441,0.000981732058355132,True,0.3,True,0,0.001,0.19820836428118027,0.3193357609716033,cult_d1=5_d2=11scaled_att36
100.0,85.14147850981593,1.3097509161928333,10000.0,11761.878050410694,15021355308.961765,11550.0,211.87805041069515,71494.0,1277122.1776472388,C,5,15,11,0.07718300765923441,1.1110785814700346,False,0.3,True,0,0.001,0.8354844035805704,0.3193357609716033,cult_d1=3_d2=7_att2.4
10000.0,1.0,2.1774479273033007,10000.0,71494.0,2359302000.0,55902.0,15592,71494.0,33000.0,B0,11,15,11,0.04266156484832033,0.0007579200278826693,False,0.3,True,4,0.001,0.0,0.20622352381783726,"15to1_15,7,7_minerr"
10000.0,105.68735289583937,2.1774479273033007,10000.0,14790.0,23446739239.941963,11550.0,3240,71494.0,1585310.2934375906,A,5,15,11,0.04266156484832033,1.1651213086948287,False,0.3,True,4,0.001,0.7931294933840602,0.20622352381783726,"15to1_7,3,3_minerr"
10000.0,1.0,2.1774479273033007,10000.0,57323.291204081295,1891668609.7346828,55902.0,1421.2912040812942,71494.0,33000.0,B,11,15,11,0.04266156484832033,0.000981732058355132,True,0.3,True,0,0.001,0.19820836428118027,0.20622352381783726,cult_d1=5_d2=11scaled_att36
10000.0,230.12870750521793,2.1774479273033007,10000.0,11739.954082734186,40525506888.45337,11550.0,189.95408273418565,71494.0,3451930.612578269,C,5,15,11,0.04266156484832033,1.3596596875638702,False,0.3,True,0,0.001,0.8357910582323805,0.20622352381783726,cult_d1=3_d2=7_att2.1
100.0,1.0,1.085242358501741,10000.0,71494.0,7864340000.0,55902.0,15592,71494.0,110000.0,B0,11,15,11,0.15149389943221694,0.0008725543787833135,False,1.0,True,4,0.001,0.0,0.47814342424540524,"15to1_15,7,7_minerr"
100.0,65.77398317442457,1.085242358501741,10000.0,22652.0,74495613343.35327,11550.0,11102,71494.0,3288699.1587212286,A,5,15,11,0.15149389943221694,1.0465560919142758,False,1.0,True,7,0.001,0.6831622234033625,0.47814342424540524,"15to1_9,5,5_minerr"
100.0,1.0,1.085242358501741,10000.0,57898.76782155564,6368864460.37112,55902.0,1996.7678215556355,71494.0,110000.0,B,11,15,11,0.15149389943221694,0.0008397314661858881,True,1.0,True,0,0.001,0.190159064794869,0.47814342424540524,cult_d1=5_d2=11scaled_att50
100.0,71.38071262826635,1.085242358501741,10000.0,11821.095153993081,42189909806.928604,11550.0,271.09515399308094,71494.0,3569035.6314133178,C,5,15,11,0.15149389943221694,1.0670069253991863,False,1.0,True,0,0.001,0.8346561228355794,0.47814342424540524,cult_d1=3_d2=7_att3.0
10000.0,1.0,13.381123925552373,10000.0,71494.0,7864340000.0,55902.0,15592,71494.0,110000.0,B0,11,15,11,0.04266156484832033,0.0008725543787833135,False,1.0,True,4,0.001,0.0,0.20622352381783726,"15to1_15,7,7_minerr"
10000.0,608.8973532095636,13.381123925552373,10000.0,14790.0,450279592698.4722,11550.0,3240,71494.0,30444867.66047818,A,5,15,11,0.04266156484832033,1.6029124259414507,False,1.0,True,4,0.001,0.7931294933840602,0.20622352381783726,"15to1_7,3,3_minerr"
10000.0,1.0,13.381123925552373,10000.0,57898.76782155564,6368864460.37112,55902.0,1996.7678215556355,71494.0,110000.0,B,11,15,11,0.04266156484832033,0.0008397314661858881,True,1.0,True,0,0.001,0.190159064794869,0.20622352381783726,cult_d1=5_d2=11scaled_att50
10000.0,8147.730941238005,13.381123925552373,10000.0,11739.954082734186,4782699356430.338,11550.0,189.95408273418565,71494.0,407386547.0619002,C,5,15,11,0.04266156484832033,2.251373688838256,False,1.0,True,0,0.001,0.8357910582323805,0.20622352381783726,cult_d1=3_d2=7_att2.1
100.0,1.0,1.090242058785571,100000.0,93670.0,12177100000.0,78078.0,15592,93670.0,130000.0,B0,13,15,13,0.03486508551135375,0.0008005381547196811,False,0.1,True,4,0.001,0.0,0.12524208313577645,"15to1_15,7,7_minerr"
100.0,80.9921272464494,1.090242058785571,100000.0,26076.0,147836549705.489,22638.0,3438,93670.0,5669448.907251458,A,7,15,13,0.03486508551135375,1.0985879888651173,False,0.1,True,3,0.001,0.7216184477420733,0.12524208313577645,"15to1_9,3,3_minq"
100.0,1.0,1.090242058785571,100000.0,79576.1806091449,10344903479.188837,78078.0,1498.180609144893,93670.0,130000.0,B,13,15,13,0.03486508551135375,0.0009591969944219389,True,0.1,True,0,0.001,0.15046246814193553,0.12524208313577645,cult_d1=5_d2=11scaled_att45
100.0,88.30102355459194,1.090242058785571,100000.0,22810.187440151494,140991402890.6232,22638.0,172.18744015149514,93670.0,6181071.648821436,C,7,15,13,0.03486508551135375,1.1201879248318658,False,0.1,True,0,0.001,0.756483533253427,0.12524208313577645,cult_d1=3_d2=7_att2.7
10000.0,1.0,13.3811239255524,100000.0,93670.0,12177100000.0,78078.0,15592,93670.0,130000.0,B0,13,15,13,0.024493632030882076,0.0008005381547196811,False,0.1,True,4,0.001,0.0,0.09152379576881775,"15to1_15,7,7_minerr"
10000.0,409.27129449342203,13.3811239255524,100000.0,25068.0,718172896725.2772,22638.0,2430,93670.0,28648990.61453954,A,7,15,13,0.024493632030882076,1.5035945619671687,False,0.1,True,3,0.001,0.7323796306181274,0.09152379576881775,"15to1_7,3,3_minerr"
10000.0,1.0,13.3811239255524,100000.0,79576.1806091449,10344903479.188837,78078.0,1498.180609144893,93670.0,130000.0,B,13,15,13,0.024493632030882076,0.0009591969944219389,True,0.1,True,0,0.001,0.15046246814193553,0.09152379576881775,cult_d1=5_d2=11scaled_att45
10000.0,5476.509910787731,13.3811239255524,100000.0,22773.681487667276,8730420466063.305,22638.0,135.68148766727546,93670.0,383355693.7551412,C,7,15,13,0.024493632030882076,2.1520558248639743,False,0.1,True,0,0.001,0.7568732626490096,0.09152379576881775,cult_d1=3_d2=7_att2.1
100.0,1.0,1.2781452476668986,100000.0,115644.0,52039800000.0,103950.0,11694,115644.0,450000.0,B0,15,15,15,0.06689807170532547,0.0005484976484019155,False,0.3,True,3,0.001,0.0,0.25308690801788336,"15to1_15,7,7_minerr"
100.0,76.81725533741385,1.2781452476668986,100000.0,30568.0,493111470842.354,22638.0,7930,115644.0,16131623.62085691,A,7,15,15,0.06689807170532547,1.0853573234474212,False,0.3,True,5,0.001,0.7356715437030887,0.25308690801788336,"15to1_9,5,5_minerr"
100.0,1.0,1.2781452476668986,100000.0,80044.87782547474,31217502351.93515,78078.0,1966.87782547475,115644.0,390000.0,B,13,15,15,0.06689807170532547,0.0009357747529796352,True,0.3,True,0,0.001,0.30783371532051174,0.25308690801788336,cult_d1=5_d2=11scaled_att59
100.0,98.18360984833022,1.2781452476668986,100000.0,22831.639395709342,470755482671.4793,22638.0,193.63939570934352,115644.0,20618558.068149347,C,7,15,15,0.06689807170532547,1.1467098239021523,False,0.3,True,0,0.001,0.8025696154084143,0.25308690801788336,cult_d1=3_d2=7_att3.0
10000.0,1.0,14.855494372499207,100000.0,115644.0,52039800000.0,103950.0,11694,115644.0,450000.0,B0,15,15,15,0.028420484723988542,0.0005484976484019155,False,0.3,True,3,0.001,0.0,0.1260415146272792,"15to1_15,7,7_minerr"
10000.0,472.3056902995282,14.855494372499207,100000.0,26076.0,2586327067852.6045,22638.0,3438,115644.0,99184194.96290092,A,7,15,15,0.028420484723988542,1.5394066062227918,False,0.3,True,3,0.001,0.7745148905260973,0.1260415146272792,"15to1_9,3,3_minq"
10000.0,1.0,14.855494372499207,100000.0,80044.87782547474,31217502351.93515,78078.0,1966.87782547475,115644.0,390000.0,B,13,15,15,0.028420484723988542,0.0009357747529796352,True,0.3,True,0,0.001,0.30783371532051174,0.1260415146272792,cult_d1=5_d2=11scaled_att59
10000.0,7016.334524343994,14.855494372499207,100000.0,22789.34146457907,33578505094047.953,22638.0,151.34146457906795,115644.0,1473430250.112239,C,7,15,15,0.028420484723988542,2.2139990532810048,False,0.3,True,0,0.001,0.8029353752500858,0.1260415146272792,cult_d1=3_d2=7_att2.4
100.0,,2.1441625032511276,100000.0,,,,,287018.0,,B0,,15,17,0.03438635253409879,,,1.0,False,,0.001,nan,0.2993661165867497,
100.0,41.3077876212357,2.1441625032511276,100000.0,32968.0,953284599607.829,22638.0,10330,287018.0,28915451.33486499,A,7,15,17,0.03438635253409879,0.9302627611122205,False,1.0,True,5,0.001,0.8851361238667959,0.2993661165867497,"15to1_11,5,5_minerr"
100.0,1.0,2.1441625032511276,100000.0,80744.66447030379,104968063811.39493,78078.0,2666.664470303791,287018.0,1300000.0,B,13,15,17,0.03438635253409879,0.0009070280036150736,True,1.0,True,0,0.001,0.7186773496076769,0.2993661165867497,cult_d1=5_d2=11scaled_att79
100.0,88.57060930971467,2.1441625032511276,100000.0,23098.497868368035,1432093621238.3516,22638.0,460.4978683680334,287018.0,61999426.51680027,C,7,15,17,0.03438635253409879,1.1209500198030042,False,1.0,True,0,0.001,0.9195224764008946,0.2993661165867497,cult_d1=3_d2=11_att3.2
10000.0,,2.2660389229417865,100000.0,,,,,287018.0,,B0,,15,17,0.026954269782002025,,,1.0,False,,0.001,nan,0.25308690801788336,
10000.0,531.1777074547251,2.2660389229417865,100000.0,30568.0,11365928113033.227,22638.0,7930,287018.0,371824395.2183076,A,7,15,17,0.026954269782002025,1.568774157723417,False,1.0,True,5,0.001,0.8934979687685093,0.25308690801788336,"15to1_9,5,5_minerr"
10000.0,1.0,2.2660389229417865,100000.0,80744.66447030379,104968063811.39493,78078.0,2666.664470303791,287018.0,1300000.0,B,13,15,17,0.026954269782002025,0.0009070280036150736,True,1.0,True,0,0.001,0.7186773496076769,0.25308690801788336,cult_d1=5_d2=11scaled_att79
10000.0,1203.6693600913927,2.2660389229417865,100000.0,22831.639395709342,19237221346889.625,22638.0,193.63939570934352,287018.0,842568552.0639749,C,7,15,17,0.026954269782002025,1.773282492572521,False,1.0,True,0,0.001,0.9204522385505113,0.25308690801788336,cult_d1=3_d2=7_att3.0
100.0,,3.229372980199887,1000000.0,,,,,287018.0,,B0,,15,17,0.02773351906228922,,,0.1,False,,0.001,nan,0.1742332262448043,
100.0,28.908743180303883,3.229372980199887,1000000.0,45686.0,1188652356841.827,37422.0,8264,287018.0,26017868.862273496,A,9,15,17,0.02773351906228922,0.8410360203887992,False,0.1,True,4,0.001,0.8408253140917992,0.1742332262448043,"15to1_11,5,5_minerr"
100.0,1.0,3.229372980199887,1000000.0,106261.10920759662,159391663811.39493,103950.0,2311.1092075966185,287018.0,1500000.0,B,15,15,17,0.02773351906228922,0.0008423289384592873,True,0.1,True,0,0.001,0.6297754523841828,0.1742332262448043,cult_d1=5_d2=11scaled_att79
100.0,93.35711411801111,3.229372980199887,1000000.0,37725.98082577987,3169789827449.6074,37422.0,303.98082577986924,287018.0,84021402.70621,C,9,15,17,0.02773351906228922,1.1341080190420445,False,0.1,True,0,0.001,0.8685588331540883,0.1742332262448043,cult_d1=3_d2=9_att3.9
10000.0,,2.2660389229417865,1000000.0,,,,,287018.0,,B0,,15,17,0.02157840825702554,,,0.1,False,,0.001,nan,0.1415114833687099,
10000.0,371.7381349181024,2.2660389229417865,1000000.0,43766.0,14642542091543.102,37422.0,6344,287018.0,334564321.4262921,A,9,15,17,0.02157840825702554,1.4795474169999958,False,0.1,True,4,0.001,0.8475147900131699,0.1415114833687099,"15to1_9,5,5_minerr"
10000.0,1.0,2.2660389229417865,1000000.0,106261.10920759662,159391663811.39493,103950.0,2311.1092075966185,287018.0,1500000.0,B,15,15,17,0.02157840825702554,0.0008423289384592873,True,0.1,True,0,0.001,0.6297754523841828,0.1415114833687099,cult_d1=5_d2=11scaled_att79
10000.0,842.3730828662053,2.2660389229417865,1000000.0,37572.608418885044,28485138586626.844,37422.0,150.60841888504496,287018.0,758135774.5795848,C,9,15,17,0.02157840825702554,1.6840557518490997,False,0.1,True,0,0.001,0.8690931982701955,0.1415114833687099,cult_d1=3_d2=7_att3.0
100.0,,1.2194834243790071,1000000.0,,,,,287018.0,,B0,,15,17,0.02495354547516681,,,0.3,False,,0.001,nan,0.15676830353262328,
100.0,43.85184218353248,1.2194834243790071,1000000.0,45686.0,5409221207391.535,37422.0,8264,287018.0,118399973.8955377,A,9,15,17,0.02495354547516681,0.94520418224068,False,0.3,True,4,0.001,0.8408253140917992,0.15676830353262328,"15to1_11,5,5_minerr"
100.0,1.0,1.2194834243790071,1000000.0,107923.78039519554,485657011778.37994,103950.0,3973.7803951955398,287018.0,4500000.0,B,15,15,17,0.02495354547516681,0.0009820877517984895,True,0.3,True,0,0.001,0.623982536303662,0.15676830353262328,cult_d1=5_d2=11scaled_att137
100.0,53.47659467130199,1.2194834243790071,1000000.0,38523.88328480857,5562340447282.885,37422.0,1101.8832848085735,287018.0,144386805.61251536,C,9,15,17,0.02495354547516681,0.9948110188497621,True,0.3,True,0,0.001,0.865778859566966,0.15676830353262328,cult_d1=5_d2=11scaled_att23
10000.0,,55.47793449433775,1000000.0,,,,,287018.0,,B0,,15,17,0.028121517774499352,,,0.3,False,,0.001,nan,0.17667079167800326,
10000.0,43.85184218353248,55.47793449433775,1000000.0,45686.0,5409221207391.535,37422.0,8264,287018.0,118399973.8955377,A,9,15,17,0.028121517774499352,0.94520418224068,False,0.3,True,4,0.001,0.8408253140917992,0.17667079167800326,"15to1_11,5,5_minerr"
10000.0,1.0,55.47793449433775,1000000.0,107923.78039519554,485657011778.37994,103950.0,3973.7803951955398,287018.0,4500000.0,B,15,15,17,0.028121517774499352,0.0009820877517984895,True,0.3,True,0,0.001,0.623982536303662,0.17667079167800326,cult_d1=5_d2=11scaled_att137
10000.0,2432.809628114052,55.47793449433775,1000000.0,37614.618211398745,247074854424817.56,37422.0,192.61821139874564,287018.0,6568585995.90794,C,9,15,17,0.028121517774499352,1.949200523495487,False,0.3,True,0,0.001,0.8689468318662985,0.17667079167800326,cult_d1=3_d2=7_att3.9
100.0,,3.0832627144209703,1000000.0,,,,,287018.0,,B0,,15,17,0.0635553723449299,,,1.0,False,,0.001,nan,0.32052178555835487,
100.0,25.061006223188738,3.0832627144209703,1000000.0,56912.0,12836447875567.057,37422.0,19490,287018.0,225549056.00869864,A,9,15,17,0.0635553723449299,0.805328275305808,False,1.0,True,5,0.001,0.8017127845640343,0.32052178555835487,"15to1_15,7,7_minerr"
100.0,,3.0832627144209703,1000000.0,,,,,287018.0,,B,,15,17,0.0635553723449299,,,1.0,False,,0.001,nan,0.32052178555835487,
100.0,77.26966607382974,3.0832627144209703,1000000.0,38670.46414030291,26892484659370.92,37422.0,1248.464140302907,287018.0,695426994.6644677,C,9,15,17,0.0635553723449299,1.086825365096533,True,1.0,True,0,0.001,0.8652681569089642,0.32052178555835487,cult_d1=5_d2=11scaled_att26
10000.0,,18.420455727525233,1000000.0,,,,,287018.0,,B0,,15,17,0.025027019511814186,,,1.0,False,,0.001,nan,0.1572298972604711,
10000.0,188.51375874029128,18.420455727525233,1000000.0,45686.0,77511956236280.53,37422.0,8264,287018.0,1696623828.6626215,A,9,15,17,0.025027019511814186,1.309792748722263,False,1.0,True,4,0.001,0.8408253140917992,0.1572298972604711,"15to1_11,5,5_minerr"
10000.0,,18.420455727525233,1000000.0,,,,,287018.0,,B,,15,17,0.025027019511814186,,,1.0,False,,0.001,nan,0.1572298972604711,
10000.0,3472.5093469049084,18.420455727525233,1000000.0,38502.794913758116,1203311836979890.5,37422.0,1080.7949137581163,287018.0,31252584122.144176,C,9,15,17,0.025027019511814186,2.0381581915795386,False,1.0,True,0,0.001,0.8658523336036132,0.1572298972604711,cult_d1=5_d2=11_att22.3
100.0,,1.8863341808946943,100000000.0,,,,,320282.0,,B0,,15,19,0.044004406713006365,,,0.1,False,,0.001,nan,0.15046246814193553,
100.0,24.58539626458789,1.8863341808946943,100000000.0,93670.0,299378828853513.2,78078.0,15592,320282.0,3196101514.3964257,A,13,15,19,0.044004406713006365,0.8005381547196811,False,0.1,True,4,0.001,0.7075389812727534,0.15046246814193553,"15to1_15,7,7_minerr"
100.0,,1.8863341808946943,100000000.0,,,,,320282.0,,B,,15,19,0.044004406713006365,,,0.1,False,,0.001,nan,0.15046246814193553,
100.0,46.37627332473287,1.8863341808946943,100000000.0,79576.1806091449,479758071268841.5,78078.0,1498.180609144893,320282.0,6028915532.215273,C,13,15,19,0.044004406713006365,0.959196994421939,True,0.1,True,0,0.001,0.7515433879857598,0.15046246814193553,cult_d1=5_d2=11scaled_att45
10000.0,,151.35330066367297,100000000.0,,,,,320282.0,,B0,,15,19,0.045320063557679535,,,0.1,False,,0.001,nan,0.15496103978200826,
10000.0,24.58539626458789,151.35330066367297,100000000.0,93670.0,299378828853513.2,78078.0,15592,320282.0,3196101514.3964257,A,13,15,19,0.045320063557679535,0.8005381547196811,False,0.1,True,4,0.001,0.7075389812727534,0.15496103978200826,"15to1_15,7,7_minerr"
10000.0,,151.35330066367297,100000000.0,,,,,320282.0,,B,,15,19,0.045320063557679535,,,0.1,False,,0.001,nan,0.15496103978200826,
10000.0,3721.080872769713,151.35330066367297,100000000.0,79154.79940361928,3.829038330633506e+16,78078.0,1076.7994036192817,320282.0,483740513460.0627,C,13,15,19,0.045320063557679535,2.055442365564946,True,0.1,True,0,0.001,0.7528590448304329,0.15496103978200826,cult_d1=5_d2=11scaled_att32
100.0,,0.6744383886995143,100000000.0,,,,,320282.0,,B0,,15,19,0.04340683281581376,,,0.3,False,,0.001,nan,0.14841920815538023,
100.0,91.1274873806569,0.6744383886995143,100000000.0,93670.0,3329005579748991.5,78078.0,15592,320282.0,35539720078.45619,A,13,15,19,0.04340683281581376,1.1280648715786645,False,0.3,True,4,0.001,0.7075389812727534,0.14841920815538023,"15to1_15,7,7_minerr"
100.0,,0.6744383886995143,100000000.0,,,,,320282.0,,B,,15,19,0.04340683281581376,,,0.3,False,,0.001,nan,0.14841920815538023,
100.0,61.45987575524557,0.6744383886995143,100000000.0,79767.57277208554,1911976993629255.8,78078.0,1689.5727720855377,320282.0,23969351544.545773,C,13,15,19,0.04340683281581376,1.0295961337863884,True,0.3,True,0,0.001,0.7509458140885672,0.14841920815538023,cult_d1=5_d2=11scaled_att50
10000.0,,6.712061128222167,100000000.0,,,,,320282.0,,B0,,15,19,0.044004406713006365,,,0.3,False,,0.001,nan,0.15046246814193553,
10000.0,91.1274873806569,6.712061128222167,100000000.0,93670.0,3329005579748991.5,78078.0,15592,320282.0,35539720078.45619,A,13,15,19,0.044004406713006365,1.1280648715786645,False,0.3,True,4,0.001,0.7075389812727534,0.15046246814193553,"15to1_15,7,7_minerr"
10000.0,,6.712061128222167,100000000.0,,,,,320282.0,,B,,15,19,0.044004406713006365,,,0.3,False,,0.001,nan,0.15046246814193553,
10000.0,611.6532657602633,6.712061128222167,100000000.0,79576.1806091449,1.8982481991061684e+16,78078.0,1498.180609144893,320282.0,238544773646.50266,C,13,15,19,0.044004406713006365,1.604041390685438,True,0.3,True,0,0.001,0.7515433879857598,0.15046246814193553,cult_d1=5_d2=11scaled_att45
100.0,,nan,100000000.0,,,,,320282.0,,B0,,15,19,nan,,,1.0,False,,0.001,nan,nan,
100.0,,nan,100000000.0,,,,,320282.0,,A,,15,19,nan,,,1.0,False,,0.001,nan,nan,
100.0,,nan,100000000.0,,,,,320282.0,,B,,15,19,nan,,,1.0,False,,0.001,nan,nan,
100.0,37.641682535935054,nan,100000000.0,80744.66447030379,3951174534400300.5,78078.0,2666.664470303791,320282.0,48934187296.71557,C,13,15,19,nan,0.9070280036150736,True,1.0,True,0,0.001,0.7478950909813733,nan,cult_d1=5_d2=11scaled_att79
10000.0,,0.269034271567978,100000000.0,,,,,320282.0,,B0,,15,19,0.04340683281581376,,,1.0,False,,0.001,nan,0.14841920815538023,
10000.0,8934.125259385088,0.269034271567978,100000000.0,93670.0,1.0879173669605815e+18,78078.0,15592,320282.0,11614362837200.613,A,13,15,19,0.04340683281581376,2.2744083805851067,False,1.0,True,4,0.001,0.7075389812727534,0.14841920815538023,"15to1_15,7,7_minerr"
10000.0,,0.269034271567978,100000000.0,,,,,320282.0,,B,,15,19,0.04340683281581376,,,1.0,False,,0.001,nan,0.14841920815538023,
10000.0,2403.5858812557394,0.269034271567978,100000000.0,79767.57277208554,2.492466752061319e+17,78078.0,1689.5727720855377,320282.0,3124661645632.4614,C,13,15,19,0.04340683281581376,1.9461792546108527,True,1.0,True,0,0.001,0.7509458140885672,0.14841920815538023,cult_d1=5_d2=11scaled_att50
100.0,,nan,10000000000.0,,,,,439898.0,,B0,,15,23,nan,,,0.1,False,,0.001,nan,nan,
100.0,,nan,10000000000.0,,,,,439898.0,,A,,15,23,nan,,,0.1,False,,0.001,nan,nan,
100.0,,nan,10000000000.0,,,,,439898.0,,B,,15,23,nan,,,0.1,False,,0.001,nan,nan,
100.0,,nan,10000000000.0,,,,,439898.0,,C,,15,23,nan,,,0.1,False,,0.001,nan,nan,
10000.0,,nan,10000000000.0,,,,,439898.0,,B0,,15,23,nan,,,0.1,False,,0.001,nan,nan,
10000.0,,nan,10000000000.0,,,,,439898.0,,A,,15,23,nan,,,0.1,False,,0.001,nan,nan,
10000.0,,nan,10000000000.0,,,,,439898.0,,B,,15,23,nan,,,0.1,False,,0.001,nan,nan,
10000.0,,nan,10000000000.0,,,,,439898.0,,C,,15,23,nan,,,0.1,False,,0.001,nan,nan,
100.0,,nan,10000000000.0,,,,,439898.0,,B0,,15,23,nan,,,0.3,False,,0.001,nan,nan,
100.0,,nan,10000000000.0,,,,,439898.0,,A,,15,23,nan,,,0.3,False,,0.001,nan,nan,
100.0,,nan,10000000000.0,,,,,439898.0,,B,,15,23,nan,,,0.3,False,,0.001,nan,nan,
100.0,,nan,10000000000.0,,,,,439898.0,,C,,15,23,nan,,,0.3,False,,0.001,nan,nan,
10000.0,,nan,10000000000.0,,,,,439898.0,,B0,,15,23,nan,,,0.3,False,,0.001,nan,nan,
10000.0,,nan,10000000000.0,,,,,439898.0,,A,,15,23,nan,,,0.3,False,,0.001,nan,nan,
10000.0,,nan,10000000000.0,,,,,439898.0,,B,,15,23,nan,,,0.3,False,,0.001,nan,nan,
10000.0,,nan,10000000000.0,,,,,439898.0,,C,,15,23,nan,,,0.3,False,,0.001,nan,nan,
100.0,,nan,10000000000.0,,,,,439898.0,,B0,,15,23,nan,,,1.0,False,,0.001,nan,nan,
100.0,,nan,10000000000.0,,,,,439898.0,,A,,15,23,nan,,,1.0,False,,0.001,nan,nan,
100.0,,nan,10000000000.0,,,,,439898.0,,B,,15,23,nan,,,1.0,False,,0.001,nan,nan,
100.0,,nan,10000000000.0,,,,,439898.0,,C,,15,23,nan,,,1.0,False,,0.001,nan,nan,
10000.0,,nan,10000000000.0,,,,,439898.0,,B0,,15,23,nan,,,1.0,False,,0.001,nan,nan,
10000.0,,nan,10000000000.0,,,,,439898.0,,A,,15,23,nan,,,1.0,False,,0.001,nan,nan,
10000.0,,nan,10000000000.0,,,,,439898.0,,B,,15,23,nan,,,1.0,False,,0.001,nan,nan,
10000.0,,nan,10000000000.0,,,,,439898.0,,C,,15,23,nan,,,1.0,False,,0.001,nan,nan,
100.0,1.0,1.2961320784980785,10000.0,71494.0,786434000.0,55902.0,15592,71494.0,11000.0,B0,11,17,11,0.04266156484832033,0.000725167356196771,False,0.1,True,4,0.001,0.0,0.20622352381783726,"15to1_15,7,7_minerr"
100.0,64.0812961332837,1.2961320784980785,10000.0,14790.0,4738811849.05633,11550.0,3240,71494.0,320406.4806664185,A,5,17,11,0.04266156484832033,1.040038132338651,False,0.1,True,4,0.001,0.7931294933840602,0.20622352381783726,"15to1_7,3,3_minerr"
100.0,1.0,1.2961320784980785,10000.0,57041.34034792552,627454743.8271807,55902.0,1139.340347925524,71494.0,11000.0,B,11,17,11,0.04266156484832033,0.0009148856410872238,True,0.1,True,0,0.001,0.20215206383856654,0.20622352381783726,cult_d1=5_d2=11scaled_att29
100.0,83.05782355008388,1.2961320784980785,10000.0,11739.954082734186,4875475173.449115,11550.0,189.95408273418565,71494.0,415289.1177504194,C,5,17,11,0.04266156484832033,1.1048842586283314,False,0.1,True,0,0.001,0.8357910582323805,0.20622352381783726,cult_d1=3_d2=7_att2.1
10000.0,1.0,1.5464483516651366,10000.0,71494.0,786434000.0,55902.0,15592,71494.0,11000.0,B0,11,17,11,0.026814544595579123,0.000725167356196771,False,0.1,True,4,0.001,0.0,0.1405689288250721,"15to1_15,7,7_minerr"
10000.0,2255.8393098990136,1.5464483516651366,10000.0,13638.0,153825682542.01373,11550.0,2088,71494.0,11279196.549495067,A,5,17,11,0.026814544595579123,1.9303193455498702,False,0.1,True,4,0.001,0.8092427336559711,0.1405689288250721,"15to1_5,3,3_minerr"
10000.0,1.0,1.5464483516651366,10000.0,57041.34034792552,627454743.8271807,55902.0,1139.340347925524,71494.0,11000.0,B,11,17,11,0.026814544595579123,0.0009148856410872238,True,0.1,True,0,0.001,0.20215206383856654,0.1405689288250721,cult_d1=5_d2=11scaled_att29
10000.0,3488.5389824147487,1.5464483516651366,10000.0,11720.920948683666,204444448196.42313,11550.0,170.9209486836671,71494.0,17442694.912073743,C,5,17,11,0.026814544595579123,2.0393095744665044,False,0.1,True,0,0.001,0.8360572782515503,0.1405689288250721,cult_d1=3_d2=7_att1.9
100.0,1.0,1.3097509161928333,10000.0,71494.0,2359302000.0,55902.0,15592,71494.0,33000.0,B0,11,17,11,0.07718300765923441,0.0007579200278826693,False,0.3,True,4,0.001,0.0,0.3193357609716033,"15to1_15,7,7_minerr"
100.0,65.00585527918854,1.3097509161928333,10000.0,17280.0,16849517688.36567,11550.0,5730,71494.0,975087.8291878281,A,5,17,11,0.07718300765923441,1.0436193367642133,False,0.3,True,5,0.001,0.758301395921336,0.3193357609716033,"15to1_9,3,3_minq"
100.0,1.0,1.3097509161928333,10000.0,57323.291204081295,1891668609.7346828,55902.0,1421.2912040812942,71494.0,33000.0,B,11,17,11,0.07718300765923441,0.000981732058355132,True,0.3,True,0,0.001,0.19820836428118027,0.3193357609716033,cult_d1=5_d2=11scaled_att36
100.0,85.14147850981593,1.3097509161928333,10000.0,11761.878050410694,15021355308.961765,11550.0,211.87805041069515,71494.0,1277122.1776472388,C,5,17,11,0.07718300765923441,1.1110785814700346,False,0.3,True,0,0.001,0.8354844035805704,0.3193357609716033,cult_d1=3_d2=7_att2.4
10000.0,1.0,2.1774479273033007,10000.0,71494.0,2359302000.0,55902.0,15592,71494.0,33000.0,B0,11,17,11,0.04266156484832033,0.0007579200278826693,False,0.3,True,4,0.001,0.0,0.20622352381783726,"15to1_15,7,7_minerr"
10000.0,105.68735289583937,2.1774479273033007,10000.0,14790.0,23446739239.941963,11550.0,3240,71494.0,1585310.2934375906,A,5,17,11,0.04266156484832033,1.1651213086948287,False,0.3,True,4,0.001,0.7931294933840602,0.20622352381783726,"15to1_7,3,3_minerr"
10000.0,1.0,2.1774479273033007,10000.0,57323.291204081295,1891668609.7346828,55902.0,1421.2912040812942,71494.0,33000.0,B,11,17,11,0.04266156484832033,0.000981732058355132,True,0.3,True,0,0.001,0.19820836428118027,0.20622352381783726,cult_d1=5_d2=11scaled_att36
10000.0,230.12870750521793,2.1774479273033007,10000.0,11739.954082734186,40525506888.45337,11550.0,189.95408273418565,71494.0,3451930.612578269,C,5,17,11,0.04266156484832033,1.3596596875638702,False,0.3,True,0,0.001,0.8357910582323805,0.20622352381783726,cult_d1=3_d2=7_att2.1
100.0,1.0,1.085242358501741,10000.0,71494.0,7864340000.0,55902.0,15592,71494.0,110000.0,B0,11,17,11,0.15149389943221694,0.0008725543787833135,False,1.0,True,4,0.001,0.0,0.47814342424540524,"15to1_15,7,7_minerr"
100.0,65.77398317442457,1.085242358501741,10000.0,22652.0,74495613343.35327,11550.0,11102,71494.0,3288699.1587212286,A,5,17,11,0.15149389943221694,1.0465560919142758,False,1.0,True,7,0.001,0.6831622234033625,0.47814342424540524,"15to1_9,5,5_minerr"
100.0,1.0,1.085242358501741,10000.0,57898.76782155564,6368864460.37112,55902.0,1996.7678215556355,71494.0,110000.0,B,11,17,11,0.15149389943221694,0.0008397314661858881,True,1.0,True,0,0.001,0.190159064794869,0.47814342424540524,cult_d1=5_d2=11scaled_att50
100.0,71.38071262826635,1.085242358501741,10000.0,11821.095153993081,42189909806.928604,11550.0,271.09515399308094,71494.0,3569035.6314133178,C,5,17,11,0.15149389943221694,1.0670069253991863,False,1.0,True,0,0.001,0.8346561228355794,0.47814342424540524,cult_d1=3_d2=7_att3.0
10000.0,1.0,13.381123925552373,10000.0,71494.0,7864340000.0,55902.0,15592,71494.0,110000.0,B0,11,17,11,0.04266156484832033,0.0008725543787833135,False,1.0,True,4,0.001,0.0,0.20622352381783726,"15to1_15,7,7_minerr"
10000.0,608.8973532095636,13.381123925552373,10000.0,14790.0,450279592698.4722,11550.0,3240,71494.0,30444867.66047818,A,5,17,11,0.04266156484832033,1.6029124259414507,False,1.0,True,4,0.001,0.7931294933840602,0.20622352381783726,"15to1_7,3,3_minerr"
10000.0,1.0,13.381123925552373,10000.0,57898.76782155564,6368864460.37112,55902.0,1996.7678215556355,71494.0,110000.0,B,11,17,11,0.04266156484832033,0.0008397314661858881,True,1.0,True,0,0.001,0.190159064794869,0.20622352381783726,cult_d1=5_d2=11scaled_att50
10000.0,8147.730941238005,13.381123925552373,10000.0,11739.954082734186,4782699356430.338,11550.0,189.95408273418565,71494.0,407386547.0619002,C,5,17,11,0.04266156484832033,2.251373688838256,False,1.0,True,0,0.001,0.8357910582323805,0.20622352381783726,cult_d1=3_d2=7_att2.1
100.0,1.0,1.090242058785571,100000.0,93670.0,12177100000.0,78078.0,15592,93670.0,130000.0,B0,13,17,13,0.03486508551135375,0.0008005381547196811,False,0.1,True,4,0.001,0.0,0.12524208313577645,"15to1_15,7,7_minerr"
100.0,80.9921272464494,1.090242058785571,100000.0,26076.0,147836549705.489,22638.0,3438,93670.0,5669448.907251458,A,7,17,13,0.03486508551135375,1.0985879888651173,False,0.1,True,3,0.001,0.7216184477420733,0.12524208313577645,"15to1_9,3,3_minq"
100.0,1.0,1.090242058785571,100000.0,79576.1806091449,10344903479.188837,78078.0,1498.180609144893,93670.0,130000.0,B,13,17,13,0.03486508551135375,0.0009591969944219389,True,0.1,True,0,0.001,0.15046246814193553,0.12524208313577645,cult_d1=5_d2=11scaled_att45
100.0,88.30102355459194,1.090242058785571,100000.0,22810.187440151494,140991402890.6232,22638.0,172.18744015149514,93670.0,6181071.648821436,C,7,17,13,0.03486508551135375,1.1201879248318658,False,0.1,True,0,0.001,0.756483533253427,0.12524208313577645,cult_d1=3_d2=7_att2.7
10000.0,1.0,13.3811239255524,100000.0,93670.0,12177100000.0,78078.0,15592,93670.0,130000.0,B0,13,17,13,0.024493632030882076,0.0008005381547196811,False,0.1,True,4,0.001,0.0,0.09152379576881775,"15to1_15,7,7_minerr"
10000.0,409.27129449342203,13.3811239255524,100000.0,25068.0,718172896725.2772,22638.0,2430,93670.0,28648990.61453954,A,7,17,13,0.024493632030882076,1.5035945619671687,False,0.1,True,3,0.001,0.7323796306181274,0.09152379576881775,"15to1_7,3,3_minerr"
10000.0,1.0,13.3811239255524,100000.0,79576.1806091449,10344903479.188837,78078.0,1498.180609144893,93670.0,130000.0,B,13,17,13,0.024493632030882076,0.0009591969944219389,True,0.1,True,0,0.001,0.15046246814193553,0.09152379576881775,cult_d1=5_d2=11scaled_att45
10000.0,5476.509910787731,13.3811239255524,100000.0,22773.681487667276,8730420466063.305,22638.0,135.68148766727546,93670.0,383355693.7551412,C,7,17,13,0.024493632030882076,2.1520558248639743,False,0.1,True,0,0.001,0.7568732626490096,0.09152379576881775,cult_d1=3_d2=7_att2.1
100.0,1.0,1.2781452476668986,100000.0,115644.0,52039800000.0,103950.0,11694,115644.0,450000.0,B0,15,17,15,0.06689807170532547,0.0005484976484019155,False,0.3,True,3,0.001,0.0,0.25308690801788336,"15to1_15,7,7_minerr"
100.0,76.81725533741385,1.2781452476668986,100000.0,30568.0,493111470842.354,22638.0,7930,115644.0,16131623.62085691,A,7,17,15,0.06689807170532547,1.0853573234474212,False,0.3,True,5,0.001,0.7356715437030887,0.25308690801788336,"15to1_9,5,5_minerr"
100.0,1.0,1.2781452476668986,100000.0,80044.87782547474,31217502351.93515,78078.0,1966.87782547475,115644.0,390000.0,B,13,17,15,0.06689807170532547,0.0009357747529796352,True,0.3,True,0,0.001,0.30783371532051174,0.25308690801788336,cult_d1=5_d2=11scaled_att59
100.0,98.18360984833022,1.2781452476668986,100000.0,22831.639395709342,470755482671.4793,22638.0,193.63939570934352,115644.0,20618558.068149347,C,7,17,15,0.06689807170532547,1.1467098239021523,False,0.3,True,0,0.001,0.8025696154084143,0.25308690801788336,cult_d1=3_d2=7_att3.0
10000.0,1.0,14.855494372499207,100000.0,115644.0,52039800000.0,103950.0,11694,115644.0,450000.0,B0,15,17,15,0.028420484723988542,0.0005484976484019155,False,0.3,True,3,0.001,0.0,0.1260415146272792,"15to1_15,7,7_minerr"
10000.0,472.3056902995282,14.855494372499207,100000.0,26076.0,2586327067852.6045,22638.0,3438,115644.0,99184194.96290092,A,7,17,15,0.028420484723988542,1.5394066062227918,False,0.3,True,3,0.001,0.7745148905260973,0.1260415146272792,"15to1_9,3,3_minq"
10000.0,1.0,14.855494372499207,100000.0,80044.87782547474,31217502351.93515,78078.0,1966.87782547475,115644.0,390000.0,B,13,17,15,0.028420484723988542,0.0009357747529796352,True,0.3,True,0,0.001,0.30783371532051174,0.1260415146272792,cult_d1=5_d2=11scaled_att59
10000.0,7016.334524343994,14.855494372499207,100000.0,22789.34146457907,33578505094047.953,22638.0,151.34146457906795,115644.0,1473430250.112239,C,7,17,15,0.028420484723988542,2.2139990532810048,False,0.3,True,0,0.001,0.8029353752500858,0.1260415146272792,cult_d1=3_d2=7_att2.4
100.0,,2.1441625032511276,100000.0,,,,,287018.0,,B0,,17,17,0.03438635253409879,,,1.0,False,,0.001,nan,0.2993661165867497,
100.0,41.3077876212357,2.1441625032511276,100000.0,32968.0,953284599607.829,22638.0,10330,287018.0,28915451.33486499,A,7,17,17,0.03438635253409879,0.9302627611122205,False,1.0,True,5,0.001,0.8851361238667959,0.2993661165867497,"15to1_11,5,5_minerr"
100.0,1.0,2.1441625032511276,100000.0,80744.66447030379,104968063811.39493,78078.0,2666.664470303791,287018.0,1300000.0,B,13,17,17,0.03438635253409879,0.0009070280036150736,True,1.0,True,0,0.001,0.7186773496076769,0.2993661165867497,cult_d1=5_d2=11scaled_att79
100.0,88.57060930971467,2.1441625032511276,100000.0,23098.497868368035,1432093621238.3516,22638.0,460.4978683680334,287018.0,61999426.51680027,C,7,17,17,0.03438635253409879,1.1209500198030042,False,1.0,True,0,0.001,0.9195224764008946,0.2993661165867497,cult_d1=3_d2=11_att3.2
10000.0,,2.2660389229417865,100000.0,,,,,287018.0,,B0,,17,17,0.026954269782002025,,,1.0,False,,0.001,nan,0.25308690801788336,
10000.0,531.1777074547251,2.2660389229417865,100000.0,30568.0,11365928113033.227,22638.0,7930,287018.0,371824395.2183076,A,7,17,17,0.026954269782002025,1.568774157723417,False,1.0,True,5,0.001,0.8934979687685093,0.25308690801788336,"15to1_9,5,5_minerr"
10000.0,1.0,2.2660389229417865,100000.0,80744.66447030379,104968063811.39493,78078.0,2666.664470303791,287018.0,1300000.0,B,13,17,17,0.026954269782002025,0.0009070280036150736,True,1.0,True,0,0.001,0.7186773496076769,0.25308690801788336,cult_d1=5_d2=11scaled_att79
10000.0,1203.6693600913927,2.2660389229417865,100000.0,22831.639395709342,19237221346889.625,22638.0,193.63939570934352,287018.0,842568552.0639749,C,7,17,17,0.026954269782002025,1.773282492572521,False,1.0,True,0,0.001,0.9204522385505113,0.25308690801788336,cult_d1=3_d2=7_att3.0
100.0,,3.229372980199887,1000000.0,,,,,287018.0,,B0,,17,17,0.02773351906228922,,,0.1,False,,0.001,nan,0.1742332262448043,
100.0,28.908743180303883,3.229372980199887,1000000.0,45686.0,1188652356841.827,37422.0,8264,287018.0,26017868.862273496,A,9,17,17,0.02773351906228922,0.8410360203887992,False,0.1,True,4,0.001,0.8408253140917992,0.1742332262448043,"15to1_11,5,5_minerr"
100.0,1.0,3.229372980199887,1000000.0,106261.10920759662,159391663811.39493,103950.0,2311.1092075966185,287018.0,1500000.0,B,15,17,17,0.02773351906228922,0.0008423289384592873,True,0.1,True,0,0.001,0.6297754523841828,0.1742332262448043,cult_d1=5_d2=11scaled_att79
100.0,93.35711411801111,3.229372980199887,1000000.0,37725.98082577987,3169789827449.6074,37422.0,303.98082577986924,287018.0,84021402.70621,C,9,17,17,0.02773351906228922,1.1341080190420445,False,0.1,True,0,0.001,0.8685588331540883,0.1742332262448043,cult_d1=3_d2=9_att3.9
10000.0,,2.2660389229417865,1000000.0,,,,,287018.0,,B0,,17,17,0.02157840825702554,,,0.1,False,,0.001,nan,0.1415114833687099,
10000.0,371.7381349181024,2.2660389229417865,1000000.0,43766.0,14642542091543.102,37422.0,6344,287018.0,334564321.4262921,A,9,17,17,0.02157840825702554,1.4795474169999958,False,0.1,True,4,0.001,0.8475147900131699,0.1415114833687099,"15to1_9,5,5_minerr"
10000.0,1.0,2.2660389229417865,1000000.0,106261.10920759662,159391663811.39493,103950.0,2311.1092075966185,287018.0,1500000.0,B,15,17,17,0.02157840825702554,0.0008423289384592873,True,0.1,True,0,0.001,0.6297754523841828,0.1415114833687099,cult_d1=5_d2=11scaled_att79
10000.0,842.3730828662053,2.2660389229417865,1000000.0,37572.608418885044,28485138586626.844,37422.0,150.60841888504496,287018.0,758135774.5795848,C,9,17,17,0.02157840825702554,1.6840557518490997,False,0.1,True,0,0.001,0.8690931982701955,0.1415114833687099,cult_d1=3_d2=7_att3.0
100.0,,1.2194834243790071,1000000.0,,,,,287018.0,,B0,,17,17,0.02495354547516681,,,0.3,False,,0.001,nan,0.15676830353262328,
100.0,43.85184218353248,1.2194834243790071,1000000.0,45686.0,5409221207391.535,37422.0,8264,287018.0,118399973.8955377,A,9,17,17,0.02495354547516681,0.94520418224068,False,0.3,True,4,0.001,0.8408253140917992,0.15676830353262328,"15to1_11,5,5_minerr"
100.0,1.0,1.2194834243790071,1000000.0,107923.78039519554,485657011778.37994,103950.0,3973.7803951955398,287018.0,4500000.0,B,15,17,17,0.02495354547516681,0.0009820877517984895,True,0.3,True,0,0.001,0.623982536303662,0.15676830353262328,cult_d1=5_d2=11scaled_att137
100.0,53.47659467130199,1.2194834243790071,1000000.0,38523.88328480857,5562340447282.885,37422.0,1101.8832848085735,287018.0,144386805.61251536,C,9,17,17,0.02495354547516681,0.9948110188497621,True,0.3,True,0,0.001,0.865778859566966,0.15676830353262328,cult_d1=5_d2=11scaled_att23
10000.0,,55.47793449433775,1000000.0,,,,,287018.0,,B0,,17,17,0.028121517774499352,,,0.3,False,,0.001,nan,0.17667079167800326,
10000.0,43.85184218353248,55.47793449433775,1000000.0,45686.0,5409221207391.535,37422.0,8264,287018.0,118399973.8955377,A,9,17,17,0.028121517774499352,0.94520418224068,False,0.3,True,4,0.001,0.8408253140917992,0.17667079167800326,"15to1_11,5,5_minerr"
10000.0,1.0,55.47793449433775,1000000.0,107923.78039519554,485657011778.37994,103950.0,3973.7803951955398,287018.0,4500000.0,B,15,17,17,0.028121517774499352,0.0009820877517984895,True,0.3,True,0,0.001,0.623982536303662,0.17667079167800326,cult_d1=5_d2=11scaled_att137
10000.0,2432.809628114052,55.47793449433775,1000000.0,37614.618211398745,247074854424817.56,37422.0,192.61821139874564,287018.0,6568585995.90794,C,9,17,17,0.028121517774499352,1.949200523495487,False,0.3,True,0,0.001,0.8689468318662985,0.17667079167800326,cult_d1=3_d2=7_att3.9
100.0,,3.0832627144209703,1000000.0,,,,,287018.0,,B0,,17,17,0.0635553723449299,,,1.0,False,,0.001,nan,0.32052178555835487,
100.0,25.061006223188738,3.0832627144209703,1000000.0,56912.0,12836447875567.057,37422.0,19490,287018.0,225549056.00869864,A,9,17,17,0.0635553723449299,0.805328275305808,False,1.0,True,5,0.001,0.8017127845640343,0.32052178555835487,"15to1_15,7,7_minerr"
100.0,1.0,3.0832627144209703,1000000.0,137573.24150390117,2338745105566.32,133518.0,4055.241503901165,287018.0,17000000.0,B,17,17,17,0.0635553723449299,0.0009998071841219396,True,1.0,True,0,0.001,0.5206807882993361,0.32052178555835487,cult_d1=5_d2=11scaled_att158
100.0,77.26966607382974,3.0832627144209703,1000000.0,38670.46414030291,26892484659370.92,37422.0,1248.464140302907,287018.0,695426994.6644677,C,9,17,17,0.0635553723449299,1.086825365096533,True,1.0,True,0,0.001,0.8652681569089642,0.32052178555835487,cult_d1=5_d2=11scaled_att26
10000.0,,18.420455727525233,1000000.0,,,,,287018.0,,B0,,17,17,0.025027019511814186,,,1.0,False,,0.001,nan,0.1572298972604711,
10000.0,188.51375874029128,18.420455727525233,1000000.0,45686.0,77511956236280.53,37422.0,8264,287018.0,1696623828.6626215,A,9,17,17,0.025027019511814186,1.309792748722263,False,1.0,True,4,0.001,0.8408253140917992,0.1572298972604711,"15to1_11,5,5_minerr"
10000.0,1.0,18.420455727525233,1000000.0,137573.24150390117,2338745105566.32,133518.0,4055.241503901165,287018.0,17000000.0,B,17,17,17,0.025027019511814186,0.0009998071841219396,True,1.0,True,0,0.001,0.5206807882993361,0.1572298972604711,cult_d1=5_d2=11scaled_att158
10000.0,3472.5093469049084,18.420455727525233,1000000.0,38502.794913758116,1203311836979890.5,37422.0,1080.7949137581163,287018.0,31252584122.144176,C,9,17,17,0.025027019511814186,2.0381581915795386,False,1.0,True,0,0.001,0.8658523336036132,0.1572298972604711,cult_d1=5_d2=11_att22.3
100.0,,1.8863341808946943,100000000.0,,,,,320282.0,,B0,,17,19,0.044004406713006365,,,0.1,False,,0.001,nan,0.15046246814193553,
100.0,24.58539626458789,1.8863341808946943,100000000.0,93670.0,299378828853513.2,78078.0,15592,320282.0,3196101514.3964257,A,13,17,19,0.044004406713006365,0.8005381547196811,False,0.1,True,4,0.001,0.7075389812727534,0.15046246814193553,"15to1_15,7,7_minerr"
100.0,,1.8863341808946943,100000000.0,,,,,320282.0,,B,,17,19,0.044004406713006365,,,0.1,False,,0.001,nan,0.15046246814193553,
100.0,46.37627332473287,1.8863341808946943,100000000.0,79576.1806091449,479758071268841.5,78078.0,1498.180609144893,320282.0,6028915532.215273,C,13,17,19,0.044004406713006365,0.959196994421939,True,0.1,True,0,0.001,0.7515433879857598,0.15046246814193553,cult_d1=5_d2=11scaled_att45
10000.0,,151.35330066367297,100000000.0,,,,,320282.0,,B0,,17,19,0.045320063557679535,,,0.1,False,,0.001,nan,0.15496103978200826,
10000.0,24.58539626458789,151.35330066367297,100000000.0,93670.0,299378828853513.2,78078.0,15592,320282.0,3196101514.3964257,A,13,17,19,0.045320063557679535,0.8005381547196811,False,0.1,True,4,0.001,0.7075389812727534,0.15496103978200826,"15to1_15,7,7_minerr"
10000.0,,151.35330066367297,100000000.0,,,,,320282.0,,B,,17,19,0.045320063557679535,,,0.1,False,,0.001,nan,0.15496103978200826,
10000.0,3721.080872769713,151.35330066367297,100000000.0,79154.79940361928,3.829038330633506e+16,78078.0,1076.7994036192817,320282.0,483740513460.0627,C,13,17,19,0.045320063557679535,2.055442365564946,True,0.1,True,0,0.001,0.7528590448304329,0.15496103978200826,cult_d1=5_d2=11scaled_att32
100.0,,0.6744383886995143,100000000.0,,,,,320282.0,,B0,,17,19,0.04340683281581376,,,0.3,False,,0.001,nan,0.14841920815538023,
100.0,91.1274873806569,0.6744383886995143,100000000.0,93670.0,3329005579748991.5,78078.0,15592,320282.0,35539720078.45619,A,13,17,19,0.04340683281581376,1.1280648715786645,False,0.3,True,4,0.001,0.7075389812727534,0.14841920815538023,"15to1_15,7,7_minerr"
100.0,,0.6744383886995143,100000000.0,,,,,320282.0,,B,,17,19,0.04340683281581376,,,0.3,False,,0.001,nan,0.14841920815538023,
100.0,61.45987575524557,0.6744383886995143,100000000.0,79767.57277208554,1911976993629255.8,78078.0,1689.5727720855377,320282.0,23969351544.545773,C,13,17,19,0.04340683281581376,1.0295961337863884,True,0.3,True,0,0.001,0.7509458140885672,0.14841920815538023,cult_d1=5_d2=11scaled_att50
10000.0,,6.712061128222167,100000000.0,,,,,320282.0,,B0,,17,19,0.044004406713006365,,,0.3,False,,0.001,nan,0.15046246814193553,
10000.0,91.1274873806569,6.712061128222167,100000000.0,93670.0,3329005579748991.5,78078.0,15592,320282.0,35539720078.45619,A,13,17,19,0.044004406713006365,1.1280648715786645,False,0.3,True,4,0.001,0.7075389812727534,0.15046246814193553,"15to1_15,7,7_minerr"
10000.0,,6.712061128222167,100000000.0,,,,,320282.0,,B,,17,19,0.044004406713006365,,,0.3,False,,0.001,nan,0.15046246814193553,
10000.0,611.6532657602633,6.712061128222167,100000000.0,79576.1806091449,1.8982481991061684e+16,78078.0,1498.180609144893,320282.0,238544773646.50266,C,13,17,19,0.044004406713006365,1.604041390685438,True,0.3,True,0,0.001,0.7515433879857598,0.15046246814193553,cult_d1=5_d2=11scaled_att45
100.0,,nan,100000000.0,,,,,320282.0,,B0,,17,19,nan,,,1.0,False,,0.001,nan,nan,
100.0,,nan,100000000.0,,,,,320282.0,,A,,17,19,nan,,,1.0,False,,0.001,nan,nan,
100.0,,nan,100000000.0,,,,,320282.0,,B,,17,19,nan,,,1.0,False,,0.001,nan,nan,
100.0,37.641682535935054,nan,100000000.0,80744.66447030379,3951174534400300.5,78078.0,2666.664470303791,320282.0,48934187296.71557,C,13,17,19,nan,0.9070280036150736,True,1.0,True,0,0.001,0.7478950909813733,nan,cult_d1=5_d2=11scaled_att79
10000.0,,0.269034271567978,100000000.0,,,,,320282.0,,B0,,17,19,0.04340683281581376,,,1.0,False,,0.001,nan,0.14841920815538023,
10000.0,8934.125259385088,0.269034271567978,100000000.0,93670.0,1.0879173669605815e+18,78078.0,15592,320282.0,11614362837200.613,A,13,17,19,0.04340683281581376,2.2744083805851067,False,1.0,True,4,0.001,0.7075389812727534,0.14841920815538023,"15to1_15,7,7_minerr"
10000.0,,0.269034271567978,100000000.0,,,,,320282.0,,B,,17,19,0.04340683281581376,,,1.0,False,,0.001,nan,0.14841920815538023,
10000.0,2403.5858812557394,0.269034271567978,100000000.0,79767.57277208554,2.492466752061319e+17,78078.0,1689.5727720855377,320282.0,3124661645632.4614,C,13,17,19,0.04340683281581376,1.9461792546108527,True,1.0,True,0,0.001,0.7509458140885672,0.14841920815538023,cult_d1=5_d2=11scaled_att50
100.0,,nan,10000000000.0,,,,,439898.0,,B0,,17,23,nan,,,0.1,False,,0.001,nan,nan,
100.0,,nan,10000000000.0,,,,,439898.0,,A,,17,23,nan,,,0.1,False,,0.001,nan,nan,
100.0,,nan,10000000000.0,,,,,439898.0,,B,,17,23,nan,,,0.1,False,,0.001,nan,nan,
100.0,,nan,10000000000.0,,,,,439898.0,,C,,17,23,nan,,,0.1,False,,0.001,nan,nan,
10000.0,,nan,10000000000.0,,,,,439898.0,,B0,,17,23,nan,,,0.1,False,,0.001,nan,nan,
10000.0,,nan,10000000000.0,,,,,439898.0,,A,,17,23,nan,,,0.1,False,,0.001,nan,nan,
10000.0,,nan,10000000000.0,,,,,439898.0,,B,,17,23,nan,,,0.1,False,,0.001,nan,nan,
10000.0,5551.1188685630395,nan,10000000000.0,136526.019369925,1.2883826756961292e+19,133518.0,3008.0193699250003,439898.0,94369020765571.67,C,17,17,23,nan,2.155438696090408,True,0.1,True,0,0.001,0.6896416456316579,nan,cult_d1=5_d2=11scaled_att117
100.0,,nan,10000000000.0,,,,,439898.0,,B0,,17,23,nan,,,0.3,False,,0.001,nan,nan,
100.0,,nan,10000000000.0,,,,,439898.0,,A,,17,23,nan,,,0.3,False,,0.001,nan,nan,
100.0,,nan,10000000000.0,,,,,439898.0,,B,,17,23,nan,,,0.3,False,,0.001,nan,nan,
100.0,,nan,10000000000.0,,,,,439898.0,,C,,17,23,nan,,,0.3,False,,0.001,nan,nan,
10000.0,,nan,10000000000.0,,,,,439898.0,,B0,,17,23,nan,,,0.3,False,,0.001,nan,nan,
10000.0,,nan,10000000000.0,,,,,439898.0,,A,,17,23,nan,,,0.3,False,,0.001,nan,nan,
10000.0,,nan,10000000000.0,,,,,439898.0,,B,,17,23,nan,,,0.3,False,,0.001,nan,nan,
10000.0,,nan,10000000000.0,,,,,439898.0,,C,,17,23,nan,,,0.3,False,,0.001,nan,nan,
100.0,,nan,10000000000.0,,,,,439898.0,,B0,,17,23,nan,,,1.0,False,,0.001,nan,nan,
100.0,,nan,10000000000.0,,,,,439898.0,,A,,17,23,nan,,,1.0,False,,0.001,nan,nan,
100.0,,nan,10000000000.0,,,,,439898.0,,B,,17,23,nan,,,1.0,False,,0.001,nan,nan,
100.0,,nan,10000000000.0,,,,,439898.0,,C,,17,23,nan,,,1.0,False,,0.001,nan,nan,
10000.0,,nan,10000000000.0,,,,,439898.0,,B0,,17,23,nan,,,1.0,False,,0.001,nan,nan,
10000.0,,nan,10000000000.0,,,,,439898.0,,A,,17,23,nan,,,1.0,False,,0.001,nan,nan,
10000.0,,nan,10000000000.0,,,,,439898.0,,B,,17,23,nan,,,1.0,False,,0.001,nan,nan,
10000.0,,nan,10000000000.0,,,,,439898.0,,C,,17,23,nan,,,1.0,False,,0.001,nan,nan,
100.0,1.0,1.2961320784980785,10000.0,71494.0,786434000.0,55902.0,15592,71494.0,11000.0,B0,11,21,11,0.04266156484832033,0.000725167356196771,False,0.1,True,4,0.001,0.0,0.20622352381783726,"15to1_15,7,7_minerr"
100.0,64.0812961332837,1.2961320784980785,10000.0,14790.0,4738811849.05633,11550.0,3240,71494.0,320406.4806664185,A,5,21,11,0.04266156484832033,1.040038132338651,False,0.1,True,4,0.001,0.7931294933840602,0.20622352381783726,"15to1_7,3,3_minerr"
100.0,1.0,1.2961320784980785,10000.0,57041.34034792552,627454743.8271807,55902.0,1139.340347925524,71494.0,11000.0,B,11,21,11,0.04266156484832033,0.0009148856410872238,True,0.1,True,0,0.001,0.20215206383856654,0.20622352381783726,cult_d1=5_d2=11scaled_att29
100.0,83.05782355008388,1.2961320784980785,10000.0,11739.954082734186,4875475173.449115,11550.0,189.95408273418565,71494.0,415289.1177504194,C,5,21,11,0.04266156484832033,1.1048842586283314,False,0.1,True,0,0.001,0.8357910582323805,0.20622352381783726,cult_d1=3_d2=7_att2.1
10000.0,1.0,1.5464483516651366,10000.0,71494.0,786434000.0,55902.0,15592,71494.0,11000.0,B0,11,21,11,0.026814544595579123,0.000725167356196771,False,0.1,True,4,0.001,0.0,0.1405689288250721,"15to1_15,7,7_minerr"
10000.0,2255.8393098990136,1.5464483516651366,10000.0,13638.0,153825682542.01373,11550.0,2088,71494.0,11279196.549495067,A,5,21,11,0.026814544595579123,1.9303193455498702,False,0.1,True,4,0.001,0.8092427336559711,0.1405689288250721,"15to1_5,3,3_minerr"
10000.0,1.0,1.5464483516651366,10000.0,57041.34034792552,627454743.8271807,55902.0,1139.340347925524,71494.0,11000.0,B,11,21,11,0.026814544595579123,0.0009148856410872238,True,0.1,True,0,0.001,0.20215206383856654,0.1405689288250721,cult_d1=5_d2=11scaled_att29
10000.0,3488.5389824147487,1.5464483516651366,10000.0,11720.920948683666,204444448196.42313,11550.0,170.9209486836671,71494.0,17442694.912073743,C,5,21,11,0.026814544595579123,2.0393095744665044,False,0.1,True,0,0.001,0.8360572782515503,0.1405689288250721,cult_d1=3_d2=7_att1.9
100.0,1.0,1.3097509161928333,10000.0,71494.0,2359302000.0,55902.0,15592,71494.0,33000.0,B0,11,21,11,0.07718300765923441,0.0007579200278826693,False,0.3,True,4,0.001,0.0,0.3193357609716033,"15to1_15,7,7_minerr"
100.0,65.00585527918854,1.3097509161928333,10000.0,17280.0,16849517688.36567,11550.0,5730,71494.0,975087.8291878281,A,5,21,11,0.07718300765923441,1.0436193367642133,False,0.3,True,5,0.001,0.758301395921336,0.3193357609716033,"15to1_9,3,3_minq"
100.0,1.0,1.3097509161928333,10000.0,57323.291204081295,1891668609.7346828,55902.0,1421.2912040812942,71494.0,33000.0,B,11,21,11,0.07718300765923441,0.000981732058355132,True,0.3,True,0,0.001,0.19820836428118027,0.3193357609716033,cult_d1=5_d2=11scaled_att36
100.0,85.14147850981593,1.3097509161928333,10000.0,11761.878050410694,15021355308.961765,11550.0,211.87805041069515,71494.0,1277122.1776472388,C,5,21,11,0.07718300765923441,1.1110785814700346,False,0.3,True,0,0.001,0.8354844035805704,0.3193357609716033,cult_d1=3_d2=7_att2.4
10000.0,1.0,2.1774479273033007,10000.0,71494.0,2359302000.0,55902.0,15592,71494.0,33000.0,B0,11,21,11,0.04266156484832033,0.0007579200278826693,False,0.3,True,4,0.001,0.0,0.20622352381783726,"15to1_15,7,7_minerr"
10000.0,105.68735289583937,2.1774479273033007,10000.0,14790.0,23446739239.941963,11550.0,3240,71494.0,1585310.2934375906,A,5,21,11,0.04266156484832033,1.1651213086948287,False,0.3,True,4,0.001,0.7931294933840602,0.20622352381783726,"15to1_7,3,3_minerr"
10000.0,1.0,2.1774479273033007,10000.0,57323.291204081295,1891668609.7346828,55902.0,1421.2912040812942,71494.0,33000.0,B,11,21,11,0.04266156484832033,0.000981732058355132,True,0.3,True,0,0.001,0.19820836428118027,0.20622352381783726,cult_d1=5_d2=11scaled_att36
10000.0,230.12870750521793,2.1774479273033007,10000.0,11739.954082734186,40525506888.45337,11550.0,189.95408273418565,71494.0,3451930.612578269,C,5,21,11,0.04266156484832033,1.3596596875638702,False,0.3,True,0,0.001,0.8357910582323805,0.20622352381783726,cult_d1=3_d2=7_att2.1
100.0,1.0,1.085242358501741,10000.0,71494.0,7864340000.0,55902.0,15592,71494.0,110000.0,B0,11,21,11,0.15149389943221694,0.0008725543787833135,False,1.0,True,4,0.001,0.0,0.47814342424540524,"15to1_15,7,7_minerr"
100.0,65.77398317442457,1.085242358501741,10000.0,22652.0,74495613343.35327,11550.0,11102,71494.0,3288699.1587212286,A,5,21,11,0.15149389943221694,1.0465560919142758,False,1.0,True,7,0.001,0.6831622234033625,0.47814342424540524,"15to1_9,5,5_minerr"
100.0,1.0,1.085242358501741,10000.0,57898.76782155564,6368864460.37112,55902.0,1996.7678215556355,71494.0,110000.0,B,11,21,11,0.15149389943221694,0.0008397314661858881,True,1.0,True,0,0.001,0.190159064794869,0.47814342424540524,cult_d1=5_d2=11scaled_att50
100.0,71.38071262826635,1.085242358501741,10000.0,11821.095153993081,42189909806.928604,11550.0,271.09515399308094,71494.0,3569035.6314133178,C,5,21,11,0.15149389943221694,1.0670069253991863,False,1.0,True,0,0.001,0.8346561228355794,0.47814342424540524,cult_d1=3_d2=7_att3.0
10000.0,1.0,13.381123925552373,10000.0,71494.0,7864340000.0,55902.0,15592,71494.0,110000.0,B0,11,21,11,0.04266156484832033,0.0008725543787833135,False,1.0,True,4,0.001,0.0,0.20622352381783726,"15to1_15,7,7_minerr"
10000.0,608.8973532095636,13.381123925552373,10000.0,14790.0,450279592698.4722,11550.0,3240,71494.0,30444867.66047818,A,5,21,11,0.04266156484832033,1.6029124259414507,False,1.0,True,4,0.001,0.7931294933840602,0.20622352381783726,"15to1_7,3,3_minerr"
10000.0,1.0,13.381123925552373,10000.0,57898.76782155564,6368864460.37112,55902.0,1996.7678215556355,71494.0,110000.0,B,11,21,11,0.04266156484832033,0.0008397314661858881,True,1.0,True,0,0.001,0.190159064794869,0.20622352381783726,cult_d1=5_d2=11scaled_att50
10000.0,8147.730941238005,13.381123925552373,10000.0,11739.954082734186,4782699356430.338,11550.0,189.95408273418565,71494.0,407386547.0619002,C,5,21,11,0.04266156484832033,2.251373688838256,False,1.0,True,0,0.001,0.8357910582323805,0.20622352381783726,cult_d1=3_d2=7_att2.1
100.0,1.0,1.090242058785571,100000.0,93670.0,12177100000.0,78078.0,15592,93670.0,130000.0,B0,13,21,13,0.03486508551135375,0.0008005381547196811,False,0.1,True,4,0.001,0.0,0.12524208313577645,"15to1_15,7,7_minerr"
100.0,80.9921272464494,1.090242058785571,100000.0,26076.0,147836549705.489,22638.0,3438,93670.0,5669448.907251458,A,7,21,13,0.03486508551135375,1.0985879888651173,False,0.1,True,3,0.001,0.7216184477420733,0.12524208313577645,"15to1_9,3,3_minq"
100.0,1.0,1.090242058785571,100000.0,79576.1806091449,10344903479.188837,78078.0,1498.180609144893,93670.0,130000.0,B,13,21,13,0.03486508551135375,0.0009591969944219389,True,0.1,True,0,0.001,0.15046246814193553,0.12524208313577645,cult_d1=5_d2=11scaled_att45
100.0,88.30102355459194,1.090242058785571,100000.0,22810.187440151494,140991402890.6232,22638.0,172.18744015149514,93670.0,6181071.648821436,C,7,21,13,0.03486508551135375,1.1201879248318658,False,0.1,True,0,0.001,0.756483533253427,0.12524208313577645,cult_d1=3_d2=7_att2.7
10000.0,1.0,13.3811239255524,100000.0,93670.0,12177100000.0,78078.0,15592,93670.0,130000.0,B0,13,21,13,0.024493632030882076,0.0008005381547196811,False,0.1,True,4,0.001,0.0,0.09152379576881775,"15to1_15,7,7_minerr"
10000.0,409.27129449342203,13.3811239255524,100000.0,25068.0,718172896725.2772,22638.0,2430,93670.0,28648990.61453954,A,7,21,13,0.024493632030882076,1.5035945619671687,False,0.1,True,3,0.001,0.7323796306181274,0.09152379576881775,"15to1_7,3,3_minerr"
10000.0,1.0,13.3811239255524,100000.0,79576.1806091449,10344903479.188837,78078.0,1498.180609144893,93670.0,130000.0,B,13,21,13,0.024493632030882076,0.0009591969944219389,True,0.1,True,0,0.001,0.15046246814193553,0.09152379576881775,cult_d1=5_d2=11scaled_att45
10000.0,5476.509910787731,13.3811239255524,100000.0,22773.681487667276,8730420466063.305,22638.0,135.68148766727546,93670.0,383355693.7551412,C,7,21,13,0.024493632030882076,2.1520558248639743,False,0.1,True,0,0.001,0.7568732626490096,0.09152379576881775,cult_d1=3_d2=7_att2.1
100.0,1.0,1.2781452476668986,100000.0,115644.0,52039800000.0,103950.0,11694,115644.0,450000.0,B0,15,21,15,0.06689807170532547,0.0005484976484019155,False,0.3,True,3,0.001,0.0,0.25308690801788336,"15to1_15,7,7_minerr"
100.0,76.81725533741385,1.2781452476668986,100000.0,30568.0,493111470842.354,22638.0,7930,115644.0,16131623.62085691,A,7,21,15,0.06689807170532547,1.0853573234474212,False,0.3,True,5,0.001,0.7356715437030887,0.25308690801788336,"15to1_9,5,5_minerr"
100.0,1.0,1.2781452476668986,100000.0,80044.87782547474,31217502351.93515,78078.0,1966.87782547475,115644.0,390000.0,B,13,21,15,0.06689807170532547,0.0009357747529796352,True,0.3,True,0,0.001,0.30783371532051174,0.25308690801788336,cult_d1=5_d2=11scaled_att59
100.0,98.18360984833022,1.2781452476668986,100000.0,22831.639395709342,470755482671.4793,22638.0,193.63939570934352,115644.0,20618558.068149347,C,7,21,15,0.06689807170532547,1.1467098239021523,False,0.3,True,0,0.001,0.8025696154084143,0.25308690801788336,cult_d1=3_d2=7_att3.0
10000.0,1.0,14.855494372499207,100000.0,115644.0,52039800000.0,103950.0,11694,115644.0,450000.0,B0,15,21,15,0.028420484723988542,0.0005484976484019155,False,0.3,True,3,0.001,0.0,0.1260415146272792,"15to1_15,7,7_minerr"
10000.0,472.3056902995282,14.855494372499207,100000.0,26076.0,2586327067852.6045,22638.0,3438,115644.0,99184194.96290092,A,7,21,15,0.028420484723988542,1.5394066062227918,False,0.3,True,3,0.001,0.7745148905260973,0.1260415146272792,"15to1_9,3,3_minq"
10000.0,1.0,14.855494372499207,100000.0,80044.87782547474,31217502351.93515,78078.0,1966.87782547475,115644.0,390000.0,B,13,21,15,0.028420484723988542,0.0009357747529796352,True,0.3,True,0,0.001,0.30783371532051174,0.1260415146272792,cult_d1=5_d2=11scaled_att59
10000.0,7016.334524343994,14.855494372499207,100000.0,22789.34146457907,33578505094047.953,22638.0,151.34146457906795,115644.0,1473430250.112239,C,7,21,15,0.028420484723988542,2.2139990532810048,False,0.3,True,0,0.001,0.8029353752500858,0.1260415146272792,cult_d1=3_d2=7_att2.4
100.0,,2.1441625032511276,100000.0,,,,,287018.0,,B0,,21,17,0.03438635253409879,,,1.0,False,,0.001,nan,0.2993661165867497,
100.0,41.3077876212357,2.1441625032511276,100000.0,32968.0,953284599607.829,22638.0,10330,287018.0,28915451.33486499,A,7,21,17,0.03438635253409879,0.9302627611122205,False,1.0,True,5,0.001,0.8851361238667959,0.2993661165867497,"15to1_11,5,5_minerr"
100.0,1.0,2.1441625032511276,100000.0,80744.66447030379,104968063811.39493,78078.0,2666.664470303791,287018.0,1300000.0,B,13,21,17,0.03438635253409879,0.0009070280036150736,True,1.0,True,0,0.001,0.7186773496076769,0.2993661165867497,cult_d1=5_d2=11scaled_att79
100.0,88.57060930971467,2.1441625032511276,100000.0,23098.497868368035,1432093621238.3516,22638.0,460.4978683680334,287018.0,61999426.51680027,C,7,21,17,0.03438635253409879,1.1209500198030042,False,1.0,True,0,0.001,0.9195224764008946,0.2993661165867497,cult_d1=3_d2=11_att3.2
10000.0,,2.2660389229417865,100000.0,,,,,287018.0,,B0,,21,17,0.026954269782002025,,,1.0,False,,0.001,nan,0.25308690801788336,
10000.0,531.1777074547251,2.2660389229417865,100000.0,30568.0,11365928113033.227,22638.0,7930,287018.0,371824395.2183076,A,7,21,17,0.026954269782002025,1.568774157723417,False,1.0,True,5,0.001,0.8934979687685093,0.25308690801788336,"15to1_9,5,5_minerr"
10000.0,1.0,2.2660389229417865,100000.0,80744.66447030379,104968063811.39493,78078.0,2666.664470303791,287018.0,1300000.0,B,13,21,17,0.026954269782002025,0.0009070280036150736,True,1.0,True,0,0.001,0.7186773496076769,0.25308690801788336,cult_d1=5_d2=11scaled_att79
10000.0,1203.6693600913927,2.2660389229417865,100000.0,22831.639395709342,19237221346889.625,22638.0,193.63939570934352,287018.0,842568552.0639749,C,7,21,17,0.026954269782002025,1.773282492572521,False,1.0,True,0,0.001,0.9204522385505113,0.25308690801788336,cult_d1=3_d2=7_att3.0
100.0,,3.229372980199887,1000000.0,,,,,287018.0,,B0,,21,17,0.02773351906228922,,,0.1,False,,0.001,nan,0.1742332262448043,
100.0,28.908743180303883,3.229372980199887,1000000.0,45686.0,1188652356841.827,37422.0,8264,287018.0,26017868.862273496,A,9,21,17,0.02773351906228922,0.8410360203887992,False,0.1,True,4,0.001,0.8408253140917992,0.1742332262448043,"15to1_11,5,5_minerr"
100.0,1.0,3.229372980199887,1000000.0,106261.10920759662,159391663811.39493,103950.0,2311.1092075966185,287018.0,1500000.0,B,15,21,17,0.02773351906228922,0.0008423289384592873,True,0.1,True,0,0.001,0.6297754523841828,0.1742332262448043,cult_d1=5_d2=11scaled_att79
100.0,93.35711411801111,3.229372980199887,1000000.0,37725.98082577987,3169789827449.6074,37422.0,303.98082577986924,287018.0,84021402.70621,C,9,21,17,0.02773351906228922,1.1341080190420445,False,0.1,True,0,0.001,0.8685588331540883,0.1742332262448043,cult_d1=3_d2=9_att3.9
10000.0,,2.2660389229417865,1000000.0,,,,,287018.0,,B0,,21,17,0.02157840825702554,,,0.1,False,,0.001,nan,0.1415114833687099,
10000.0,371.7381349181024,2.2660389229417865,1000000.0,43766.0,14642542091543.102,37422.0,6344,287018.0,334564321.4262921,A,9,21,17,0.02157840825702554,1.4795474169999958,False,0.1,True,4,0.001,0.8475147900131699,0.1415114833687099,"15to1_9,5,5_minerr"
10000.0,1.0,2.2660389229417865,1000000.0,106261.10920759662,159391663811.39493,103950.0,2311.1092075966185,287018.0,1500000.0,B,15,21,17,0.02157840825702554,0.0008423289384592873,True,0.1,True,0,0.001,0.6297754523841828,0.1415114833687099,cult_d1=5_d2=11scaled_att79
10000.0,842.3730828662053,2.2660389229417865,1000000.0,37572.608418885044,28485138586626.844,37422.0,150.60841888504496,287018.0,758135774.5795848,C,9,21,17,0.02157840825702554,1.6840557518490997,False,0.1,True,0,0.001,0.8690931982701955,0.1415114833687099,cult_d1=3_d2=7_att3.0
100.0,,1.2194834243790071,1000000.0,,,,,287018.0,,B0,,21,17,0.02495354547516681,,,0.3,False,,0.001,nan,0.15676830353262328,
100.0,43.85184218353248,1.2194834243790071,1000000.0,45686.0,5409221207391.535,37422.0,8264,287018.0,118399973.8955377,A,9,21,17,0.02495354547516681,0.94520418224068,False,0.3,True,4,0.001,0.8408253140917992,0.15676830353262328,"15to1_11,5,5_minerr"
100.0,1.0,1.2194834243790071,1000000.0,107923.78039519554,485657011778.37994,103950.0,3973.7803951955398,287018.0,4500000.0,B,15,21,17,0.02495354547516681,0.0009820877517984895,True,0.3,True,0,0.001,0.623982536303662,0.15676830353262328,cult_d1=5_d2=11scaled_att137
100.0,53.47659467130199,1.2194834243790071,1000000.0,38523.88328480857,5562340447282.885,37422.0,1101.8832848085735,287018.0,144386805.61251536,C,9,21,17,0.02495354547516681,0.9948110188497621,True,0.3,True,0,0.001,0.865778859566966,0.15676830353262328,cult_d1=5_d2=11scaled_att23
10000.0,,55.47793449433775,1000000.0,,,,,287018.0,,B0,,21,17,0.028121517774499352,,,0.3,False,,0.001,nan,0.17667079167800326,
10000.0,43.85184218353248,55.47793449433775,1000000.0,45686.0,5409221207391.535,37422.0,8264,287018.0,118399973.8955377,A,9,21,17,0.028121517774499352,0.94520418224068,False,0.3,True,4,0.001,0.8408253140917992,0.17667079167800326,"15to1_11,5,5_minerr"
10000.0,1.0,55.47793449433775,1000000.0,107923.78039519554,485657011778.37994,103950.0,3973.7803951955398,287018.0,4500000.0,B,15,21,17,0.028121517774499352,0.0009820877517984895,True,0.3,True,0,0.001,0.623982536303662,0.17667079167800326,cult_d1=5_d2=11scaled_att137
10000.0,2432.809628114052,55.47793449433775,1000000.0,37614.618211398745,247074854424817.56,37422.0,192.61821139874564,287018.0,6568585995.90794,C,9,21,17,0.028121517774499352,1.949200523495487,False,0.3,True,0,0.001,0.8689468318662985,0.17667079167800326,cult_d1=3_d2=7_att3.9
100.0,,3.0832627144209703,1000000.0,,,,,287018.0,,B0,,21,17,0.0635553723449299,,,1.0,False,,0.001,nan,0.32052178555835487,
100.0,25.061006223188738,3.0832627144209703,1000000.0,56912.0,12836447875567.057,37422.0,19490,287018.0,225549056.00869864,A,9,21,17,0.0635553723449299,0.805328275305808,False,1.0,True,5,0.001,0.8017127845640343,0.32052178555835487,"15to1_15,7,7_minerr"
100.0,1.0,3.0832627144209703,1000000.0,137573.24150390117,2338745105566.32,133518.0,4055.241503901165,287018.0,17000000.0,B,17,21,17,0.0635553723449299,0.0009998071841219396,True,1.0,True,0,0.001,0.5206807882993361,0.32052178555835487,cult_d1=5_d2=11scaled_att158
100.0,77.26966607382974,3.0832627144209703,1000000.0,38670.46414030291,26892484659370.92,37422.0,1248.464140302907,287018.0,695426994.6644677,C,9,21,17,0.0635553723449299,1.086825365096533,True,1.0,True,0,0.001,0.8652681569089642,0.32052178555835487,cult_d1=5_d2=11scaled_att26
10000.0,,18.420455727525233,1000000.0,,,,,287018.0,,B0,,21,17,0.025027019511814186,,,1.0,False,,0.001,nan,0.1572298972604711,
10000.0,188.51375874029128,18.420455727525233,1000000.0,45686.0,77511956236280.53,37422.0,8264,287018.0,1696623828.6626215,A,9,21,17,0.025027019511814186,1.309792748722263,False,1.0,True,4,0.001,0.8408253140917992,0.1572298972604711,"15to1_11,5,5_minerr"
10000.0,1.0,18.420455727525233,1000000.0,137573.24150390117,2338745105566.32,133518.0,4055.241503901165,287018.0,17000000.0,B,17,21,17,0.025027019511814186,0.0009998071841219396,True,1.0,True,0,0.001,0.5206807882993361,0.1572298972604711,cult_d1=5_d2=11scaled_att158
10000.0,3472.5093469049084,18.420455727525233,1000000.0,38502.794913758116,1203311836979890.5,37422.0,1080.7949137581163,287018.0,31252584122.144176,C,9,21,17,0.025027019511814186,2.0381581915795386,False,1.0,True,0,0.001,0.8658523336036132,0.1572298972604711,cult_d1=5_d2=11_att22.3
100.0,,1.8863341808946943,100000000.0,,,,,320282.0,,B0,,21,19,0.044004406713006365,,,0.1,False,,0.001,nan,0.15046246814193553,
100.0,24.58539626458789,1.8863341808946943,100000000.0,93670.0,299378828853513.2,78078.0,15592,320282.0,3196101514.3964257,A,13,21,19,0.044004406713006365,0.8005381547196811,False,0.1,True,4,0.001,0.7075389812727534,0.15046246814193553,"15to1_15,7,7_minerr"
100.0,,1.8863341808946943,100000000.0,,,,,320282.0,,B,,21,19,0.044004406713006365,,,0.1,False,,0.001,nan,0.15046246814193553,
100.0,46.37627332473287,1.8863341808946943,100000000.0,79576.1806091449,479758071268841.5,78078.0,1498.180609144893,320282.0,6028915532.215273,C,13,21,19,0.044004406713006365,0.959196994421939,True,0.1,True,0,0.001,0.7515433879857598,0.15046246814193553,cult_d1=5_d2=11scaled_att45
10000.0,,151.35330066367297,100000000.0,,,,,320282.0,,B0,,21,19,0.045320063557679535,,,0.1,False,,0.001,nan,0.15496103978200826,
10000.0,24.58539626458789,151.35330066367297,100000000.0,93670.0,299378828853513.2,78078.0,15592,320282.0,3196101514.3964257,A,13,21,19,0.045320063557679535,0.8005381547196811,False,0.1,True,4,0.001,0.7075389812727534,0.15496103978200826,"15to1_15,7,7_minerr"
10000.0,,151.35330066367297,100000000.0,,,,,320282.0,,B,,21,19,0.045320063557679535,,,0.1,False,,0.001,nan,0.15496103978200826,
10000.0,3721.080872769713,151.35330066367297,100000000.0,79154.79940361928,3.829038330633506e+16,78078.0,1076.7994036192817,320282.0,483740513460.0627,C,13,21,19,0.045320063557679535,2.055442365564946,True,0.1,True,0,0.001,0.7528590448304329,0.15496103978200826,cult_d1=5_d2=11scaled_att32
100.0,,0.6744383886995143,100000000.0,,,,,320282.0,,B0,,21,19,0.04340683281581376,,,0.3,False,,0.001,nan,0.14841920815538023,
100.0,91.1274873806569,0.6744383886995143,100000000.0,93670.0,3329005579748991.5,78078.0,15592,320282.0,35539720078.45619,A,13,21,19,0.04340683281581376,1.1280648715786645,False,0.3,True,4,0.001,0.7075389812727534,0.14841920815538023,"15to1_15,7,7_minerr"
100.0,,0.6744383886995143,100000000.0,,,,,320282.0,,B,,21,19,0.04340683281581376,,,0.3,False,,0.001,nan,0.14841920815538023,
100.0,61.45987575524557,0.6744383886995143,100000000.0,79767.57277208554,1911976993629255.8,78078.0,1689.5727720855377,320282.0,23969351544.545773,C,13,21,19,0.04340683281581376,1.0295961337863884,True,0.3,True,0,0.001,0.7509458140885672,0.14841920815538023,cult_d1=5_d2=11scaled_att50
10000.0,,6.712061128222167,100000000.0,,,,,320282.0,,B0,,21,19,0.044004406713006365,,,0.3,False,,0.001,nan,0.15046246814193553,
10000.0,91.1274873806569,6.712061128222167,100000000.0,93670.0,3329005579748991.5,78078.0,15592,320282.0,35539720078.45619,A,13,21,19,0.044004406713006365,1.1280648715786645,False,0.3,True,4,0.001,0.7075389812727534,0.15046246814193553,"15to1_15,7,7_minerr"
10000.0,,6.712061128222167,100000000.0,,,,,320282.0,,B,,21,19,0.044004406713006365,,,0.3,False,,0.001,nan,0.15046246814193553,
10000.0,611.6532657602633,6.712061128222167,100000000.0,79576.1806091449,1.8982481991061684e+16,78078.0,1498.180609144893,320282.0,238544773646.50266,C,13,21,19,0.044004406713006365,1.604041390685438,True,0.3,True,0,0.001,0.7515433879857598,0.15046246814193553,cult_d1=5_d2=11scaled_att45
100.0,,nan,100000000.0,,,,,320282.0,,B0,,21,19,nan,,,1.0,False,,0.001,nan,nan,
100.0,,nan,100000000.0,,,,,320282.0,,A,,21,19,nan,,,1.0,False,,0.001,nan,nan,
100.0,,nan,100000000.0,,,,,320282.0,,B,,21,19,nan,,,1.0,False,,0.001,nan,nan,
100.0,37.641682535935054,nan,100000000.0,80744.66447030379,3951174534400300.5,78078.0,2666.664470303791,320282.0,48934187296.71557,C,13,21,19,nan,0.9070280036150736,True,1.0,True,0,0.001,0.7478950909813733,nan,cult_d1=5_d2=11scaled_att79
10000.0,,0.269034271567978,100000000.0,,,,,320282.0,,B0,,21,19,0.04340683281581376,,,1.0,False,,0.001,nan,0.14841920815538023,
10000.0,8934.125259385088,0.269034271567978,100000000.0,93670.0,1.0879173669605815e+18,78078.0,15592,320282.0,11614362837200.613,A,13,21,19,0.04340683281581376,2.2744083805851067,False,1.0,True,4,0.001,0.7075389812727534,0.14841920815538023,"15to1_15,7,7_minerr"
10000.0,,0.269034271567978,100000000.0,,,,,320282.0,,B,,21,19,0.04340683281581376,,,1.0,False,,0.001,nan,0.14841920815538023,
10000.0,2403.5858812557394,0.269034271567978,100000000.0,79767.57277208554,2.492466752061319e+17,78078.0,1689.5727720855377,320282.0,3124661645632.4614,C,13,21,19,0.04340683281581376,1.9461792546108527,True,1.0,True,0,0.001,0.7509458140885672,0.14841920815538023,cult_d1=5_d2=11scaled_att50
100.0,,nan,10000000000.0,,,,,439898.0,,B0,,21,23,nan,,,0.1,False,,0.001,nan,nan,
100.0,,nan,10000000000.0,,,,,439898.0,,A,,21,23,nan,,,0.1,False,,0.001,nan,nan,
100.0,,nan,10000000000.0,,,,,439898.0,,B,,21,23,nan,,,0.1,False,,0.001,nan,nan,
100.0,53.42831810320173,nan,10000000000.0,170410.37397717472,1.7299005370982317e+17,166782.0,3628.3739771747264,439898.0,1015138043960.8329,C,19,21,23,nan,0.9945852267410134,True,0.1,True,0,0.001,0.6126138923632871,nan,cult_d1=5_d2=11scaled_att158
10000.0,,nan,10000000000.0,,,,,439898.0,,B0,,21,23,nan,,,0.1,False,,0.001,nan,nan,
10000.0,,nan,10000000000.0,,,,,439898.0,,A,,21,23,nan,,,0.1,False,,0.001,nan,nan,
10000.0,,nan,10000000000.0,,,,,439898.0,,B,,21,23,nan,,,0.1,False,,0.001,nan,nan,
10000.0,5551.1188685630395,nan,10000000000.0,136526.019369925,1.2883826756961292e+19,133518.0,3008.0193699250003,439898.0,94369020765571.67,C,17,21,23,nan,2.155438696090408,True,0.1,True,0,0.001,0.6896416456316579,nan,cult_d1=5_d2=11scaled_att117
100.0,,nan,10000000000.0,,,,,439898.0,,B0,,21,23,nan,,,0.3,False,,0.001,nan,nan,
100.0,,nan,10000000000.0,,,,,439898.0,,A,,21,23,nan,,,0.3,False,,0.001,nan,nan,
100.0,,nan,10000000000.0,,,,,439898.0,,B,,21,23,nan,,,0.3,False,,0.001,nan,nan,
100.0,,nan,10000000000.0,,,,,439898.0,,C,,21,23,nan,,,0.3,False,,0.001,nan,nan,
10000.0,,nan,10000000000.0,,,,,439898.0,,B0,,21,23,nan,,,0.3,False,,0.001,nan,nan,
10000.0,,nan,10000000000.0,,,,,439898.0,,A,,21,23,nan,,,0.3,False,,0.001,nan,nan,
10000.0,,nan,10000000000.0,,,,,439898.0,,B,,21,23,nan,,,0.3,False,,0.001,nan,nan,
10000.0,,nan,10000000000.0,,,,,439898.0,,C,,21,23,nan,,,0.3,False,,0.001,nan,nan,
100.0,,nan,10000000000.0,,,,,439898.0,,B0,,21,23,nan,,,1.0,False,,0.001,nan,nan,
100.0,,nan,10000000000.0,,,,,439898.0,,A,,21,23,nan,,,1.0,False,,0.001,nan,nan,
100.0,,nan,10000000000.0,,,,,439898.0,,B,,21,23,nan,,,1.0,False,,0.001,nan,nan,
100.0,,nan,10000000000.0,,,,,439898.0,,C,,21,23,nan,,,1.0,False,,0.001,nan,nan,
10000.0,,nan,10000000000.0,,,,,439898.0,,B0,,21,23,nan,,,1.0,False,,0.001,nan,nan,
10000.0,,nan,10000000000.0,,,,,439898.0,,A,,21,23,nan,,,1.0,False,,0.001,nan,nan,
10000.0,,nan,10000000000.0,,,,,439898.0,,B,,21,23,nan,,,1.0,False,,0.001,nan,nan,
10000.0,,nan,10000000000.0,,,,,439898.0,,C,,21,23,nan,,,1.0,False,,0.001,nan,nan,
100.0,1.0,1.2961320784980785,10000.0,71494.0,786434000.0,55902.0,15592,71494.0,11000.0,B0,11,25,11,0.04266156484832033,0.000725167356196771,False,0.1,True,4,0.001,0.0,0.20622352381783726,"15to1_15,7,7_minerr"
100.0,64.0812961332837,1.2961320784980785,10000.0,14790.0,4738811849.05633,11550.0,3240,71494.0,320406.4806664185,A,5,25,11,0.04266156484832033,1.040038132338651,False,0.1,True,4,0.001,0.7931294933840602,0.20622352381783726,"15to1_7,3,3_minerr"
100.0,1.0,1.2961320784980785,10000.0,57041.34034792552,627454743.8271807,55902.0,1139.340347925524,71494.0,11000.0,B,11,25,11,0.04266156484832033,0.0009148856410872238,True,0.1,True,0,0.001,0.20215206383856654,0.20622352381783726,cult_d1=5_d2=11scaled_att29
100.0,83.05782355008388,1.2961320784980785,10000.0,11739.954082734186,4875475173.449115,11550.0,189.95408273418565,71494.0,415289.1177504194,C,5,25,11,0.04266156484832033,1.1048842586283314,False,0.1,True,0,0.001,0.8357910582323805,0.20622352381783726,cult_d1=3_d2=7_att2.1
10000.0,1.0,1.5464483516651366,10000.0,71494.0,786434000.0,55902.0,15592,71494.0,11000.0,B0,11,25,11,0.026814544595579123,0.000725167356196771,False,0.1,True,4,0.001,0.0,0.1405689288250721,"15to1_15,7,7_minerr"
10000.0,2255.8393098990136,1.5464483516651366,10000.0,13638.0,153825682542.01373,11550.0,2088,71494.0,11279196.549495067,A,5,25,11,0.026814544595579123,1.9303193455498702,False,0.1,True,4,0.001,0.8092427336559711,0.1405689288250721,"15to1_5,3,3_minerr"
10000.0,1.0,1.5464483516651366,10000.0,57041.34034792552,627454743.8271807,55902.0,1139.340347925524,71494.0,11000.0,B,11,25,11,0.026814544595579123,0.0009148856410872238,True,0.1,True,0,0.001,0.20215206383856654,0.1405689288250721,cult_d1=5_d2=11scaled_att29
10000.0,3488.5389824147487,1.5464483516651366,10000.0,11720.920948683666,204444448196.42313,11550.0,170.9209486836671,71494.0,17442694.912073743,C,5,25,11,0.026814544595579123,2.0393095744665044,False,0.1,True,0,0.001,0.8360572782515503,0.1405689288250721,cult_d1=3_d2=7_att1.9
100.0,1.0,1.3097509161928333,10000.0,71494.0,2359302000.0,55902.0,15592,71494.0,33000.0,B0,11,25,11,0.07718300765923441,0.0007579200278826693,False,0.3,True,4,0.001,0.0,0.3193357609716033,"15to1_15,7,7_minerr"
100.0,65.00585527918854,1.3097509161928333,10000.0,17280.0,16849517688.36567,11550.0,5730,71494.0,975087.8291878281,A,5,25,11,0.07718300765923441,1.0436193367642133,False,0.3,True,5,0.001,0.758301395921336,0.3193357609716033,"15to1_9,3,3_minq"
100.0,1.0,1.3097509161928333,10000.0,57323.291204081295,1891668609.7346828,55902.0,1421.2912040812942,71494.0,33000.0,B,11,25,11,0.07718300765923441,0.000981732058355132,True,0.3,True,0,0.001,0.19820836428118027,0.3193357609716033,cult_d1=5_d2=11scaled_att36
100.0,85.14147850981593,1.3097509161928333,10000.0,11761.878050410694,15021355308.961765,11550.0,211.87805041069515,71494.0,1277122.1776472388,C,5,25,11,0.07718300765923441,1.1110785814700346,False,0.3,True,0,0.001,0.8354844035805704,0.3193357609716033,cult_d1=3_d2=7_att2.4
10000.0,1.0,2.1774479273033007,10000.0,71494.0,2359302000.0,55902.0,15592,71494.0,33000.0,B0,11,25,11,0.04266156484832033,0.0007579200278826693,False,0.3,True,4,0.001,0.0,0.20622352381783726,"15to1_15,7,7_minerr"
10000.0,105.68735289583937,2.1774479273033007,10000.0,14790.0,23446739239.941963,11550.0,3240,71494.0,1585310.2934375906,A,5,25,11,0.04266156484832033,1.1651213086948287,False,0.3,True,4,0.001,0.7931294933840602,0.20622352381783726,"15to1_7,3,3_minerr"
10000.0,1.0,2.1774479273033007,10000.0,57323.291204081295,1891668609.7346828,55902.0,1421.2912040812942,71494.0,33000.0,B,11,25,11,0.04266156484832033,0.000981732058355132,True,0.3,True,0,0.001,0.19820836428118027,0.20622352381783726,cult_d1=5_d2=11scaled_att36
10000.0,230.12870750521793,2.1774479273033007,10000.0,11739.954082734186,40525506888.45337,11550.0,189.95408273418565,71494.0,3451930.612578269,C,5,25,11,0.04266156484832033,1.3596596875638702,False,0.3,True,0,0.001,0.8357910582323805,0.20622352381783726,cult_d1=3_d2=7_att2.1
100.0,1.0,1.085242358501741,10000.0,71494.0,7864340000.0,55902.0,15592,71494.0,110000.0,B0,11,25,11,0.15149389943221694,0.0008725543787833135,False,1.0,True,4,0.001,0.0,0.47814342424540524,"15to1_15,7,7_minerr"
100.0,65.77398317442457,1.085242358501741,10000.0,22652.0,74495613343.35327,11550.0,11102,71494.0,3288699.1587212286,A,5,25,11,0.15149389943221694,1.0465560919142758,False,1.0,True,7,0.001,0.6831622234033625,0.47814342424540524,"15to1_9,5,5_minerr"
100.0,1.0,1.085242358501741,10000.0,57898.76782155564,6368864460.37112,55902.0,1996.7678215556355,71494.0,110000.0,B,11,25,11,0.15149389943221694,0.0008397314661858881,True,1.0,True,0,0.001,0.190159064794869,0.47814342424540524,cult_d1=5_d2=11scaled_att50
100.0,71.38071262826635,1.085242358501741,10000.0,11821.095153993081,42189909806.928604,11550.0,271.09515399308094,71494.0,3569035.6314133178,C,5,25,11,0.15149389943221694,1.0670069253991863,False,1.0,True,0,0.001,0.8346561228355794,0.47814342424540524,cult_d1=3_d2=7_att3.0
10000.0,1.0,13.381123925552373,10000.0,71494.0,7864340000.0,55902.0,15592,71494.0,110000.0,B0,11,25,11,0.04266156484832033,0.0008725543787833135,False,1.0,True,4,0.001,0.0,0.20622352381783726,"15to1_15,7,7_minerr"
10000.0,608.8973532095636,13.381123925552373,10000.0,14790.0,450279592698.4722,11550.0,3240,71494.0,30444867.66047818,A,5,25,11,0.04266156484832033,1.6029124259414507,False,1.0,True,4,0.001,0.7931294933840602,0.20622352381783726,"15to1_7,3,3_minerr"
10000.0,1.0,13.381123925552373,10000.0,57898.76782155564,6368864460.37112,55902.0,1996.7678215556355,71494.0,110000.0,B,11,25,11,0.04266156484832033,0.0008397314661858881,True,1.0,True,0,0.001,0.190159064794869,0.20622352381783726,cult_d1=5_d2=11scaled_att50
10000.0,8147.730941238005,13.381123925552373,10000.0,11739.954082734186,4782699356430.338,11550.0,189.95408273418565,71494.0,407386547.0619002,C,5,25,11,0.04266156484832033,2.251373688838256,False,1.0,True,0,0.001,0.8357910582323805,0.20622352381783726,cult_d1=3_d2=7_att2.1
100.0,1.0,1.090242058785571,100000.0,93670.0,12177100000.0,78078.0,15592,93670.0,130000.0,B0,13,25,13,0.03486508551135375,0.0008005381547196811,False,0.1,True,4,0.001,0.0,0.12524208313577645,"15to1_15,7,7_minerr"
100.0,80.9921272464494,1.090242058785571,100000.0,26076.0,147836549705.489,22638.0,3438,93670.0,5669448.907251458,A,7,25,13,0.03486508551135375,1.0985879888651173,False,0.1,True,3,0.001,0.7216184477420733,0.12524208313577645,"15to1_9,3,3_minq"
100.0,1.0,1.090242058785571,100000.0,79576.1806091449,10344903479.188837,78078.0,1498.180609144893,93670.0,130000.0,B,13,25,13,0.03486508551135375,0.0009591969944219389,True,0.1,True,0,0.001,0.15046246814193553,0.12524208313577645,cult_d1=5_d2=11scaled_att45
100.0,88.30102355459194,1.090242058785571,100000.0,22810.187440151494,140991402890.6232,22638.0,172.18744015149514,93670.0,6181071.648821436,C,7,25,13,0.03486508551135375,1.1201879248318658,False,0.1,True,0,0.001,0.756483533253427,0.12524208313577645,cult_d1=3_d2=7_att2.7
10000.0,1.0,13.3811239255524,100000.0,93670.0,12177100000.0,78078.0,15592,93670.0,130000.0,B0,13,25,13,0.024493632030882076,0.0008005381547196811,False,0.1,True,4,0.001,0.0,0.09152379576881775,"15to1_15,7,7_minerr"
10000.0,409.27129449342203,13.3811239255524,100000.0,25068.0,718172896725.2772,22638.0,2430,93670.0,28648990.61453954,A,7,25,13,0.024493632030882076,1.5035945619671687,False,0.1,True,3,0.001,0.7323796306181274,0.09152379576881775,"15to1_7,3,3_minerr"
10000.0,1.0,13.3811239255524,100000.0,79576.1806091449,10344903479.188837,78078.0,1498.180609144893,93670.0,130000.0,B,13,25,13,0.024493632030882076,0.0009591969944219389,True,0.1,True,0,0.001,0.15046246814193553,0.09152379576881775,cult_d1=5_d2=11scaled_att45
10000.0,5476.509910787731,13.3811239255524,100000.0,22773.681487667276,8730420466063.305,22638.0,135.68148766727546,93670.0,383355693.7551412,C,7,25,13,0.024493632030882076,2.1520558248639743,False,0.1,True,0,0.001,0.7568732626490096,0.09152379576881775,cult_d1=3_d2=7_att2.1
100.0,1.0,1.2781452476668986,100000.0,115644.0,52039800000.0,103950.0,11694,115644.0,450000.0,B0,15,25,15,0.06689807170532547,0.0005484976484019155,False,0.3,True,3,0.001,0.0,0.25308690801788336,"15to1_15,7,7_minerr"
100.0,76.81725533741385,1.2781452476668986,100000.0,30568.0,493111470842.354,22638.0,7930,115644.0,16131623.62085691,A,7,25,15,0.06689807170532547,1.0853573234474212,False,0.3,True,5,0.001,0.7356715437030887,0.25308690801788336,"15to1_9,5,5_minerr"
100.0,1.0,1.2781452476668986,100000.0,80044.87782547474,31217502351.93515,78078.0,1966.87782547475,115644.0,390000.0,B,13,25,15,0.06689807170532547,0.0009357747529796352,True,0.3,True,0,0.001,0.30783371532051174,0.25308690801788336,cult_d1=5_d2=11scaled_att59
100.0,98.18360984833022,1.2781452476668986,100000.0,22831.639395709342,470755482671.4793,22638.0,193.63939570934352,115644.0,20618558.068149347,C,7,25,15,0.06689807170532547,1.1467098239021523,False,0.3,True,0,0.001,0.8025696154084143,0.25308690801788336,cult_d1=3_d2=7_att3.0
10000.0,1.0,14.855494372499207,100000.0,115644.0,52039800000.0,103950.0,11694,115644.0,450000.0,B0,15,25,15,0.028420484723988542,0.0005484976484019155,False,0.3,True,3,0.001,0.0,0.1260415146272792,"15to1_15,7,7_minerr"
10000.0,472.3056902995282,14.855494372499207,100000.0,26076.0,2586327067852.6045,22638.0,3438,115644.0,99184194.96290092,A,7,25,15,0.028420484723988542,1.5394066062227918,False,0.3,True,3,0.001,0.7745148905260973,0.1260415146272792,"15to1_9,3,3_minq"
10000.0,1.0,14.855494372499207,100000.0,80044.87782547474,31217502351.93515,78078.0,1966.87782547475,115644.0,390000.0,B,13,25,15,0.028420484723988542,0.0009357747529796352,True,0.3,True,0,0.001,0.30783371532051174,0.1260415146272792,cult_d1=5_d2=11scaled_att59
10000.0,7016.334524343994,14.855494372499207,100000.0,22789.34146457907,33578505094047.953,22638.0,151.34146457906795,115644.0,1473430250.112239,C,7,25,15,0.028420484723988542,2.2139990532810048,False,0.3,True,0,0.001,0.8029353752500858,0.1260415146272792,cult_d1=3_d2=7_att2.4
100.0,1.0,2.1441625032511276,100000.0,287018.0,487930600000.0,133518.0,153500,287018.0,1700000.0,B0,17,25,17,0.03438635253409879,5.409503699889209e-06,False,1.0,True,5,0.001,0.0,0.2993661165867497,"Litinski_2lvl_11,5,5x25,11,11"
100.0,41.3077876212357,2.1441625032511276,100000.0,32968.0,953284599607.829,22638.0,10330,287018.0,28915451.33486499,A,7,25,17,0.03438635253409879,0.9302627611122205,False,1.0,True,5,0.001,0.8851361238667959,0.2993661165867497,"15to1_11,5,5_minerr"
100.0,1.0,2.1441625032511276,100000.0,80744.66447030379,104968063811.39493,78078.0,2666.664470303791,287018.0,1300000.0,B,13,25,17,0.03438635253409879,0.0009070280036150736,True,1.0,True,0,0.001,0.7186773496076769,0.2993661165867497,cult_d1=5_d2=11scaled_att79
100.0,88.57060930971467,2.1441625032511276,100000.0,23098.497868368035,1432093621238.3516,22638.0,460.4978683680334,287018.0,61999426.51680027,C,7,25,17,0.03438635253409879,1.1209500198030042,False,1.0,True,0,0.001,0.9195224764008946,0.2993661165867497,cult_d1=3_d2=11_att3.2
10000.0,1.0,2.2660389229417865,100000.0,287018.0,487930600000.0,133518.0,153500,287018.0,1700000.0,B0,17,25,17,0.026954269782002025,5.409503699889209e-06,False,1.0,True,5,0.001,0.0,0.25308690801788336,"Litinski_2lvl_11,5,5x25,11,11"
10000.0,531.1777074547251,2.2660389229417865,100000.0,30568.0,11365928113033.227,22638.0,7930,287018.0,371824395.2183076,A,7,25,17,0.026954269782002025,1.568774157723417,False,1.0,True,5,0.001,0.8934979687685093,0.25308690801788336,"15to1_9,5,5_minerr"
10000.0,1.0,2.2660389229417865,100000.0,80744.66447030379,104968063811.39493,78078.0,2666.664470303791,287018.0,1300000.0,B,13,25,17,0.026954269782002025,0.0009070280036150736,True,1.0,True,0,0.001,0.7186773496076769,0.25308690801788336,cult_d1=5_d2=11scaled_att79
10000.0,1203.6693600913927,2.2660389229417865,100000.0,22831.639395709342,19237221346889.625,22638.0,193.63939570934352,287018.0,842568552.0639749,C,7,25,17,0.026954269782002025,1.773282492572521,False,1.0,True,0,0.001,0.9204522385505113,0.25308690801788336,cult_d1=3_d2=7_att3.0
100.0,1.0,3.229372980199887,1000000.0,287018.0,487930600000.0,133518.0,153500,287018.0,1700000.0,B0,17,25,17,0.02773351906228922,5.1665036998892097e-05,False,0.1,True,5,0.001,0.0,0.1742332262448043,"Litinski_2lvl_11,5,5x25,11,11"
100.0,28.908743180303883,3.229372980199887,1000000.0,45686.0,1188652356841.827,37422.0,8264,287018.0,26017868.862273496,A,9,25,17,0.02773351906228922,0.8410360203887992,False,0.1,True,4,0.001,0.8408253140917992,0.1742332262448043,"15to1_11,5,5_minerr"
100.0,1.0,3.229372980199887,1000000.0,106261.10920759662,159391663811.39493,103950.0,2311.1092075966185,287018.0,1500000.0,B,15,25,17,0.02773351906228922,0.0008423289384592873,True,0.1,True,0,0.001,0.6297754523841828,0.1742332262448043,cult_d1=5_d2=11scaled_att79
100.0,93.35711411801111,3.229372980199887,1000000.0,37725.98082577987,3169789827449.6074,37422.0,303.98082577986924,287018.0,84021402.70621,C,9,25,17,0.02773351906228922,1.1341080190420445,False,0.1,True,0,0.001,0.8685588331540883,0.1742332262448043,cult_d1=3_d2=9_att3.9
10000.0,1.0,2.2660389229417865,1000000.0,287018.0,487930600000.0,133518.0,153500,287018.0,1700000.0,B0,17,25,17,0.02157840825702554,5.1665036998892097e-05,False,0.1,True,5,0.001,0.0,0.1415114833687099,"Litinski_2lvl_11,5,5x25,11,11"
10000.0,371.7381349181024,2.2660389229417865,1000000.0,43766.0,14642542091543.102,37422.0,6344,287018.0,334564321.4262921,A,9,25,17,0.02157840825702554,1.4795474169999958,False,0.1,True,4,0.001,0.8475147900131699,0.1415114833687099,"15to1_9,5,5_minerr"
10000.0,1.0,2.2660389229417865,1000000.0,106261.10920759662,159391663811.39493,103950.0,2311.1092075966185,287018.0,1500000.0,B,15,25,17,0.02157840825702554,0.0008423289384592873,True,0.1,True,0,0.001,0.6297754523841828,0.1415114833687099,cult_d1=5_d2=11scaled_att79
10000.0,842.3730828662053,2.2660389229417865,1000000.0,37572.608418885044,28485138586626.844,37422.0,150.60841888504496,287018.0,758135774.5795848,C,9,25,17,0.02157840825702554,1.6840557518490997,False,0.1,True,0,0.001,0.8690931982701955,0.1415114833687099,cult_d1=3_d2=7_att3.0
100.0,1.0,1.2194834243790071,1000000.0,287018.0,1463791800000.0,133518.0,153500,287018.0,5100000.0,B0,17,25,17,0.02495354547516681,5.2205036998892095e-05,False,0.3,True,5,0.001,0.0,0.15676830353262328,"Litinski_2lvl_11,5,5x25,11,11"
100.0,43.85184218353248,1.2194834243790071,1000000.0,45686.0,5409221207391.535,37422.0,8264,287018.0,118399973.8955377,A,9,25,17,0.02495354547516681,0.94520418224068,False,0.3,True,4,0.001,0.8408253140917992,0.15676830353262328,"15to1_11,5,5_minerr"
100.0,1.0,1.2194834243790071,1000000.0,107923.78039519554,485657011778.37994,103950.0,3973.7803951955398,287018.0,4500000.0,B,15,25,17,0.02495354547516681,0.0009820877517984895,True,0.3,True,0,0.001,0.623982536303662,0.15676830353262328,cult_d1=5_d2=11scaled_att137
100.0,53.47659467130199,1.2194834243790071,1000000.0,38523.88328480857,5562340447282.885,37422.0,1101.8832848085735,287018.0,144386805.61251536,C,9,25,17,0.02495354547516681,0.9948110188497621,True,0.3,True,0,0.001,0.865778859566966,0.15676830353262328,cult_d1=5_d2=11scaled_att23
10000.0,1.0,55.47793449433775,1000000.0,287018.0,1463791800000.0,133518.0,153500,287018.0,5100000.0,B0,17,25,17,0.028121517774499352,5.2205036998892095e-05,False,0.3,True,5,0.001,0.0,0.17667079167800326,"Litinski_2lvl_11,5,5x25,11,11"
10000.0,43.85184218353248,55.47793449433775,1000000.0,45686.0,5409221207391.535,37422.0,8264,287018.0,118399973.8955377,A,9,25,17,0.028121517774499352,0.94520418224068,False,0.3,True,4,0.001,0.8408253140917992,0.17667079167800326,"15to1_11,5,5_minerr"
10000.0,1.0,55.47793449433775,1000000.0,107923.78039519554,485657011778.37994,103950.0,3973.7803951955398,287018.0,4500000.0,B,15,25,17,0.028121517774499352,0.0009820877517984895,True,0.3,True,0,0.001,0.623982536303662,0.17667079167800326,cult_d1=5_d2=11scaled_att137
10000.0,2432.809628114052,55.47793449433775,1000000.0,37614.618211398745,247074854424817.56,37422.0,192.61821139874564,287018.0,6568585995.90794,C,9,25,17,0.028121517774499352,1.949200523495487,False,0.3,True,0,0.001,0.8689468318662985,0.17667079167800326,cult_d1=3_d2=7_att3.9
100.0,1.0,3.0832627144209703,1000000.0,287018.0,4879306000000.0,133518.0,153500,287018.0,17000000.0,B0,17,25,17,0.0635553723449299,5.409503699889209e-05,False,1.0,True,5,0.001,0.0,0.32052178555835487,"Litinski_2lvl_11,5,5x25,11,11"
100.0,25.061006223188738,3.0832627144209703,1000000.0,56912.0,12836447875567.057,37422.0,19490,287018.0,225549056.00869864,A,9,25,17,0.0635553723449299,0.805328275305808,False,1.0,True,5,0.001,0.8017127845640343,0.32052178555835487,"15to1_15,7,7_minerr"
100.0,1.0,3.0832627144209703,1000000.0,137573.24150390117,2338745105566.32,133518.0,4055.241503901165,287018.0,17000000.0,B,17,25,17,0.0635553723449299,0.0009998071841219396,True,1.0,True,0,0.001,0.5206807882993361,0.32052178555835487,cult_d1=5_d2=11scaled_att158
100.0,77.26966607382974,3.0832627144209703,1000000.0,38670.46414030291,26892484659370.92,37422.0,1248.464140302907,287018.0,695426994.6644677,C,9,25,17,0.0635553723449299,1.086825365096533,True,1.0,True,0,0.001,0.8652681569089642,0.32052178555835487,cult_d1=5_d2=11scaled_att26
10000.0,1.0,18.420455727525233,1000000.0,287018.0,4879306000000.0,133518.0,153500,287018.0,17000000.0,B0,17,25,17,0.025027019511814186,5.409503699889209e-05,False,1.0,True,5,0.001,0.0,0.1572298972604711,"Litinski_2lvl_11,5,5x25,11,11"
10000.0,188.51375874029128,18.420455727525233,1000000.0,45686.0,77511956236280.53,37422.0,8264,287018.0,1696623828.6626215,A,9,25,17,0.025027019511814186,1.309792748722263,False,1.0,True,4,0.001,0.8408253140917992,0.1572298972604711,"15to1_11,5,5_minerr"
10000.0,1.0,18.420455727525233,1000000.0,137573.24150390117,2338745105566.32,133518.0,4055.241503901165,287018.0,17000000.0,B,17,25,17,0.025027019511814186,0.0009998071841219396,True,1.0,True,0,0.001,0.5206807882993361,0.1572298972604711,cult_d1=5_d2=11scaled_att158
10000.0,3472.5093469049084,18.420455727525233,1000000.0,38502.794913758116,1203311836979890.5,37422.0,1080.7949137581163,287018.0,31252584122.144176,C,9,25,17,0.025027019511814186,2.0381581915795386,False,1.0,True,0,0.001,0.8658523336036132,0.1572298972604711,cult_d1=5_d2=11_att22.3
100.0,1.0,1.8863341808946943,100000000.0,320282.0,60853580000000.0,166782.0,153500,320282.0,190000000.0,B0,19,25,19,0.044004406713006365,0.0004887307961796583,False,0.1,True,5,0.001,0.0,0.15046246814193553,"Litinski_2lvl_11,5,5x25,11,11"
100.0,24.58539626458789,1.8863341808946943,100000000.0,93670.0,299378828853513.2,78078.0,15592,320282.0,3196101514.3964257,A,13,25,19,0.044004406713006365,0.8005381547196811,False,0.1,True,4,0.001,0.7075389812727534,0.15046246814193553,"15to1_15,7,7_minerr"
100.0,,1.8863341808946943,100000000.0,,,,,320282.0,,B,,25,19,0.044004406713006365,,,0.1,False,,0.001,nan,0.15046246814193553,
100.0,46.37627332473287,1.8863341808946943,100000000.0,79576.1806091449,479758071268841.5,78078.0,1498.180609144893,320282.0,6028915532.215273,C,13,25,19,0.044004406713006365,0.959196994421939,True,0.1,True,0,0.001,0.7515433879857598,0.15046246814193553,cult_d1=5_d2=11scaled_att45
10000.0,1.0,151.35330066367297,100000000.0,320282.0,60853580000000.0,166782.0,153500,320282.0,190000000.0,B0,19,25,19,0.045320063557679535,0.0004887307961796583,False,0.1,True,5,0.001,0.0,0.15496103978200826,"Litinski_2lvl_11,5,5x25,11,11"
10000.0,24.58539626458789,151.35330066367297,100000000.0,93670.0,299378828853513.2,78078.0,15592,320282.0,3196101514.3964257,A,13,25,19,0.045320063557679535,0.8005381547196811,False,0.1,True,4,0.001,0.7075389812727534,0.15496103978200826,"15to1_15,7,7_minerr"
10000.0,,151.35330066367297,100000000.0,,,,,320282.0,,B,,25,19,0.045320063557679535,,,0.1,False,,0.001,nan,0.15496103978200826,
10000.0,3721.080872769713,151.35330066367297,100000000.0,79154.79940361928,3.829038330633506e+16,78078.0,1076.7994036192817,320282.0,483740513460.0627,C,13,25,19,0.045320063557679535,2.055442365564946,True,0.1,True,0,0.001,0.7528590448304329,0.15496103978200826,cult_d1=5_d2=11scaled_att32
100.0,1.0,0.6744383886995143,100000000.0,320282.0,182560740000000.0,166782.0,153500,320282.0,570000000.0,B0,19,25,19,0.04340683281581376,0.0005427307961796583,False,0.3,True,5,0.001,0.0,0.14841920815538023,"Litinski_2lvl_11,5,5x25,11,11"
100.0,91.1274873806569,0.6744383886995143,100000000.0,93670.0,3329005579748991.5,78078.0,15592,320282.0,35539720078.45619,A,13,25,19,0.04340683281581376,1.1280648715786645,False,0.3,True,4,0.001,0.7075389812727534,0.14841920815538023,"15to1_15,7,7_minerr"
100.0,,0.6744383886995143,100000000.0,,,,,320282.0,,B,,25,19,0.04340683281581376,,,0.3,False,,0.001,nan,0.14841920815538023,
100.0,61.45987575524557,0.6744383886995143,100000000.0,79767.57277208554,1911976993629255.8,78078.0,1689.5727720855377,320282.0,23969351544.545773,C,13,25,19,0.04340683281581376,1.0295961337863884,True,0.3,True,0,0.001,0.7509458140885672,0.14841920815538023,cult_d1=5_d2=11scaled_att50
10000.0,1.0,6.712061128222167,100000000.0,320282.0,182560740000000.0,166782.0,153500,320282.0,570000000.0,B0,19,25,19,0.044004406713006365,0.0005427307961796583,False,0.3,True,5,0.001,0.0,0.15046246814193553,"Litinski_2lvl_11,5,5x25,11,11"
10000.0,91.1274873806569,6.712061128222167,100000000.0,93670.0,3329005579748991.5,78078.0,15592,320282.0,35539720078.45619,A,13,25,19,0.044004406713006365,1.1280648715786645,False,0.3,True,4,0.001,0.7075389812727534,0.15046246814193553,"15to1_15,7,7_minerr"
10000.0,,6.712061128222167,100000000.0,,,,,320282.0,,B,,25,19,0.044004406713006365,,,0.3,False,,0.001,nan,0.15046246814193553,
10000.0,611.6532657602633,6.712061128222167,100000000.0,79576.1806091449,1.8982481991061684e+16,78078.0,1498.180609144893,320282.0,238544773646.50266,C,13,25,19,0.044004406713006365,1.604041390685438,True,0.3,True,0,0.001,0.7515433879857598,0.15046246814193553,cult_d1=5_d2=11scaled_att45
100.0,1.0,36.835940023733194,100000000.0,320282.0,608535800000000.0,166782.0,153500,320282.0,1900000000.0,B0,19,25,19,0.6440366162622195,0.0007317307961796583,False,1.0,True,5,0.001,0.0,0.7186773496076769,"Litinski_2lvl_11,5,5x25,11,11"
100.0,1.0218738143151151,36.835940023733194,100000000.0,287018.0,498603503343062.75,133518.0,153500,320282.0,1737185484.3356957,A,17,25,19,0.6440366162622195,0.0054095036998892095,False,1.0,True,5,0.001,0.10385847471915377,0.7186773496076769,"Litinski_2lvl_11,5,5x25,11,11"
100.0,,36.835940023733194,100000000.0,,,,,320282.0,,B,,25,19,0.6440366162622195,,,1.0,False,,0.001,nan,0.7186773496076769,
100.0,37.641682535935054,36.835940023733194,100000000.0,80744.66447030379,3951174534400300.5,78078.0,2666.664470303791,320282.0,48934187296.71557,C,13,25,19,0.6440366162622195,0.9070280036150736,True,1.0,True,0,0.001,0.7478950909813733,0.7186773496076769,cult_d1=5_d2=11scaled_att79
10000.0,1.0,0.269034271567978,100000000.0,320282.0,608535800000000.0,166782.0,153500,320282.0,1900000000.0,B0,19,25,19,0.04340683281581376,0.0007317307961796583,False,1.0,True,5,0.001,0.0,0.14841920815538023,"Litinski_2lvl_11,5,5x25,11,11"
10000.0,8934.125259385088,0.269034271567978,100000000.0,93670.0,1.0879173669605815e+18,78078.0,15592,320282.0,11614362837200.613,A,13,25,19,0.04340683281581376,2.2744083805851067,False,1.0,True,4,0.001,0.7075389812727534,0.14841920815538023,"15to1_15,7,7_minerr"
10000.0,,0.269034271567978,100000000.0,,,,,320282.0,,B,,25,19,0.04340683281581376,,,1.0,False,,0.001,nan,0.14841920815538023,
10000.0,2403.5858812557394,0.269034271567978,100000000.0,79767.57277208554,2.492466752061319e+17,78078.0,1689.5727720855377,320282.0,3124661645632.4614,C,13,25,19,0.04340683281581376,1.9461792546108527,True,1.0,True,0,0.001,0.7509458140885672,0.14841920815538023,cult_d1=5_d2=11scaled_att50
100.0,,6.764845525597395,10000000000.0,,,,,439898.0,,B0,,25,23,0.265078781951328,,,0.1,False,,0.001,nan,0.40627286798328077,
100.0,7.897936161444506,6.764845525597395,10000000000.0,287018.0,3.853644730015315e+16,133518.0,153500,439898.0,134264914744.55661,A,17,25,23,0.265078781951328,0.516650369988921,False,0.1,True,5,0.001,0.34753511041195917,0.40627286798328077,"Litinski_2lvl_11,5,5x25,11,11"
100.0,,6.764845525597395,10000000000.0,,,,,439898.0,,B,,25,23,0.265078781951328,,,0.1,False,,0.001,nan,0.40627286798328077,
100.0,53.42831810320173,6.764845525597395,10000000000.0,170410.37397717472,1.7299005370982317e+17,166782.0,3628.3739771747264,439898.0,1015138043960.8329,C,19,25,23,0.265078781951328,0.9945852267410134,True,0.1,True,0,0.001,0.6126138923632871,0.40627286798328077,cult_d1=5_d2=11scaled_att158
10000.0,,702.8568926224086,10000000000.0,,,,,439898.0,,B0,,25,23,0.3421065352196987,,,0.1,False,,0.001,nan,0.5243294170751487,
10000.0,7.897936161444506,702.8568926224086,10000000000.0,287018.0,3.853644730015315e+16,133518.0,153500,439898.0,134264914744.55661,A,17,25,23,0.3421065352196987,0.516650369988921,False,0.1,True,5,0.001,0.34753511041195917,0.5243294170751487,"Litinski_2lvl_11,5,5x25,11,11"
10000.0,,702.8568926224086,10000000000.0,,,,,439898.0,,B,,25,23,0.3421065352196987,,,0.1,False,,0.001,nan,0.5243294170751487,
10000.0,5551.1188685630395,702.8568926224086,10000000000.0,136526.019369925,1.2883826756961292e+19,133518.0,3008.0193699250003,439898.0,94369020765571.67,C,17,25,23,0.3421065352196987,2.155438696090408,True,0.1,True,0,0.001,0.6896416456316579,0.5243294170751487,cult_d1=5_d2=11scaled_att117
100.0,,nan,10000000000.0,,,,,439898.0,,B0,,25,23,nan,,,0.3,False,,0.001,nan,nan,
100.0,8.070387350523667,nan,10000000000.0,287018.0,1.181336682652027e+17,133518.0,153500,439898.0,411589754876.70703,A,17,25,23,nan,0.522050369988921,False,0.3,True,5,0.001,0.34753511041195917,nan,"Litinski_2lvl_11,5,5x25,11,11"
100.0,,nan,10000000000.0,,,,,439898.0,,B,,25,23,nan,,,0.3,False,,0.001,nan,nan,
100.0,,nan,10000000000.0,,,,,439898.0,,C,,25,23,nan,,,0.3,False,,0.001,nan,nan,
10000.0,,nan,10000000000.0,,,,,439898.0,,B0,,25,23,nan,,,0.3,False,,0.001,nan,nan,
10000.0,8.070387350523667,nan,10000000000.0,287018.0,1.181336682652027e+17,133518.0,153500,439898.0,411589754876.70703,A,17,25,23,nan,0.522050369988921,False,0.3,True,5,0.001,0.34753511041195917,nan,"Litinski_2lvl_11,5,5x25,11,11"
10000.0,,nan,10000000000.0,,,,,439898.0,,B,,25,23,nan,,,0.3,False,,0.001,nan,nan,
10000.0,,nan,10000000000.0,,,,,439898.0,,C,,25,23,nan,,,0.3,False,,0.001,nan,nan,
100.0,,nan,10000000000.0,,,,,439898.0,,B0,,25,23,nan,,,1.0,False,,0.001,nan,nan,
100.0,8.704163548322132,nan,10000000000.0,287018.0,4.247027742630947e+17,133518.0,153500,439898.0,1479707803214.7625,A,17,25,23,nan,0.540950369988921,False,1.0,True,5,0.001,0.34753511041195917,nan,"Litinski_2lvl_11,5,5x25,11,11"
100.0,,nan,10000000000.0,,,,,439898.0,,B,,25,23,nan,,,1.0,False,,0.001,nan,nan,
100.0,,nan,10000000000.0,,,,,439898.0,,C,,25,23,nan,,,1.0,False,,0.001,nan,nan,
10000.0,,nan,10000000000.0,,,,,439898.0,,B0,,25,23,nan,,,1.0,False,,0.001,nan,nan,
10000.0,8.704163548322132,nan,10000000000.0,287018.0,4.247027742630947e+17,133518.0,153500,439898.0,1479707803214.7625,A,17,25,23,nan,0.540950369988921,False,1.0,True,5,0.001,0.34753511041195917,nan,"Litinski_2lvl_11,5,5x25,11,11"
10000.0,,nan,10000000000.0,,,,,439898.0,,B,,25,23,nan,,,1.0,False,,0.001,nan,nan,
10000.0,,nan,10000000000.0,,,,,439898.0,,C,,25,23,nan,,,1.0,False,,0.001,nan,nan,
100.0,,0.6394227948510427,10000.0,,,,,40860.0,,B0,,7,9,0.04727083307278549,,,0.1,False,,0.0005,nan,0.14162532917979287,
100.0,2.7991634195476705,0.6394227948510427,10000.0,13638.0,190874953.57895565,11550.0,2088,40860.0,13995.817097738352,A,5,7,9,0.04727083307278549,0.2573301484512313,False,0.1,True,4,0.0005,0.6662261380323055,0.14162532917979287,"15to1_5,3,3_minerr"
100.0,,0.6394227948510427,10000.0,,,,,40860.0,,B,,7,9,0.04727083307278549,,,0.1,False,,0.0005,nan,0.14162532917979287,
100.0,1.7898488969719732,0.6394227948510427,10000.0,11706.513760645985,104764453.70939721,11550.0,156.51376064598406,40860.0,8949.244484859866,C,5,7,9,0.04727083307278549,0.1455328002975131,False,0.1,True,0,0.0005,0.7134969711050909,0.14162532917979287,cult_d1=3_d2=7_att1.4
10000.0,,0.6394227948510427,10000.0,,,,,40860.0,,B0,,7,9,0.04727083307278549,,,0.1,False,,0.0005,nan,0.14162532917979287,
10000.0,2.7991634195476705,0.6394227948510427,10000.0,13638.0,190874953.57895565,11550.0,2088,40860.0,13995.817097738352,A,5,7,9,0.04727083307278549,0.2573301484512313,False,0.1,True,4,0.0005,0.6662261380323055,0.14162532917979287,"15to1_5,3,3_minerr"
10000.0,,0.6394227948510427,10000.0,,,,,40860.0,,B,,7,9,0.04727083307278549,,,0.1,False,,0.0005,nan,0.14162532917979287,
10000.0,1.7898488969719732,0.6394227948510427,10000.0,11706.513760645985,104764453.70939721,11550.0,156.51376064598406,40860.0,8949.244484859866,C,5,7,9,0.04727083307278549,0.1455328002975131,False,0.1,True,0,0.0005,0.7134969711050909,0.14162532917979287,cult_d1=3_d2=7_att1.4
100.0,,0.26143536979896154,10000.0,,,,,43766.0,,B0,,7,9,0.04413211715381838,,,0.3,False,,0.0005,nan,0.14162532917979287,
100.0,7.720618251810976,0.26143536979896154,10000.0,13638.0,1579406875.7729714,11550.0,2088,43766.0,115809.27377716464,A,5,7,9,0.04413211715381838,0.5109736113153929,False,0.3,True,4,0.0005,0.6883882465841065,0.14162532917979287,"15to1_5,3,3_minerr"
100.0,,0.26143536979896154,10000.0,,,,,43766.0,,B,,7,9,0.04413211715381838,,,0.3,False,,0.0005,nan,0.14162532917979287,
100.0,2.018442687738814,0.26143536979896154,10000.0,11706.513760645985,354433906.4863454,11550.0,156.51376064598406,43766.0,30276.640316082212,C,5,7,9,0.04413211715381838,0.17558156685423817,False,0.3,True,0,0.0005,0.7325203637379247,0.14162532917979287,cult_d1=3_d2=7_att1.4
10000.0,,0.26143536979896154,10000.0,,,,,43766.0,,B0,,7,9,0.04413211715381838,,,0.3,False,,0.0005,nan,0.14162532917979287,
10000.0,7.720618251810976,0.26143536979896154,10000.0,13638.0,1579406875.7729714,11550.0,2088,43766.0,115809.27377716464,A,5,7,9,0.04413211715381838,0.5109736113153929,False,0.3,True,4,0.0005,0.6883882465841065,0.14162532917979287,"15to1_5,3,3_minerr"
10000.0,,0.26143536979896154,10000.0,,,,,43766.0,,B,,7,9,0.04413211715381838,,,0.3,False,,0.0005,nan,0.14162532917979287,
10000.0,2.018442687738814,0.26143536979896154,10000.0,11706.513760645985,354433906.4863454,11550.0,156.51376064598406,43766.0,30276.640316082212,C,5,7,9,0.04413211715381838,0.17558156685423817,False,0.3,True,0,0.0005,0.7325203637379247,0.14162532917979287,cult_d1=3_d2=7_att1.4
100.0,,1.562145991103315,10000.0,,,,,45686.0,,B0,,7,9,0.0674930227937227,,,1.0,False,,0.0005,nan,0.20848453274875023,
100.0,1.9678636013016442,1.562145991103315,10000.0,14790.0,1455235133.162566,11550.0,3240,45686.0,98393.18006508221,A,5,7,9,0.0674930227937227,0.16923712198661173,False,1.0,True,4,0.0005,0.6762684410979294,0.20848453274875023,"15to1_7,3,3_minerr"
100.0,,1.562145991103315,10000.0,,,,,45686.0,,B,,7,9,0.0674930227937227,,,1.0,False,,0.0005,nan,0.20848453274875023,
100.0,3.0740902358114957,1.562145991103315,10000.0,11706.513760645985,1799343982.3497367,11550.0,156.51376064598406,45686.0,153704.5117905748,C,5,7,9,0.0674930227937227,0.28075224980277597,False,1.0,True,0,0.0005,0.7437614638916521,0.20848453274875023,cult_d1=3_d2=7_att1.4
10000.0,,0.01142565599723933,10000.0,,,,,45686.0,,B0,,7,9,0.04227742063989001,,,1.0,False,,0.0005,nan,0.14162532917979287,
10000.0,269.0515307439904,0.01142565599723933,10000.0,13638.0,183466238814.32706,11550.0,2088,45686.0,13452576.53719952,A,5,7,9,0.04227742063989001,1.3987257313399581,False,1.0,True,4,0.0005,0.701484043251762,0.14162532917979287,"15to1_5,3,3_minerr"
10000.0,,0.01142565599723933,10000.0,,,,,45686.0,,B,,7,9,0.04227742063989001,,,1.0,False,,0.0005,nan,0.14162532917979287,
10000.0,3.0740902358114957,0.01142565599723933,10000.0,11706.513760645985,1799343982.3497367,11550.0,156.51376064598406,45686.0,153704.5117905748,C,5,7,9,0.04227742063989001,0.28075224980277597,False,1.0,True,0,0.0005,0.7437614638916521,0.14162532917979287,cult_d1=3_d2=7_att1.4
100.0,,1.562145991103315,100000.0,,,,,62100.0,,B0,,7,11,0.03733018448762383,,,0.1,False,,0.0005,nan,0.09247664180155735,
100.0,1.4838173791023659,1.562145991103315,100000.0,25068.0,2603743384.1536674,22638.0,2430,62100.0,103867.21653716562,A,7,7,11,0.03733018448762383,0.09865451931715785,False,0.1,True,3,0.0005,0.596328502415459,0.09247664180155735,"15to1_7,3,3_minerr"
100.0,,1.562145991103315,100000.0,,,,,62100.0,,B,,7,11,0.03733018448762383,,,0.1,False,,0.0005,nan,0.09247664180155735,
100.0,2.3179393702941886,1.562145991103315,100000.0,22749.79554331856,3691285272.920095,22638.0,111.79554331856004,62100.0,162255.7559205932,C,7,7,11,0.03733018448762383,0.2101696471333221,False,0.1,True,0,0.0005,0.6336586869030827,0.09247664180155735,cult_d1=3_d2=7_att1.4
10000.0,,1.5621459911033158,100000.0,,,,,62100.0,,B0,,7,11,0.04965356263049944,,,0.1,False,,0.0005,nan,0.20848453274875023,
10000.0,215.99418815575768,1.5621459911033158,100000.0,14790.0,159727702141.1828,11550.0,3240,62100.0,10799709.407787884,A,5,7,11,0.04965356263049944,1.3438128751589666,False,0.1,True,4,0.0005,0.7618357487922706,0.20848453274875023,"15to1_7,3,3_minerr"
10000.0,,1.5621459911033158,100000.0,,,,,62100.0,,B,,7,11,0.04965356263049944,,,0.1,False,,0.0005,nan,0.20848453274875023,
10000.0,337.41445512913214,1.5621459911033158,100000.0,11706.513760645985,197497348100.50262,11550.0,156.51376064598406,62100.0,16870722.756456606,C,5,7,11,0.04965356263049944,1.455328002975131,False,0.1,True,0,0.0005,0.8114893114227699,0.20848453274875023,cult_d1=3_d2=7_att1.4
100.0,,3.8121050144301445,100000.0,,,,,62100.0,,B0,,7,11,0.03733018448762383,,,0.3,False,,0.0005,nan,0.09247664180155735,
100.0,2.022729257417004,3.8121050144301445,100000.0,25068.0,10648213175.235188,22638.0,2430,62100.0,424773.1440575709,A,7,7,11,0.03733018448762383,0.1761119292520802,False,0.3,True,3,0.0005,0.596328502415459,0.09247664180155735,"15to1_7,3,3_minerr"
100.0,,3.8121050144301445,100000.0,,,,,62100.0,,B,,7,11,0.03733018448762383,,,0.3,False,,0.0005,nan,0.09247664180155735,
100.0,7.710856345033924,3.8121050144301445,100000.0,22749.79554331856,36838285115.8187,22638.0,111.79554331856004,62100.0,1619279.832457124,C,7,7,11,0.03733018448762383,0.5106573127005729,False,0.3,True,0,0.0005,0.6336586869030827,0.09247664180155735,cult_d1=3_d2=7_att1.4
10000.0,,3.8121050144301423,100000.0,,,,,62100.0,,B0,,7,11,0.04965356263049944,,,0.3,False,,0.0005,nan,0.20848453274875023,
10000.0,294.44173519451925,3.8121050144301423,100000.0,14790.0,653218989529.041,11550.0,3240,62100.0,44166260.27917789,A,5,7,11,0.04965356263049944,1.421270285093889,False,0.3,True,4,0.0005,0.7618357487922706,0.20848453274875023,"15to1_7,3,3_minerr"
10000.0,,3.8121050144301423,100000.0,,,,,62100.0,,B,,7,11,0.04965356263049944,,,0.3,False,,0.0005,nan,0.20848453274875023,
10000.0,1122.442815192539,3.8121050144301423,100000.0,11706.513760645985,1970983839238.4517,11550.0,156.51376064598406,62100.0,168366422.27888086,C,5,7,11,0.04965356263049944,1.7558156685423816,False,0.3,True,0,0.0005,0.8114893114227699,0.20848453274875023,cult_d1=3_d2=7_att1.4
100.0,,0.34884570118074787,100000.0,,,,,71494.0,,B0,,7,11,0.032249281538318963,,,1.0,False,,0.0005,nan,0.09197503328149736,
100.0,5.982577266262315,0.34884570118074787,100000.0,25068.0,104979872837.4646,22638.0,2430,71494.0,4187804.0863836207,A,7,7,11,0.032249281538318963,0.4472128640243084,False,1.0,True,3,0.0005,0.6493691778331049,0.09197503328149736,"15to1_7,3,3_minerr"
100.0,,0.34884570118074787,100000.0,,,,,71494.0,,B,,7,11,0.032249281538318963,,,1.0,False,,0.0005,nan,0.09197503328149736,
100.0,2.0869963613172793,0.34884570118074787,100000.0,22762.369865699424,33253488159.27095,22638.0,124.36986569942535,71494.0,1460897.4529220955,C,7,7,11,0.032249281538318963,0.18393147114859906,False,1.0,True,0,0.0005,0.6816184593714238,0.09197503328149736,cult_d1=3_d2=7_att1.6
10000.0,,0.34884570118074776,100000.0,,,,,71494.0,,B0,,7,11,0.042883069740409056,,,1.0,False,,0.0005,nan,0.2072942655862613,
10000.0,870.8631789224206,0.34884570118074776,100000.0,14790.0,6440033208131.301,11550.0,3240,71494.0,435431589.4612103,A,5,7,11,0.042883069740409056,1.6923712198661172,False,1.0,True,4,0.0005,0.7931294933840602,0.2072942655862613,"15to1_7,3,3_minerr"
10000.0,,0.34884570118074776,100000.0,,,,,71494.0,,B,,7,11,0.042883069740409056,,,1.0,False,,0.0005,nan,0.2072942655862613,
10000.0,303.7968762836868,0.34884570118074776,100000.0,11724.117811979195,1780875184230.6062,11550.0,174.1178119791955,71494.0,151898438.1418434,C,5,7,11,0.042883069740409056,1.4290898269904078,False,1.0,True,0,0.0005,0.8360125631244693,0.2072942655862613,cult_d1=3_d2=7_att1.6
100.0,,0.34884570118074787,1000000.0,,,,,93670.0,,B0,,7,13,0.024614392380704345,,,0.1,False,,0.0005,nan,0.09197503328149736,
100.0,51.73739215906045,0.34884570118074787,1000000.0,25068.0,907867062650.3292,22638.0,2430,93670.0,36216174.51134232,A,7,7,13,0.024614392380704345,0.9865451931715784,False,0.1,True,3,0.0005,0.7323796306181274,0.09197503328149736,"15to1_7,3,3_minerr"
100.0,,0.34884570118074787,1000000.0,,,,,93670.0,,B,,7,13,0.024614392380704345,,,0.1,False,,0.0005,nan,0.09197503328149736,
100.0,18.04836684499077,0.34884570118074787,1000000.0,22762.369865699424,287576521118.2545,22638.0,124.36986569942535,93670.0,12633856.791493539,C,7,7,13,0.024614392380704345,0.7232638002958691,False,0.1,True,0,0.0005,0.7569940229988318,0.09197503328149736,cult_d1=3_d2=7_att1.6
10000.0,,86.53985961923826,1000000.0,,,,,93670.0,,B0,,7,13,0.0247486330381279,,,0.1,False,,0.0005,nan,0.09247664180155735,
10000.0,51.73739215906045,86.53985961923826,1000000.0,25068.0,907867062650.3292,22638.0,2430,93670.0,36216174.51134232,A,7,7,13,0.0247486330381279,0.9865451931715784,False,0.1,True,3,0.0005,0.7323796306181274,0.09247664180155735,"15to1_7,3,3_minerr"
10000.0,,86.53985961923826,1000000.0,,,,,93670.0,,B,,7,13,0.0247486330381279,,,0.1,False,,0.0005,nan,0.09247664180155735,
10000.0,4477.346654510569,86.53985961923826,1000000.0,22749.79554331856,71301104676673.77,22638.0,111.79554331856004,93670.0,3134142658.1573987,C,7,7,13,0.0247486330381279,2.101696471333221,False,0.1,True,0,0.0005,0.7571282636562554,0.09247664180155735,cult_d1=3_d2=7_att1.4
100.0,,nan,1000000.0,,,,,93670.0,,B0,,7,13,nan,,,0.3,False,,0.0005,nan,nan,
100.0,,nan,1000000.0,,,,,93670.0,,A,,7,13,nan,,,0.3,False,,0.0005,nan,nan,
100.0,,nan,1000000.0,,,,,93670.0,,B,,7,13,nan,,,0.3,False,,0.0005,nan,nan,
100.0,48.671831570729,nan,1000000.0,22762.369865699424,2326561087733.315,22638.0,124.36986569942535,93670.0,102210846.29853089,C,7,7,13,nan,0.9712751138936739,False,0.3,True,0,0.0005,0.7569940229988318,nan,cult_d1=3_d2=7_att1.6
10000.0,,0.042452192671982796,1000000.0,,,,,93670.0,,B0,,7,13,0.024614392380704345,,,0.3,False,,0.0005,nan,0.09197503328149736,
10000.0,1146.5092497530989,0.042452192671982796,1000000.0,25068.0,60355457132902.44,22638.0,2430,93670.0,2407669424.481508,A,7,7,13,0.024614392380704345,1.7611192925208017,False,0.3,True,3,0.0005,0.7323796306181274,0.09197503328149736,"15to1_7,3,3_minerr"
10000.0,,0.042452192671982796,1000000.0,,,,,93670.0,,B,,7,13,0.024614392380704345,,,0.3,False,,0.0005,nan,0.09197503328149736,
10000.0,48.671831570729,0.042452192671982796,1000000.0,22762.369865699424,2326561087733.315,22638.0,124.36986569942535,93670.0,102210846.29853089,C,7,7,13,0.024614392380704345,0.9712751138936739,False,0.3,True,0,0.0005,0.7569940229988318,0.09197503328149736,cult_d1=3_d2=7_att1.6
100.0,,nan,1000000.0,,,,,nan,,B0,,7,,nan,,,1.0,False,,0.0005,nan,nan,
100.0,,nan,1000000.0,,,,,nan,,A,,7,,nan,,,1.0,False,,0.0005,nan,nan,
100.0,,nan,1000000.0,,,,,nan,,B,,7,,nan,,,1.0,False,,0.0005,nan,nan,
100.0,72.3596632002942,nan,1000000.0,22776.21733689321,11536555908320.059,22638.0,138.21733689320885,nan,506517642.4020594,C,7,7,,nan,1.070412251503769,False,1.0,True,0,0.0005,nan,nan,cult_d1=3_d2=7_att1.8
10000.0,,nan,1000000.0,,,,,nan,,B0,,7,,nan,,,1.0,False,,0.0005,nan,nan,
10000.0,,nan,1000000.0,,,,,nan,,A,,7,,nan,,,1.0,False,,0.0005,nan,nan,
10000.0,,nan,1000000.0,,,,,nan,,B,,7,,nan,,,1.0,False,,0.0005,nan,nan,
10000.0,1567.533816727089,nan,1000000.0,22762.369865699424,249765491593334.44,22638.0,124.36986569942535,nan,10972736717.089622,C,7,7,,nan,1.8393147114859905,False,1.0,True,0,0.0005,nan,nan,cult_d1=3_d2=7_att1.6
100.0,,nan,100000000.0,,,,,nan,,B0,,7,,nan,,,0.1,False,,0.0005,nan,nan,
100.0,,nan,100000000.0,,,,,nan,,A,,7,,nan,,,0.1,False,,0.0005,nan,nan,
100.0,,nan,100000000.0,,,,,nan,,B,,7,,nan,,,0.1,False,,0.0005,nan,nan,
100.0,,nan,100000000.0,,,,,nan,,C,,7,,nan,,,0.1,False,,0.0005,nan,nan,
10000.0,,nan,100000000.0,,,,,nan,,B0,,7,,nan,,,0.1,False,,0.0005,nan,nan,
10000.0,,nan,100000000.0,,,,,nan,,A,,7,,nan,,,0.1,False,,0.0005,nan,nan,
10000.0,,nan,100000000.0,,,,,nan,,B,,7,,nan,,,0.1,False,,0.0005,nan,nan,
10000.0,,nan,100000000.0,,,,,nan,,C,,7,,nan,,,0.1,False,,0.0005,nan,nan,
100.0,,nan,100000000.0,,,,,nan,,B0,,7,,nan,,,0.3,False,,0.0005,nan,nan,
100.0,,nan,100000000.0,,,,,nan,,A,,7,,nan,,,0.3,False,,0.0005,nan,nan,
100.0,,nan,100000000.0,,,,,nan,,B,,7,,nan,,,0.3,False,,0.0005,nan,nan,
100.0,,nan,100000000.0,,,,,nan,,C,,7,,nan,,,0.3,False,,0.0005,nan,nan,
10000.0,,nan,100000000.0,,,,,nan,,B0,,7,,nan,,,0.3,False,,0.0005,nan,nan,
10000.0,,nan,100000000.0,,,,,nan,,A,,7,,nan,,,0.3,False,,0.0005,nan,nan,
10000.0,,nan,100000000.0,,,,,nan,,B,,7,,nan,,,0.3,False,,0.0005,nan,nan,
10000.0,,nan,100000000.0,,,,,nan,,C,,7,,nan,,,0.3,False,,0.0005,nan,nan,
100.0,,nan,100000000.0,,,,,nan,,B0,,7,,nan,,,1.0,False,,0.0005,nan,nan,
100.0,,nan,100000000.0,,,,,nan,,A,,7,,nan,,,1.0,False,,0.0005,nan,nan,
100.0,,nan,100000000.0,,,,,nan,,B,,7,,nan,,,1.0,False,,0.0005,nan,nan,
100.0,,nan,100000000.0,,,,,nan,,C,,7,,nan,,,1.0,False,,0.0005,nan,nan,
10000.0,,nan,100000000.0,,,,,nan,,B0,,7,,nan,,,1.0,False,,0.0005,nan,nan,
10000.0,,nan,100000000.0,,,,,nan,,A,,7,,nan,,,1.0,False,,0.0005,nan,nan,
10000.0,,nan,100000000.0,,,,,nan,,B,,7,,nan,,,1.0,False,,0.0005,nan,nan,
10000.0,,nan,100000000.0,,,,,nan,,C,,7,,nan,,,1.0,False,,0.0005,nan,nan,
100.0,,nan,10000000000.0,,,,,nan,,B0,,7,,nan,,,0.1,False,,0.0005,nan,nan,
100.0,,nan,10000000000.0,,,,,nan,,A,,7,,nan,,,0.1,False,,0.0005,nan,nan,
100.0,,nan,10000000000.0,,,,,nan,,B,,7,,nan,,,0.1,False,,0.0005,nan,nan,
100.0,,nan,10000000000.0,,,,,nan,,C,,7,,nan,,,0.1,False,,0.0005,nan,nan,
10000.0,,nan,10000000000.0,,,,,nan,,B0,,7,,nan,,,0.1,False,,0.0005,nan,nan,
10000.0,,nan,10000000000.0,,,,,nan,,A,,7,,nan,,,0.1,False,,0.0005,nan,nan,
10000.0,,nan,10000000000.0,,,,,nan,,B,,7,,nan,,,0.1,False,,0.0005,nan,nan,
10000.0,,nan,10000000000.0,,,,,nan,,C,,7,,nan,,,0.1,False,,0.0005,nan,nan,
100.0,,nan,10000000000.0,,,,,nan,,B0,,7,,nan,,,0.3,False,,0.0005,nan,nan,
100.0,,nan,10000000000.0,,,,,nan,,A,,7,,nan,,,0.3,False,,0.0005,nan,nan,
100.0,,nan,10000000000.0,,,,,nan,,B,,7,,nan,,,0.3,False,,0.0005,nan,nan,
100.0,,nan,10000000000.0,,,,,nan,,C,,7,,nan,,,0.3,False,,0.0005,nan,nan,
10000.0,,nan,10000000000.0,,,,,nan,,B0,,7,,nan,,,0.3,False,,0.0005,nan,nan,
10000.0,,nan,10000000000.0,,,,,nan,,A,,7,,nan,,,0.3,False,,0.0005,nan,nan,
10000.0,,nan,10000000000.0,,,,,nan,,B,,7,,nan,,,0.3,False,,0.0005,nan,nan,
10000.0,,nan,10000000000.0,,,,,nan,,C,,7,,nan,,,0.3,False,,0.0005,nan,nan,
100.0,,nan,10000000000.0,,,,,nan,,B0,,7,,nan,,,1.0,False,,0.0005,nan,nan,
100.0,,nan,10000000000.0,,,,,nan,,A,,7,,nan,,,1.0,False,,0.0005,nan,nan,
100.0,,nan,10000000000.0,,,,,nan,,B,,7,,nan,,,1.0,False,,0.0005,nan,nan,
100.0,,nan,10000000000.0,,,,,nan,,C,,7,,nan,,,1.0,False,,0.0005,nan,nan,
10000.0,,nan,10000000000.0,,,,,nan,,B0,,7,,nan,,,1.0,False,,0.0005,nan,nan,
10000.0,,nan,10000000000.0,,,,,nan,,A,,7,,nan,,,1.0,False,,0.0005,nan,nan,
10000.0,,nan,10000000000.0,,,,,nan,,B,,7,,nan,,,1.0,False,,0.0005,nan,nan,
10000.0,,nan,10000000000.0,,,,,nan,,C,,7,,nan,,,1.0,False,,0.0005,nan,nan,
100.0,1.0,0.6394227948510427,10000.0,40860.0,367740000.0,37422.0,3438,40860.0,9000.0,B0,9,9,9,0.04727083307278549,0.000804533151000637,False,0.1,True,3,0.0005,0.0,0.14162532917979287,"15to1_9,3,3_minq"
100.0,2.7991634195476705,0.6394227948510427,10000.0,13638.0,190874953.57895565,11550.0,2088,40860.0,13995.817097738352,A,5,9,9,0.04727083307278549,0.2573301484512313,False,0.1,True,4,0.0005,0.6662261380323055,0.14162532917979287,"15to1_5,3,3_minerr"
100.0,1.0,0.6394227948510427,10000.0,37529.50237313916,337765521.35825247,37422.0,107.50237313916244,40860.0,9000.0,B,9,9,9,0.04727083307278549,0.0007463166842985188,False,0.1,True,0,0.0005,0.08150997618357403,0.14162532917979287,cult_d1=3_d2=7_att1.8
100.0,1.7898488969719732,0.6394227948510427,10000.0,11706.513760645985,104764453.70939721,11550.0,156.51376064598406,40860.0,8949.244484859866,C,5,9,9,0.04727083307278549,0.1455328002975131,False,0.1,True,0,0.0005,0.7134969711050909,0.14162532917979287,cult_d1=3_d2=7_att1.4
10000.0,1.0,0.6394227948510427,10000.0,40860.0,367740000.0,37422.0,3438,40860.0,9000.0,B0,9,9,9,0.04727083307278549,0.000804533151000637,False,0.1,True,3,0.0005,0.0,0.14162532917979287,"15to1_9,3,3_minq"
10000.0,2.7991634195476705,0.6394227948510427,10000.0,13638.0,190874953.57895565,11550.0,2088,40860.0,13995.817097738352,A,5,9,9,0.04727083307278549,0.2573301484512313,False,0.1,True,4,0.0005,0.6662261380323055,0.14162532917979287,"15to1_5,3,3_minerr"
10000.0,1.0,0.6394227948510427,10000.0,37529.50237313916,337765521.35825247,37422.0,107.50237313916244,40860.0,9000.0,B,9,9,9,0.04727083307278549,0.0007463166842985188,False,0.1,True,0,0.0005,0.08150997618357403,0.14162532917979287,cult_d1=3_d2=7_att1.8
10000.0,1.7898488969719732,0.6394227948510427,10000.0,11706.513760645985,104764453.70939721,11550.0,156.51376064598406,40860.0,8949.244484859866,C,5,9,9,0.04727083307278549,0.1455328002975131,False,0.1,True,0,0.0005,0.7134969711050909,0.14162532917979287,cult_d1=3_d2=7_att1.4
100.0,1.0,0.26143536979896154,10000.0,43766.0,1181682000.0,37422.0,6344,43766.0,27000.0,B0,9,9,9,0.04413211715381838,0.0009993497098856174,False,0.3,True,4,0.0005,0.0,0.14162532917979287,"15to1_9,5,5_minerr"
100.0,7.720618251810976,0.26143536979896154,10000.0,13638.0,1579406875.7729714,11550.0,2088,43766.0,115809.27377716464,A,5,9,9,0.04413211715381838,0.5109736113153929,False,0.3,True,4,0.0005,0.6883882465841065,0.14162532917979287,"15to1_5,3,3_minerr"
100.0,,0.26143536979896154,10000.0,,,,,43766.0,,B,,9,9,0.04413211715381838,,,0.3,False,,0.0005,nan,0.14162532917979287,
100.0,2.018442687738814,0.26143536979896154,10000.0,11706.513760645985,354433906.4863454,11550.0,156.51376064598406,43766.0,30276.640316082212,C,5,9,9,0.04413211715381838,0.17558156685423817,False,0.3,True,0,0.0005,0.7325203637379247,0.14162532917979287,cult_d1=3_d2=7_att1.4
10000.0,1.0,0.26143536979896154,10000.0,43766.0,1181682000.0,37422.0,6344,43766.0,27000.0,B0,9,9,9,0.04413211715381838,0.0009993497098856174,False,0.3,True,4,0.0005,0.0,0.14162532917979287,"15to1_9,5,5_minerr"
10000.0,7.720618251810976,0.26143536979896154,10000.0,13638.0,1579406875.7729714,11550.0,2088,43766.0,115809.27377716464,A,5,9,9,0.04413211715381838,0.5109736113153929,False,0.3,True,4,0.0005,0.6883882465841065,0.14162532917979287,"15to1_5,3,3_minerr"
10000.0,,0.26143536979896154,10000.0,,,,,43766.0,,B,,9,9,0.04413211715381838,,,0.3,False,,0.0005,nan,0.14162532917979287,
10000.0,2.018442687738814,0.26143536979896154,10000.0,11706.513760645985,354433906.4863454,11550.0,156.51376064598406,43766.0,30276.640316082212,C,5,9,9,0.04413211715381838,0.17558156685423817,False,0.3,True,0,0.0005,0.7325203637379247,0.14162532917979287,cult_d1=3_d2=7_att1.4
100.0,,1.562145991103315,10000.0,,,,,45686.0,,B0,,9,9,0.0674930227937227,,,1.0,False,,0.0005,nan,0.20848453274875023,
100.0,1.9678636013016442,1.562145991103315,10000.0,14790.0,1455235133.162566,11550.0,3240,45686.0,98393.18006508221,A,5,9,9,0.0674930227937227,0.16923712198661173,False,1.0,True,4,0.0005,0.6762684410979294,0.20848453274875023,"15to1_7,3,3_minerr"
100.0,,1.562145991103315,10000.0,,,,,45686.0,,B,,9,9,0.0674930227937227,,,1.0,False,,0.0005,nan,0.20848453274875023,
100.0,3.0740902358114957,1.562145991103315,10000.0,11706.513760645985,1799343982.3497367,11550.0,156.51376064598406,45686.0,153704.5117905748,C,5,9,9,0.0674930227937227,0.28075224980277597,False,1.0,True,0,0.0005,0.7437614638916521,0.20848453274875023,cult_d1=3_d2=7_att1.4
10000.0,,0.01142565599723933,10000.0,,,,,45686.0,,B0,,9,9,0.04227742063989001,,,1.0,False,,0.0005,nan,0.14162532917979287,
10000.0,269.0515307439904,0.01142565599723933,10000.0,13638.0,183466238814.32706,11550.0,2088,45686.0,13452576.53719952,A,5,9,9,0.04227742063989001,1.3987257313399581,False,1.0,True,4,0.0005,0.701484043251762,0.14162532917979287,"15to1_5,3,3_minerr"
10000.0,,0.01142565599723933,10000.0,,,,,45686.0,,B,,9,9,0.04227742063989001,,,1.0,False,,0.0005,nan,0.14162532917979287,
10000.0,3.0740902358114957,0.01142565599723933,10000.0,11706.513760645985,1799343982.3497367,11550.0,156.51376064598406,45686.0,153704.5117905748,C,5,9,9,0.04227742063989001,0.28075224980277597,False,1.0,True,0,0.0005,0.7437614638916521,0.14162532917979287,cult_d1=3_d2=7_att1.4
100.0,,1.562145991103315,100000.0,,,,,62100.0,,B0,,9,11,0.03733018448762383,,,0.1,False,,0.0005,nan,0.09247664180155735,
100.0,1.4838173791023659,1.562145991103315,100000.0,25068.0,2603743384.1536674,22638.0,2430,62100.0,103867.21653716562,A,7,9,11,0.03733018448762383,0.09865451931715785,False,0.1,True,3,0.0005,0.596328502415459,0.09247664180155735,"15to1_7,3,3_minerr"
100.0,,1.562145991103315,100000.0,,,,,62100.0,,B,,9,11,0.03733018448762383,,,0.1,False,,0.0005,nan,0.09247664180155735,
100.0,2.3179393702941886,1.562145991103315,100000.0,22749.79554331856,3691285272.920095,22638.0,111.79554331856004,62100.0,162255.7559205932,C,7,9,11,0.03733018448762383,0.2101696471333221,False,0.1,True,0,0.0005,0.6336586869030827,0.09247664180155735,cult_d1=3_d2=7_att1.4
10000.0,,1.5621459911033158,100000.0,,,,,62100.0,,B0,,9,11,0.04965356263049944,,,0.1,False,,0.0005,nan,0.20848453274875023,
10000.0,215.99418815575768,1.5621459911033158,100000.0,14790.0,159727702141.1828,11550.0,3240,62100.0,10799709.407787884,A,5,9,11,0.04965356263049944,1.3438128751589666,False,0.1,True,4,0.0005,0.7618357487922706,0.20848453274875023,"15to1_7,3,3_minerr"
10000.0,,1.5621459911033158,100000.0,,,,,62100.0,,B,,9,11,0.04965356263049944,,,0.1,False,,0.0005,nan,0.20848453274875023,
10000.0,337.41445512913214,1.5621459911033158,100000.0,11706.513760645985,197497348100.50262,11550.0,156.51376064598406,62100.0,16870722.756456606,C,5,9,11,0.04965356263049944,1.455328002975131,False,0.1,True,0,0.0005,0.8114893114227699,0.20848453274875023,cult_d1=3_d2=7_att1.4
100.0,,3.8121050144301445,100000.0,,,,,62100.0,,B0,,9,11,0.03733018448762383,,,0.3,False,,0.0005,nan,0.09247664180155735,
100.0,2.022729257417004,3.8121050144301445,100000.0,25068.0,10648213175.235188,22638.0,2430,62100.0,424773.1440575709,A,7,9,11,0.03733018448762383,0.1761119292520802,False,0.3,True,3,0.0005,0.596328502415459,0.09247664180155735,"15to1_7,3,3_minerr"
100.0,,3.8121050144301445,100000.0,,,,,62100.0,,B,,9,11,0.03733018448762383,,,0.3,False,,0.0005,nan,0.09247664180155735,
100.0,7.710856345033924,3.8121050144301445,100000.0,22749.79554331856,36838285115.8187,22638.0,111.79554331856004,62100.0,1619279.832457124,C,7,9,11,0.03733018448762383,0.5106573127005729,False,0.3,True,0,0.0005,0.6336586869030827,0.09247664180155735,cult_d1=3_d2=7_att1.4
10000.0,,3.8121050144301423,100000.0,,,,,62100.0,,B0,,9,11,0.04965356263049944,,,0.3,False,,0.0005,nan,0.20848453274875023,
10000.0,294.44173519451925,3.8121050144301423,100000.0,14790.0,653218989529.041,11550.0,3240,62100.0,44166260.27917789,A,5,9,11,0.04965356263049944,1.421270285093889,False,0.3,True,4,0.0005,0.7618357487922706,0.20848453274875023,"15to1_7,3,3_minerr"
10000.0,,3.8121050144301423,100000.0,,,,,62100.0,,B,,9,11,0.04965356263049944,,,0.3,False,,0.0005,nan,0.20848453274875023,
10000.0,1122.442815192539,3.8121050144301423,100000.0,11706.513760645985,1970983839238.4517,11550.0,156.51376064598406,62100.0,168366422.27888086,C,5,9,11,0.04965356263049944,1.7558156685423816,False,0.3,True,0,0.0005,0.8114893114227699,0.20848453274875023,cult_d1=3_d2=7_att1.4
100.0,,0.34884570118074787,100000.0,,,,,71494.0,,B0,,9,11,0.032249281538318963,,,1.0,False,,0.0005,nan,0.09197503328149736,
100.0,5.982577266262315,0.34884570118074787,100000.0,25068.0,104979872837.4646,22638.0,2430,71494.0,4187804.0863836207,A,7,9,11,0.032249281538318963,0.4472128640243084,False,1.0,True,3,0.0005,0.6493691778331049,0.09197503328149736,"15to1_7,3,3_minerr"
100.0,,0.34884570118074787,100000.0,,,,,71494.0,,B,,9,11,0.032249281538318963,,,1.0,False,,0.0005,nan,0.09197503328149736,
100.0,2.0869963613172793,0.34884570118074787,100000.0,22762.369865699424,33253488159.27095,22638.0,124.36986569942535,71494.0,1460897.4529220955,C,7,9,11,0.032249281538318963,0.18393147114859906,False,1.0,True,0,0.0005,0.6816184593714238,0.09197503328149736,cult_d1=3_d2=7_att1.6
10000.0,,0.34884570118074776,100000.0,,,,,71494.0,,B0,,9,11,0.042883069740409056,,,1.0,False,,0.0005,nan,0.2072942655862613,
10000.0,870.8631789224206,0.34884570118074776,100000.0,14790.0,6440033208131.301,11550.0,3240,71494.0,435431589.4612103,A,5,9,11,0.042883069740409056,1.6923712198661172,False,1.0,True,4,0.0005,0.7931294933840602,0.2072942655862613,"15to1_7,3,3_minerr"
10000.0,,0.34884570118074776,100000.0,,,,,71494.0,,B,,9,11,0.042883069740409056,,,1.0,False,,0.0005,nan,0.2072942655862613,
10000.0,303.7968762836868,0.34884570118074776,100000.0,11724.117811979195,1780875184230.6062,11550.0,174.1178119791955,71494.0,151898438.1418434,C,5,9,11,0.042883069740409056,1.4290898269904078,False,1.0,True,0,0.0005,0.8360125631244693,0.2072942655862613,cult_d1=3_d2=7_att1.6
100.0,,0.34884570118074787,1000000.0,,,,,93670.0,,B0,,9,13,0.024614392380704345,,,0.1,False,,0.0005,nan,0.09197503328149736,
100.0,51.73739215906045,0.34884570118074787,1000000.0,25068.0,907867062650.3292,22638.0,2430,93670.0,36216174.51134232,A,7,9,13,0.024614392380704345,0.9865451931715784,False,0.1,True,3,0.0005,0.7323796306181274,0.09197503328149736,"15to1_7,3,3_minerr"
100.0,,0.34884570118074787,1000000.0,,,,,93670.0,,B,,9,13,0.024614392380704345,,,0.1,False,,0.0005,nan,0.09197503328149736,
100.0,18.04836684499077,0.34884570118074787,1000000.0,22762.369865699424,287576521118.2545,22638.0,124.36986569942535,93670.0,12633856.791493539,C,7,9,13,0.024614392380704345,0.7232638002958691,False,0.1,True,0,0.0005,0.7569940229988318,0.09197503328149736,cult_d1=3_d2=7_att1.6
10000.0,,86.53985961923826,1000000.0,,,,,93670.0,,B0,,9,13,0.0247486330381279,,,0.1,False,,0.0005,nan,0.09247664180155735,
10000.0,51.73739215906045,86.53985961923826,1000000.0,25068.0,907867062650.3292,22638.0,2430,93670.0,36216174.51134232,A,7,9,13,0.0247486330381279,0.9865451931715784,False,0.1,True,3,0.0005,0.7323796306181274,0.09247664180155735,"15to1_7,3,3_minerr"
10000.0,,86.53985961923826,1000000.0,,,,,93670.0,,B,,9,13,0.0247486330381279,,,0.1,False,,0.0005,nan,0.09247664180155735,
10000.0,4477.346654510569,86.53985961923826,1000000.0,22749.79554331856,71301104676673.77,22638.0,111.79554331856004,93670.0,3134142658.1573987,C,7,9,13,0.0247486330381279,2.101696471333221,False,0.1,True,0,0.0005,0.7571282636562554,0.09247664180155735,cult_d1=3_d2=7_att1.4
100.0,,2.3462614568078815,1000000.0,,,,,93670.0,,B0,,9,13,0.03537557525675858,,,0.3,False,,0.0005,nan,0.1270758603428661,
100.0,20.744419352542085,2.3462614568078815,1000000.0,26076.0,1135956105977.4634,22638.0,3438,93670.0,43563280.640338376,A,7,9,13,0.03537557525675858,0.7580693159096429,False,0.3,True,3,0.0005,0.7216184477420733,0.1270758603428661,"15to1_9,3,3_minq"
100.0,,2.3462614568078815,1000000.0,,,,,93670.0,,B,,9,13,0.03537557525675858,,,0.3,False,,0.0005,nan,0.1270758603428661,
100.0,48.671831570729,2.3462614568078815,1000000.0,22762.369865699424,2326561087733.315,22638.0,124.36986569942535,93670.0,102210846.29853089,C,7,9,13,0.03537557525675858,0.9712751138936739,False,0.3,True,0,0.0005,0.7569940229988318,0.1270758603428661,cult_d1=3_d2=7_att1.6
10000.0,,0.042452192671982796,1000000.0,,,,,93670.0,,B0,,9,13,0.024614392380704345,,,0.3,False,,0.0005,nan,0.09197503328149736,
10000.0,1146.5092497530989,0.042452192671982796,1000000.0,25068.0,60355457132902.44,22638.0,2430,93670.0,2407669424.481508,A,7,9,13,0.024614392380704345,1.7611192925208017,False,0.3,True,3,0.0005,0.7323796306181274,0.09197503328149736,"15to1_7,3,3_minerr"
10000.0,,0.042452192671982796,1000000.0,,,,,93670.0,,B,,9,13,0.024614392380704345,,,0.3,False,,0.0005,nan,0.09197503328149736,
10000.0,48.671831570729,0.042452192671982796,1000000.0,22762.369865699424,2326561087733.315,22638.0,124.36986569942535,93670.0,102210846.29853089,C,7,9,13,0.024614392380704345,0.9712751138936739,False,0.3,True,0,0.0005,0.7569940229988318,0.09197503328149736,cult_d1=3_d2=7_att1.6
100.0,,0.7922598347377293,1000000.0,,,,,nan,,B0,,9,,nan,,,1.0,False,,0.0005,nan,0.12654481757580882,
100.0,91.33324703283516,0.7922598347377293,1000000.0,26076.0,16671240247397.467,22638.0,3438,nan,639332729.2298461,A,7,9,,nan,1.1286287182058872,False,1.0,True,3,0.0005,nan,0.12654481757580882,"15to1_9,3,3_minq"
100.0,,0.7922598347377293,1000000.0,,,,,nan,,B,,9,,nan,,,1.0,False,,0.0005,nan,0.12654481757580882,
100.0,72.3596632002942,0.7922598347377293,1000000.0,22776.21733689321,11536555908320.059,22638.0,138.21733689320885,nan,506517642.4020594,C,7,9,,nan,1.070412251503769,False,1.0,True,0,0.0005,nan,0.12654481757580882,cult_d1=3_d2=7_att1.8
10000.0,,17.162795232316068,1000000.0,,,,,nan,,B0,,9,,nan,,,1.0,False,,0.0005,nan,0.1270758603428661,
10000.0,91.33324703283516,17.162795232316068,1000000.0,26076.0,16671240247397.467,22638.0,3438,nan,639332729.2298461,A,7,9,,nan,1.1286287182058872,False,1.0,True,3,0.0005,nan,0.1270758603428661,"15to1_9,3,3_minq"
10000.0,,17.162795232316068,1000000.0,,,,,nan,,B,,9,,nan,,,1.0,False,,0.0005,nan,0.1270758603428661,
10000.0,1567.533816727089,17.162795232316068,1000000.0,22762.369865699424,249765491593334.44,22638.0,124.36986569942535,nan,10972736717.089622,C,7,9,,nan,1.8393147114859905,False,1.0,True,0,0.0005,nan,0.1270758603428661,cult_d1=3_d2=7_att1.6
100.0,,nan,100000000.0,,,,,nan,,B0,,9,,nan,,,0.1,False,,0.0005,nan,nan,
100.0,,nan,100000000.0,,,,,nan,,A,,9,,nan,,,0.1,False,,0.0005,nan,nan,
100.0,,nan,100000000.0,,,,,nan,,B,,9,,nan,,,0.1,False,,0.0005,nan,nan,
100.0,,nan,100000000.0,,,,,nan,,C,,9,,nan,,,0.1,False,,0.0005,nan,nan,
10000.0,,nan,100000000.0,,,,,nan,,B0,,9,,nan,,,0.1,False,,0.0005,nan,nan,
10000.0,,nan,100000000.0,,,,,nan,,A,,9,,nan,,,0.1,False,,0.0005,nan,nan,
10000.0,,nan,100000000.0,,,,,nan,,B,,9,,nan,,,0.1,False,,0.0005,nan,nan,
10000.0,,nan,100000000.0,,,,,nan,,C,,9,,nan,,,0.1,False,,0.0005,nan,nan,
100.0,,nan,100000000.0,,,,,nan,,B0,,9,,nan,,,0.3,False,,0.0005,nan,nan,
100.0,,nan,100000000.0,,,,,nan,,A,,9,,nan,,,0.3,False,,0.0005,nan,nan,
100.0,,nan,100000000.0,,,,,nan,,B,,9,,nan,,,0.3,False,,0.0005,nan,nan,
100.0,,nan,100000000.0,,,,,nan,,C,,9,,nan,,,0.3,False,,0.0005,nan,nan,
10000.0,,nan,100000000.0,,,,,nan,,B0,,9,,nan,,,0.3,False,,0.0005,nan,nan,
10000.0,,nan,100000000.0,,,,,nan,,A,,9,,nan,,,0.3,False,,0.0005,nan,nan,
10000.0,,nan,100000000.0,,,,,nan,,B,,9,,nan,,,0.3,False,,0.0005,nan,nan,
10000.0,,nan,100000000.0,,,,,nan,,C,,9,,nan,,,0.3,False,,0.0005,nan,nan,
100.0,,nan,100000000.0,,,,,nan,,B0,,9,,nan,,,1.0,False,,0.0005,nan,nan,
100.0,,nan,100000000.0,,,,,nan,,A,,9,,nan,,,1.0,False,,0.0005,nan,nan,
100.0,,nan,100000000.0,,,,,nan,,B,,9,,nan,,,1.0,False,,0.0005,nan,nan,
100.0,,nan,100000000.0,,,,,nan,,C,,9,,nan,,,1.0,False,,0.0005,nan,nan,
10000.0,,nan,100000000.0,,,,,nan,,B0,,9,,nan,,,1.0,False,,0.0005,nan,nan,
10000.0,,nan,100000000.0,,,,,nan,,A,,9,,nan,,,1.0,False,,0.0005,nan,nan,
10000.0,,nan,100000000.0,,,,,nan,,B,,9,,nan,,,1.0,False,,0.0005,nan,nan,
10000.0,,nan,100000000.0,,,,,nan,,C,,9,,nan,,,1.0,False,,0.0005,nan,nan,
100.0,,nan,10000000000.0,,,,,nan,,B0,,9,,nan,,,0.1,False,,0.0005,nan,nan,
100.0,,nan,10000000000.0,,,,,nan,,A,,9,,nan,,,0.1,False,,0.0005,nan,nan,
100.0,,nan,10000000000.0,,,,,nan,,B,,9,,nan,,,0.1,False,,0.0005,nan,nan,
100.0,,nan,10000000000.0,,,,,nan,,C,,9,,nan,,,0.1,False,,0.0005,nan,nan,
10000.0,,nan,10000000000.0,,,,,nan,,B0,,9,,nan,,,0.1,False,,0.0005,nan,nan,
10000.0,,nan,10000000000.0,,,,,nan,,A,,9,,nan,,,0.1,False,,0.0005,nan,nan,
10000.0,,nan,10000000000.0,,,,,nan,,B,,9,,nan,,,0.1,False,,0.0005,nan,nan,
10000.0,,nan,10000000000.0,,,,,nan,,C,,9,,nan,,,0.1,False,,0.0005,nan,nan,
100.0,,nan,10000000000.0,,,,,nan,,B0,,9,,nan,,,0.3,False,,0.0005,nan,nan,
100.0,,nan,10000000000.0,,,,,nan,,A,,9,,nan,,,0.3,False,,0.0005,nan,nan,
100.0,,nan,10000000000.0,,,,,nan,,B,,9,,nan,,,0.3,False,,0.0005,nan,nan,
100.0,,nan,10000000000.0,,,,,nan,,C,,9,,nan,,,0.3,False,,0.0005,nan,nan,
10000.0,,nan,10000000000.0,,,,,nan,,B0,,9,,nan,,,0.3,False,,0.0005,nan,nan,
10000.0,,nan,10000000000.0,,,,,nan,,A,,9,,nan,,,0.3,False,,0.0005,nan,nan,
10000.0,,nan,10000000000.0,,,,,nan,,B,,9,,nan,,,0.3,False,,0.0005,nan,nan,
10000.0,,nan,10000000000.0,,,,,nan,,C,,9,,nan,,,0.3,False,,0.0005,nan,nan,
100.0,,nan,10000000000.0,,,,,nan,,B0,,9,,nan,,,1.0,False,,0.0005,nan,nan,
100.0,,nan,10000000000.0,,,,,nan,,A,,9,,nan,,,1.0,False,,0.0005,nan,nan,
100.0,,nan,10000000000.0,,,,,nan,,B,,9,,nan,,,1.0,False,,0.0005,nan,nan,
100.0,,nan,10000000000.0,,,,,nan,,C,,9,,nan,,,1.0,False,,0.0005,nan,nan,
10000.0,,nan,10000000000.0,,,,,nan,,B0,,9,,nan,,,1.0,False,,0.0005,nan,nan,
10000.0,,nan,10000000000.0,,,,,nan,,A,,9,,nan,,,1.0,False,,0.0005,nan,nan,
10000.0,,nan,10000000000.0,,,,,nan,,B,,9,,nan,,,1.0,False,,0.0005,nan,nan,
10000.0,,nan,10000000000.0,,,,,nan,,C,,9,,nan,,,1.0,False,,0.0005,nan,nan,
100.0,1.0,0.6394227948510427,10000.0,40860.0,367740000.0,37422.0,3438,40860.0,9000.0,B0,9,11,9,0.04727083307278549,0.000804533151000637,False,0.1,True,3,0.0005,0.0,0.14162532917979287,"15to1_9,3,3_minq"
100.0,2.7991634195476705,0.6394227948510427,10000.0,13638.0,190874953.57895565,11550.0,2088,40860.0,13995.817097738352,A,5,11,9,0.04727083307278549,0.2573301484512313,False,0.1,True,4,0.0005,0.6662261380323055,0.14162532917979287,"15to1_5,3,3_minerr"
100.0,1.0,0.6394227948510427,10000.0,37529.50237313916,337765521.35825247,37422.0,107.50237313916244,40860.0,9000.0,B,9,11,9,0.04727083307278549,0.0007463166842985188,False,0.1,True,0,0.0005,0.08150997618357403,0.14162532917979287,cult_d1=3_d2=7_att1.8
100.0,1.7898488969719732,0.6394227948510427,10000.0,11706.513760645985,104764453.70939721,11550.0,156.51376064598406,40860.0,8949.244484859866,C,5,11,9,0.04727083307278549,0.1455328002975131,False,0.1,True,0,0.0005,0.7134969711050909,0.14162532917979287,cult_d1=3_d2=7_att1.4
10000.0,1.0,0.6394227948510427,10000.0,40860.0,367740000.0,37422.0,3438,40860.0,9000.0,B0,9,11,9,0.04727083307278549,0.000804533151000637,False,0.1,True,3,0.0005,0.0,0.14162532917979287,"15to1_9,3,3_minq"
10000.0,2.7991634195476705,0.6394227948510427,10000.0,13638.0,190874953.57895565,11550.0,2088,40860.0,13995.817097738352,A,5,11,9,0.04727083307278549,0.2573301484512313,False,0.1,True,4,0.0005,0.6662261380323055,0.14162532917979287,"15to1_5,3,3_minerr"
10000.0,1.0,0.6394227948510427,10000.0,37529.50237313916,337765521.35825247,37422.0,107.50237313916244,40860.0,9000.0,B,9,11,9,0.04727083307278549,0.0007463166842985188,False,0.1,True,0,0.0005,0.08150997618357403,0.14162532917979287,cult_d1=3_d2=7_att1.8
10000.0,1.7898488969719732,0.6394227948510427,10000.0,11706.513760645985,104764453.70939721,11550.0,156.51376064598406,40860.0,8949.244484859866,C,5,11,9,0.04727083307278549,0.1455328002975131,False,0.1,True,0,0.0005,0.7134969711050909,0.14162532917979287,cult_d1=3_d2=7_att1.4
100.0,1.0,0.26143536979896154,10000.0,43766.0,1181682000.0,37422.0,6344,43766.0,27000.0,B0,9,11,9,0.04413211715381838,0.0009993497098856174,False,0.3,True,4,0.0005,0.0,0.14162532917979287,"15to1_9,5,5_minerr"
100.0,7.720618251810976,0.26143536979896154,10000.0,13638.0,1579406875.7729714,11550.0,2088,43766.0,115809.27377716464,A,5,11,9,0.04413211715381838,0.5109736113153929,False,0.3,True,4,0.0005,0.6883882465841065,0.14162532917979287,"15to1_5,3,3_minerr"
100.0,1.0,0.26143536979896154,10000.0,37930.29437632542,1024117948.1607864,37422.0,508.294376325422,43766.0,27000.0,B,9,11,9,0.04413211715381838,0.0003710018658202834,True,0.3,True,0,0.0005,0.13333879321104458,0.14162532917979287,cult_d1=5_d2=11scaled_att5
100.0,2.018442687738814,0.26143536979896154,10000.0,11706.513760645985,354433906.4863454,11550.0,156.51376064598406,43766.0,30276.640316082212,C,5,11,9,0.04413211715381838,0.17558156685423817,False,0.3,True,0,0.0005,0.7325203637379247,0.14162532917979287,cult_d1=3_d2=7_att1.4
10000.0,1.0,0.26143536979896154,10000.0,43766.0,1181682000.0,37422.0,6344,43766.0,27000.0,B0,9,11,9,0.04413211715381838,0.0009993497098856174,False,0.3,True,4,0.0005,0.0,0.14162532917979287,"15to1_9,5,5_minerr"
10000.0,7.720618251810976,0.26143536979896154,10000.0,13638.0,1579406875.7729714,11550.0,2088,43766.0,115809.27377716464,A,5,11,9,0.04413211715381838,0.5109736113153929,False,0.3,True,4,0.0005,0.6883882465841065,0.14162532917979287,"15to1_5,3,3_minerr"
10000.0,1.0,0.26143536979896154,10000.0,37930.29437632542,1024117948.1607864,37422.0,508.294376325422,43766.0,27000.0,B,9,11,9,0.04413211715381838,0.0003710018658202834,True,0.3,True,0,0.0005,0.13333879321104458,0.14162532917979287,cult_d1=5_d2=11scaled_att5
10000.0,2.018442687738814,0.26143536979896154,10000.0,11706.513760645985,354433906.4863454,11550.0,156.51376064598406,43766.0,30276.640316082212,C,5,11,9,0.04413211715381838,0.17558156685423817,False,0.3,True,0,0.0005,0.7325203637379247,0.14162532917979287,cult_d1=3_d2=7_att1.4
100.0,1.0,1.562145991103315,10000.0,45686.0,4111740000.0,37422.0,8264,45686.0,90000.0,B0,9,11,9,0.0674930227937227,0.0003805835016143355,False,1.0,True,4,0.0005,0.0,0.20848453274875023,"15to1_11,5,5_minerr"
100.0,1.9678636013016442,1.562145991103315,10000.0,14790.0,1455235133.162566,11550.0,3240,45686.0,98393.18006508221,A,5,11,9,0.0674930227937227,0.16923712198661173,False,1.0,True,4,0.0005,0.6762684410979294,0.20848453274875023,"15to1_7,3,3_minerr"
100.0,1.0,1.562145991103315,10000.0,37930.29437632542,3413726493.869288,37422.0,508.294376325422,45686.0,90000.0,B,9,11,9,0.0674930227937227,0.0005946268747202728,True,1.0,True,0,0.0005,0.16976110019862933,0.20848453274875023,cult_d1=5_d2=11scaled_att5
100.0,3.0740902358114957,1.562145991103315,10000.0,11706.513760645985,1799343982.3497367,11550.0,156.51376064598406,45686.0,153704.5117905748,C,5,11,9,0.0674930227937227,0.28075224980277597,False,1.0,True,0,0.0005,0.7437614638916521,0.20848453274875023,cult_d1=3_d2=7_att1.4
10000.0,1.0,0.01142565599723933,10000.0,45686.0,4111740000.0,37422.0,8264,45686.0,90000.0,B0,9,11,9,0.04227742063989001,0.0003805835016143355,False,1.0,True,4,0.0005,0.0,0.14162532917979287,"15to1_11,5,5_minerr"
10000.0,269.0515307439904,0.01142565599723933,10000.0,13638.0,183466238814.32706,11550.0,2088,45686.0,13452576.53719952,A,5,11,9,0.04227742063989001,1.3987257313399581,False,1.0,True,4,0.0005,0.701484043251762,0.14162532917979287,"15to1_5,3,3_minerr"
10000.0,1.0,0.01142565599723933,10000.0,37930.29437632542,3413726493.869288,37422.0,508.294376325422,45686.0,90000.0,B,9,11,9,0.04227742063989001,0.0005946268747202728,True,1.0,True,0,0.0005,0.16976110019862933,0.14162532917979287,cult_d1=5_d2=11scaled_att5
10000.0,3.0740902358114957,0.01142565599723933,10000.0,11706.513760645985,1799343982.3497367,11550.0,156.51376064598406,45686.0,153704.5117905748,C,5,11,9,0.04227742063989001,0.28075224980277597,False,1.0,True,0,0.0005,0.7437614638916521,0.14162532917979287,cult_d1=3_d2=7_att1.4
100.0,1.0,1.562145991103315,100000.0,62100.0,6831000000.0,55902.0,6198,62100.0,110000.0,B0,11,11,11,0.03733018448762383,0.00023176788316229643,False,0.1,True,3,0.0005,0.0,0.09247664180155735,"15to1_11,5,5_minerr"
100.0,1.4838173791023659,1.562145991103315,100000.0,25068.0,2603743384.1536674,22638.0,2430,62100.0,103867.21653716562,A,7,11,11,0.03733018448762383,0.09865451931715785,False,0.1,True,3,0.0005,0.596328502415459,0.09247664180155735,"15to1_7,3,3_minerr"
100.0,1.0,1.562145991103315,100000.0,56317.877216993526,6194966493.8692875,55902.0,415.8772169935271,62100.0,110000.0,B,11,11,11,0.03733018448762383,0.0004458112562682338,True,0.1,True,0,0.0005,0.09310986768126372,0.09247664180155735,cult_d1=5_d2=11scaled_att5
100.0,2.3179393702941886,1.562145991103315,100000.0,22749.79554331856,3691285272.920095,22638.0,111.79554331856004,62100.0,162255.7559205932,C,7,11,11,0.03733018448762383,0.2101696471333221,False,0.1,True,0,0.0005,0.6336586869030827,0.09247664180155735,cult_d1=3_d2=7_att1.4
10000.0,1.0,1.5621459911033158,100000.0,62100.0,6831000000.0,55902.0,6198,62100.0,110000.0,B0,11,11,11,0.04965356263049944,0.00023176788316229643,False,0.1,True,3,0.0005,0.0,0.20848453274875023,"15to1_11,5,5_minerr"
10000.0,215.99418815575768,1.5621459911033158,100000.0,14790.0,159727702141.1828,11550.0,3240,62100.0,10799709.407787884,A,5,11,11,0.04965356263049944,1.3438128751589666,False,0.1,True,4,0.0005,0.7618357487922706,0.20848453274875023,"15to1_7,3,3_minerr"
10000.0,1.0,1.5621459911033158,100000.0,56317.877216993526,6194966493.8692875,55902.0,415.8772169935271,62100.0,110000.0,B,11,11,11,0.04965356263049944,0.0004458112562682338,True,0.1,True,0,0.0005,0.09310986768126372,0.20848453274875023,cult_d1=5_d2=11scaled_att5
10000.0,337.41445512913214,1.5621459911033158,100000.0,11706.513760645985,197497348100.50262,11550.0,156.51376064598406,62100.0,16870722.756456606,C,5,11,11,0.04965356263049944,1.455328002975131,False,0.1,True,0,0.0005,0.8114893114227699,0.20848453274875023,cult_d1=3_d2=7_att1.4
100.0,1.0,3.8121050144301445,100000.0,62100.0,20493000000.0,55902.0,6198,62100.0,330000.0,B0,11,11,11,0.03733018448762383,0.00044260973380753454,False,0.3,True,3,0.0005,0.0,0.09247664180155735,"15to1_11,5,5_minerr"
100.0,2.022729257417004,3.8121050144301445,100000.0,25068.0,10648213175.235188,22638.0,2430,62100.0,424773.1440575709,A,7,11,11,0.03733018448762383,0.1761119292520802,False,0.3,True,3,0.0005,0.596328502415459,0.09247664180155735,"15to1_7,3,3_minerr"
100.0,1.0,3.8121050144301445,100000.0,56365.14702118569,18600498516.991276,55902.0,463.1470211856858,62100.0,330000.0,B,11,11,11,0.03733018448762383,0.00047060053359451856,True,0.3,True,0,0.0005,0.09234867920795997,0.09247664180155735,cult_d1=5_d2=11scaled_att5
100.0,7.710856345033924,3.8121050144301445,100000.0,22749.79554331856,36838285115.8187,22638.0,111.79554331856004,62100.0,1619279.832457124,C,7,11,11,0.03733018448762383,0.5106573127005729,False,0.3,True,0,0.0005,0.6336586869030827,0.09247664180155735,cult_d1=3_d2=7_att1.4
10000.0,1.0,3.8121050144301423,100000.0,62100.0,20493000000.0,55902.0,6198,62100.0,330000.0,B0,11,11,11,0.04965356263049944,0.00044260973380753454,False,0.3,True,3,0.0005,0.0,0.20848453274875023,"15to1_11,5,5_minerr"
10000.0,294.44173519451925,3.8121050144301423,100000.0,14790.0,653218989529.041,11550.0,3240,62100.0,44166260.27917789,A,5,11,11,0.04965356263049944,1.421270285093889,False,0.3,True,4,0.0005,0.7618357487922706,0.20848453274875023,"15to1_7,3,3_minerr"
10000.0,1.0,3.8121050144301423,100000.0,56365.14702118569,18600498516.991276,55902.0,463.1470211856858,62100.0,330000.0,B,11,11,11,0.04965356263049944,0.00047060053359451856,True,0.3,True,0,0.0005,0.09234867920795997,0.20848453274875023,cult_d1=5_d2=11scaled_att5
10000.0,1122.442815192539,3.8121050144301423,100000.0,11706.513760645985,1970983839238.4517,11550.0,156.51376064598406,62100.0,168366422.27888086,C,5,11,11,0.04965356263049944,1.7558156685423816,False,0.3,True,0,0.0005,0.8114893114227699,0.20848453274875023,cult_d1=3_d2=7_att1.4
100.0,,0.34884570118074787,100000.0,,,,,71494.0,,B0,,11,11,0.032249281538318963,,,1.0,False,,0.0005,nan,0.09197503328149736,
100.0,5.982577266262315,0.34884570118074787,100000.0,25068.0,104979872837.4646,22638.0,2430,71494.0,4187804.0863836207,A,7,11,11,0.032249281538318963,0.4472128640243084,False,1.0,True,3,0.0005,0.6493691778331049,0.09197503328149736,"15to1_7,3,3_minerr"
100.0,1.0,0.34884570118074787,100000.0,56422.269417635034,62064496359.39854,55902.0,520.2694176350374,71494.0,1100000.0,B,11,11,11,0.032249281538318963,0.00023262704776738684,True,1.0,True,0,0.0005,0.2108111251624607,0.09197503328149736,cult_d1=5_d2=11scaled_att6
100.0,2.0869963613172793,0.34884570118074787,100000.0,22762.369865699424,33253488159.27095,22638.0,124.36986569942535,71494.0,1460897.4529220955,C,7,11,11,0.032249281538318963,0.18393147114859906,False,1.0,True,0,0.0005,0.6816184593714238,0.09197503328149736,cult_d1=3_d2=7_att1.6
10000.0,,0.34884570118074776,100000.0,,,,,71494.0,,B0,,11,11,0.042883069740409056,,,1.0,False,,0.0005,nan,0.2072942655862613,
10000.0,870.8631789224206,0.34884570118074776,100000.0,14790.0,6440033208131.301,11550.0,3240,71494.0,435431589.4612103,A,5,11,11,0.042883069740409056,1.6923712198661172,False,1.0,True,4,0.0005,0.7931294933840602,0.2072942655862613,"15to1_7,3,3_minerr"
10000.0,1.0,0.34884570118074776,100000.0,56422.269417635034,62064496359.39854,55902.0,520.2694176350374,71494.0,1100000.0,B,11,11,11,0.042883069740409056,0.00023262704776738684,True,1.0,True,0,0.0005,0.2108111251624607,0.2072942655862613,cult_d1=5_d2=11scaled_att6
10000.0,303.7968762836868,0.34884570118074776,100000.0,11724.117811979195,1780875184230.6062,11550.0,174.1178119791955,71494.0,151898438.1418434,C,5,11,11,0.042883069740409056,1.4290898269904078,False,1.0,True,0,0.0005,0.8360125631244693,0.2072942655862613,cult_d1=3_d2=7_att1.6
100.0,,0.34884570118074787,1000000.0,,,,,93670.0,,B0,,11,13,0.024614392380704345,,,0.1,False,,0.0005,nan,0.09197503328149736,
100.0,51.73739215906045,0.34884570118074787,1000000.0,25068.0,907867062650.3292,22638.0,2430,93670.0,36216174.51134232,A,7,11,13,0.024614392380704345,0.9865451931715784,False,0.1,True,3,0.0005,0.7323796306181274,0.09197503328149736,"15to1_7,3,3_minerr"
100.0,,0.34884570118074787,1000000.0,,,,,93670.0,,B,,11,13,0.024614392380704345,,,0.1,False,,0.0005,nan,0.09197503328149736,
100.0,18.04836684499077,0.34884570118074787,1000000.0,22762.369865699424,287576521118.2545,22638.0,124.36986569942535,93670.0,12633856.791493539,C,7,11,13,0.024614392380704345,0.7232638002958691,False,0.1,True,0,0.0005,0.7569940229988318,0.09197503328149736,cult_d1=3_d2=7_att1.6
10000.0,,86.53985961923826,1000000.0,,,,,93670.0,,B0,,11,13,0.0247486330381279,,,0.1,False,,0.0005,nan,0.09247664180155735,
10000.0,51.73739215906045,86.53985961923826,1000000.0,25068.0,907867062650.3292,22638.0,2430,93670.0,36216174.51134232,A,7,11,13,0.0247486330381279,0.9865451931715784,False,0.1,True,3,0.0005,0.7323796306181274,0.09247664180155735,"15to1_7,3,3_minerr"
10000.0,,86.53985961923826,1000000.0,,,,,93670.0,,B,,11,13,0.0247486330381279,,,0.1,False,,0.0005,nan,0.09247664180155735,
10000.0,4477.346654510569,86.53985961923826,1000000.0,22749.79554331856,71301104676673.77,22638.0,111.79554331856004,93670.0,3134142658.1573987,C,7,11,13,0.0247486330381279,2.101696471333221,False,0.1,True,0,0.0005,0.7571282636562554,0.09247664180155735,cult_d1=3_d2=7_att1.4
100.0,,2.3462614568078815,1000000.0,,,,,93670.0,,B0,,11,13,0.03537557525675858,,,0.3,False,,0.0005,nan,0.1270758603428661,
100.0,20.744419352542085,2.3462614568078815,1000000.0,26076.0,1135956105977.4634,22638.0,3438,93670.0,43563280.640338376,A,7,11,13,0.03537557525675858,0.7580693159096429,False,0.3,True,3,0.0005,0.7216184477420733,0.1270758603428661,"15to1_9,3,3_minq"
100.0,,2.3462614568078815,1000000.0,,,,,93670.0,,B,,11,13,0.03537557525675858,,,0.3,False,,0.0005,nan,0.1270758603428661,
100.0,48.671831570729,2.3462614568078815,1000000.0,22762.369865699424,2326561087733.315,22638.0,124.36986569942535,93670.0,102210846.29853089,C,7,11,13,0.03537557525675858,0.9712751138936739,False,0.3,True,0,0.0005,0.7569940229988318,0.1270758603428661,cult_d1=3_d2=7_att1.6
10000.0,,0.042452192671982796,1000000.0,,,,,93670.0,,B0,,11,13,0.024614392380704345,,,0.3,False,,0.0005,nan,0.09197503328149736,
10000.0,1146.5092497530989,0.042452192671982796,1000000.0,25068.0,60355457132902.44,22638.0,2430,93670.0,2407669424.481508,A,7,11,13,0.024614392380704345,1.7611192925208017,False,0.3,True,3,0.0005,0.7323796306181274,0.09197503328149736,"15to1_7,3,3_minerr"
10000.0,,0.042452192671982796,1000000.0,,,,,93670.0,,B,,11,13,0.024614392380704345,,,0.3,False,,0.0005,nan,0.09197503328149736,
10000.0,48.671831570729,0.042452192671982796,1000000.0,22762.369865699424,2326561087733.315,22638.0,124.36986569942535,93670.0,102210846.29853089,C,7,11,13,0.024614392380704345,0.9712751138936739,False,0.3,True,0,0.0005,0.7569940229988318,0.09197503328149736,cult_d1=3_d2=7_att1.6
100.0,,0.7922598347377293,1000000.0,,,,,nan,,B0,,11,,nan,,,1.0,False,,0.0005,nan,0.12654481757580882,
100.0,91.33324703283516,0.7922598347377293,1000000.0,26076.0,16671240247397.467,22638.0,3438,nan,639332729.2298461,A,7,11,,nan,1.1286287182058872,False,1.0,True,3,0.0005,nan,0.12654481757580882,"15to1_9,3,3_minq"
100.0,,0.7922598347377293,1000000.0,,,,,nan,,B,,11,,nan,,,1.0,False,,0.0005,nan,0.12654481757580882,
100.0,72.3596632002942,0.7922598347377293,1000000.0,22776.21733689321,11536555908320.059,22638.0,138.21733689320885,nan,506517642.4020594,C,7,11,,nan,1.070412251503769,False,1.0,True,0,0.0005,nan,0.12654481757580882,cult_d1=3_d2=7_att1.8
10000.0,,17.162795232316068,1000000.0,,,,,nan,,B0,,11,,nan,,,1.0,False,,0.0005,nan,0.1270758603428661,
10000.0,91.33324703283516,17.162795232316068,1000000.0,26076.0,16671240247397.467,22638.0,3438,nan,639332729.2298461,A,7,11,,nan,1.1286287182058872,False,1.0,True,3,0.0005,nan,0.1270758603428661,"15to1_9,3,3_minq"
10000.0,,17.162795232316068,1000000.0,,,,,nan,,B,,11,,nan,,,1.0,False,,0.0005,nan,0.1270758603428661,
10000.0,1567.533816727089,17.162795232316068,1000000.0,22762.369865699424,249765491593334.44,22638.0,124.36986569942535,nan,10972736717.089622,C,7,11,,nan,1.8393147114859905,False,1.0,True,0,0.0005,nan,0.1270758603428661,cult_d1=3_d2=7_att1.6
100.0,,2.3541353202499637,100000000.0,,,,,nan,,B0,,11,,nan,,,0.1,False,,0.0005,nan,0.09310986768126372,
100.0,2.5270978075151564,2.3541353202499637,100000000.0,62100.0,17262605123136.033,55902.0,6198,nan,277980758.8266672,A,11,11,,nan,0.23176788316229643,False,0.1,True,3,0.0005,nan,0.09310986768126372,"15to1_11,5,5_minerr"
100.0,,2.3541353202499637,100000000.0,,,,,nan,,B,,11,,nan,,,0.1,False,,0.0005,nan,0.09310986768126372,
100.0,5.949130206397674,2.3541353202499637,100000000.0,56317.877216993526,36854662296299.27,55902.0,415.8772169935271,nan,654404322.7037442,C,11,11,,nan,0.4458112562682338,True,0.1,True,0,0.0005,nan,0.09310986768126372,cult_d1=5_d2=11scaled_att5
10000.0,,2.3541353202499637,100000000.0,,,,,nan,,B0,,11,,nan,,,0.1,False,,0.0005,nan,0.09310986768126372,
10000.0,2.5270978075151564,2.3541353202499637,100000000.0,62100.0,17262605123136.033,55902.0,6198,nan,277980758.8266672,A,11,11,,nan,0.23176788316229643,False,0.1,True,3,0.0005,nan,0.09310986768126372,"15to1_11,5,5_minerr"
10000.0,,2.3541353202499637,100000000.0,,,,,nan,,B,,11,,nan,,,0.1,False,,0.0005,nan,0.09310986768126372,
10000.0,5.949130206397674,2.3541353202499637,100000000.0,56317.877216993526,36854662296299.27,55902.0,415.8772169935271,nan,654404322.7037442,C,11,11,,nan,0.4458112562682338,True,0.1,True,0,0.0005,nan,0.09310986768126372,cult_d1=5_d2=11scaled_att5
100.0,,13.046507550117518,100000000.0,,,,,nan,,B0,,11,,nan,,,0.3,False,,0.0005,nan,0.09310986768126372,
100.0,5.873430851388089,13.046507550117518,100000000.0,62100.0,120364218437496.11,55902.0,6198,nan,1938232180.9580693,A,11,11,,nan,0.44260973380753454,False,0.3,True,3,0.0005,nan,0.09310986768126372,"15to1_11,5,5_minerr"
100.0,,13.046507550117518,100000000.0,,,,,nan,,B,,11,,nan,,,0.3,False,,0.0005,nan,0.09310986768126372,
100.0,76.62775994772787,13.046507550117518,100000000.0,56317.877216993526,1424119216129299.2,55902.0,415.8772169935271,nan,25287160782.750195,C,11,11,,nan,1.0847398531253465,True,0.3,True,0,0.0005,nan,0.09310986768126372,cult_d1=5_d2=11scaled_att5
10000.0,,13.046507550117518,100000000.0,,,,,nan,,B0,,11,,nan,,,0.3,False,,0.0005,nan,0.09310986768126372,
10000.0,5.873430851388089,13.046507550117518,100000000.0,62100.0,120364218437496.11,55902.0,6198,nan,1938232180.9580693,A,11,11,,nan,0.44260973380753454,False,0.3,True,3,0.0005,nan,0.09310986768126372,"15to1_11,5,5_minerr"
10000.0,,13.046507550117518,100000000.0,,,,,nan,,B,,11,,nan,,,0.3,False,,0.0005,nan,0.09310986768126372,
10000.0,76.62775994772787,13.046507550117518,100000000.0,56317.877216993526,1424119216129299.2,55902.0,415.8772169935271,nan,25287160782.750195,C,11,11,,nan,1.0847398531253465,True,0.3,True,0,0.0005,nan,0.09310986768126372,cult_d1=5_d2=11scaled_att5
100.0,,nan,100000000.0,,,,,nan,,B0,,11,,nan,,,1.0,False,,0.0005,nan,nan,
100.0,,nan,100000000.0,,,,,nan,,A,,11,,nan,,,1.0,False,,0.0005,nan,nan,
100.0,,nan,100000000.0,,,,,nan,,B,,11,,nan,,,1.0,False,,0.0005,nan,nan,
100.0,2.5357975198818954,nan,100000000.0,56422.269417635034,157382995940881.72,55902.0,520.2694176350374,nan,2789377271.870085,C,11,11,,nan,0.23262704776738682,True,1.0,True,0,0.0005,nan,nan,cult_d1=5_d2=11scaled_att6
10000.0,,1.4523902736996073,100000000.0,,,,,nan,,B0,,11,,nan,,,1.0,False,,0.0005,nan,0.09234867920795997,
10000.0,112.4180873799084,1.4523902736996073,100000000.0,62100.0,7679279548921543.0,55902.0,6198,nan,123659896117.89925,A,11,11,,nan,1.1805562110658678,False,1.0,True,3,0.0005,nan,0.09234867920795997,"15to1_11,5,5_minerr"
10000.0,,1.4523902736996073,100000000.0,,,,,nan,,B,,11,,nan,,,1.0,False,,0.0005,nan,0.09234867920795997,
10000.0,163.27493669849153,1.4523902736996073,100000000.0,56365.14702118569,1.0123317393073786e+16,55902.0,463.1470211856858,nan,179602430368.34067,C,11,11,,nan,1.2738588770224815,True,1.0,True,0,0.0005,nan,0.09234867920795997,cult_d1=5_d2=11scaled_att5
100.0,,nan,10000000000.0,,,,,nan,,B0,,11,,nan,,,0.1,False,,0.0005,nan,nan,
100.0,,nan,10000000000.0,,,,,nan,,A,,11,,nan,,,0.1,False,,0.0005,nan,nan,
100.0,,nan,10000000000.0,,,,,nan,,B,,11,,nan,,,0.1,False,,0.0005,nan,nan,
100.0,,nan,10000000000.0,,,,,nan,,C,,11,,nan,,,0.1,False,,0.0005,nan,nan,
10000.0,,nan,10000000000.0,,,,,nan,,B0,,11,,nan,,,0.1,False,,0.0005,nan,nan,
10000.0,,nan,10000000000.0,,,,,nan,,A,,11,,nan,,,0.1,False,,0.0005,nan,nan,
10000.0,,nan,10000000000.0,,,,,nan,,B,,11,,nan,,,0.1,False,,0.0005,nan,nan,
10000.0,,nan,10000000000.0,,,,,nan,,C,,11,,nan,,,0.1,False,,0.0005,nan,nan,
100.0,,nan,10000000000.0,,,,,nan,,B0,,11,,nan,,,0.3,False,,0.0005,nan,nan,
100.0,,nan,10000000000.0,,,,,nan,,A,,11,,nan,,,0.3,False,,0.0005,nan,nan,
100.0,,nan,10000000000.0,,,,,nan,,B,,11,,nan,,,0.3,False,,0.0005,nan,nan,
100.0,,nan,10000000000.0,,,,,nan,,C,,11,,nan,,,0.3,False,,0.0005,nan,nan,
10000.0,,nan,10000000000.0,,,,,nan,,B0,,11,,nan,,,0.3,False,,0.0005,nan,nan,
10000.0,,nan,10000000000.0,,,,,nan,,A,,11,,nan,,,0.3,False,,0.0005,nan,nan,
10000.0,,nan,10000000000.0,,,,,nan,,B,,11,,nan,,,0.3,False,,0.0005,nan,nan,
10000.0,,nan,10000000000.0,,,,,nan,,C,,11,,nan,,,0.3,False,,0.0005,nan,nan,
100.0,,nan,10000000000.0,,,,,nan,,B0,,11,,nan,,,1.0,False,,0.0005,nan,nan,
100.0,,nan,10000000000.0,,,,,nan,,A,,11,,nan,,,1.0,False,,0.0005,nan,nan,
100.0,,nan,10000000000.0,,,,,nan,,B,,11,,nan,,,1.0,False,,0.0005,nan,nan,
100.0,,nan,10000000000.0,,,,,nan,,C,,11,,nan,,,1.0,False,,0.0005,nan,nan,
10000.0,,nan,10000000000.0,,,,,nan,,B0,,11,,nan,,,1.0,False,,0.0005,nan,nan,
10000.0,,nan,10000000000.0,,,,,nan,,A,,11,,nan,,,1.0,False,,0.0005,nan,nan,
10000.0,,nan,10000000000.0,,,,,nan,,B,,11,,nan,,,1.0,False,,0.0005,nan,nan,
10000.0,,nan,10000000000.0,,,,,nan,,C,,11,,nan,,,1.0,False,,0.0005,nan,nan,
100.0,1.0,0.6394227948510427,10000.0,40860.0,367740000.0,37422.0,3438,40860.0,9000.0,B0,9,13,9,0.04727083307278549,0.000804533151000637,False,0.1,True,3,0.0005,0.0,0.14162532917979287,"15to1_9,3,3_minq"
100.0,2.7991634195476705,0.6394227948510427,10000.0,13638.0,190874953.57895565,11550.0,2088,40860.0,13995.817097738352,A,5,13,9,0.04727083307278549,0.2573301484512313,False,0.1,True,4,0.0005,0.6662261380323055,0.14162532917979287,"15to1_5,3,3_minerr"
100.0,1.0,0.6394227948510427,10000.0,37529.50237313916,337765521.35825247,37422.0,107.50237313916244,40860.0,9000.0,B,9,13,9,0.04727083307278549,0.0007463166842985188,False,0.1,True,0,0.0005,0.08150997618357403,0.14162532917979287,cult_d1=3_d2=7_att1.8
100.0,1.7898488969719732,0.6394227948510427,10000.0,11706.513760645985,104764453.70939721,11550.0,156.51376064598406,40860.0,8949.244484859866,C,5,13,9,0.04727083307278549,0.1455328002975131,False,0.1,True,0,0.0005,0.7134969711050909,0.14162532917979287,cult_d1=3_d2=7_att1.4
10000.0,1.0,0.6394227948510427,10000.0,40860.0,367740000.0,37422.0,3438,40860.0,9000.0,B0,9,13,9,0.04727083307278549,0.000804533151000637,False,0.1,True,3,0.0005,0.0,0.14162532917979287,"15to1_9,3,3_minq"
10000.0,2.7991634195476705,0.6394227948510427,10000.0,13638.0,190874953.57895565,11550.0,2088,40860.0,13995.817097738352,A,5,13,9,0.04727083307278549,0.2573301484512313,False,0.1,True,4,0.0005,0.6662261380323055,0.14162532917979287,"15to1_5,3,3_minerr"
10000.0,1.0,0.6394227948510427,10000.0,37529.50237313916,337765521.35825247,37422.0,107.50237313916244,40860.0,9000.0,B,9,13,9,0.04727083307278549,0.0007463166842985188,False,0.1,True,0,0.0005,0.08150997618357403,0.14162532917979287,cult_d1=3_d2=7_att1.8
10000.0,1.7898488969719732,0.6394227948510427,10000.0,11706.513760645985,104764453.70939721,11550.0,156.51376064598406,40860.0,8949.244484859866,C,5,13,9,0.04727083307278549,0.1455328002975131,False,0.1,True,0,0.0005,0.7134969711050909,0.14162532917979287,cult_d1=3_d2=7_att1.4
100.0,1.0,0.26143536979896154,10000.0,43766.0,1181682000.0,37422.0,6344,43766.0,27000.0,B0,9,13,9,0.04413211715381838,0.0009993497098856174,False,0.3,True,4,0.0005,0.0,0.14162532917979287,"15to1_9,5,5_minerr"
100.0,7.720618251810976,0.26143536979896154,10000.0,13638.0,1579406875.7729714,11550.0,2088,43766.0,115809.27377716464,A,5,13,9,0.04413211715381838,0.5109736113153929,False,0.3,True,4,0.0005,0.6883882465841065,0.14162532917979287,"15to1_5,3,3_minerr"
100.0,1.0,0.26143536979896154,10000.0,37930.29437632542,1024117948.1607864,37422.0,508.294376325422,43766.0,27000.0,B,9,13,9,0.04413211715381838,0.0003710018658202834,True,0.3,True,0,0.0005,0.13333879321104458,0.14162532917979287,cult_d1=5_d2=11scaled_att5
100.0,2.018442687738814,0.26143536979896154,10000.0,11706.513760645985,354433906.4863454,11550.0,156.51376064598406,43766.0,30276.640316082212,C,5,13,9,0.04413211715381838,0.17558156685423817,False,0.3,True,0,0.0005,0.7325203637379247,0.14162532917979287,cult_d1=3_d2=7_att1.4
10000.0,1.0,0.26143536979896154,10000.0,43766.0,1181682000.0,37422.0,6344,43766.0,27000.0,B0,9,13,9,0.04413211715381838,0.0009993497098856174,False,0.3,True,4,0.0005,0.0,0.14162532917979287,"15to1_9,5,5_minerr"
10000.0,7.720618251810976,0.26143536979896154,10000.0,13638.0,1579406875.7729714,11550.0,2088,43766.0,115809.27377716464,A,5,13,9,0.04413211715381838,0.5109736113153929,False,0.3,True,4,0.0005,0.6883882465841065,0.14162532917979287,"15to1_5,3,3_minerr"
10000.0,1.0,0.26143536979896154,10000.0,37930.29437632542,1024117948.1607864,37422.0,508.294376325422,43766.0,27000.0,B,9,13,9,0.04413211715381838,0.0003710018658202834,True,0.3,True,0,0.0005,0.13333879321104458,0.14162532917979287,cult_d1=5_d2=11scaled_att5
10000.0,2.018442687738814,0.26143536979896154,10000.0,11706.513760645985,354433906.4863454,11550.0,156.51376064598406,43766.0,30276.640316082212,C,5,13,9,0.04413211715381838,0.17558156685423817,False,0.3,True,0,0.0005,0.7325203637379247,0.14162532917979287,cult_d1=3_d2=7_att1.4
100.0,1.0,1.562145991103315,10000.0,45686.0,4111740000.0,37422.0,8264,45686.0,90000.0,B0,9,13,9,0.0674930227937227,0.0003805835016143355,False,1.0,True,4,0.0005,0.0,0.20848453274875023,"15to1_11,5,5_minerr"
100.0,1.9678636013016442,1.562145991103315,10000.0,14790.0,1455235133.162566,11550.0,3240,45686.0,98393.18006508221,A,5,13,9,0.0674930227937227,0.16923712198661173,False,1.0,True,4,0.0005,0.6762684410979294,0.20848453274875023,"15to1_7,3,3_minerr"
100.0,1.0,1.562145991103315,10000.0,37930.29437632542,3413726493.869288,37422.0,508.294376325422,45686.0,90000.0,B,9,13,9,0.0674930227937227,0.0005946268747202728,True,1.0,True,0,0.0005,0.16976110019862933,0.20848453274875023,cult_d1=5_d2=11scaled_att5
100.0,3.0740902358114957,1.562145991103315,10000.0,11706.513760645985,1799343982.3497367,11550.0,156.51376064598406,45686.0,153704.5117905748,C,5,13,9,0.0674930227937227,0.28075224980277597,False,1.0,True,0,0.0005,0.7437614638916521,0.20848453274875023,cult_d1=3_d2=7_att1.4
10000.0,1.0,0.01142565599723933,10000.0,45686.0,4111740000.0,37422.0,8264,45686.0,90000.0,B0,9,13,9,0.04227742063989001,0.0003805835016143355,False,1.0,True,4,0.0005,0.0,0.14162532917979287,"15to1_11,5,5_minerr"
10000.0,269.0515307439904,0.01142565599723933,10000.0,13638.0,183466238814.32706,11550.0,2088,45686.0,13452576.53719952,A,5,13,9,0.04227742063989001,1.3987257313399581,False,1.0,True,4,0.0005,0.701484043251762,0.14162532917979287,"15to1_5,3,3_minerr"
10000.0,1.0,0.01142565599723933,10000.0,37930.29437632542,3413726493.869288,37422.0,508.294376325422,45686.0,90000.0,B,9,13,9,0.04227742063989001,0.0005946268747202728,True,1.0,True,0,0.0005,0.16976110019862933,0.14162532917979287,cult_d1=5_d2=11scaled_att5
10000.0,3.0740902358114957,0.01142565599723933,10000.0,11706.513760645985,1799343982.3497367,11550.0,156.51376064598406,45686.0,153704.5117905748,C,5,13,9,0.04227742063989001,0.28075224980277597,False,1.0,True,0,0.0005,0.7437614638916521,0.14162532917979287,cult_d1=3_d2=7_att1.4
100.0,1.0,1.562145991103315,100000.0,62100.0,6831000000.0,55902.0,6198,62100.0,110000.0,B0,11,13,11,0.03733018448762383,0.00023176788316229643,False,0.1,True,3,0.0005,0.0,0.09247664180155735,"15to1_11,5,5_minerr"
100.0,1.4838173791023659,1.562145991103315,100000.0,25068.0,2603743384.1536674,22638.0,2430,62100.0,103867.21653716562,A,7,13,11,0.03733018448762383,0.09865451931715785,False,0.1,True,3,0.0005,0.596328502415459,0.09247664180155735,"15to1_7,3,3_minerr"
100.0,1.0,1.562145991103315,100000.0,56317.877216993526,6194966493.8692875,55902.0,415.8772169935271,62100.0,110000.0,B,11,13,11,0.03733018448762383,0.0004458112562682338,True,0.1,True,0,0.0005,0.09310986768126372,0.09247664180155735,cult_d1=5_d2=11scaled_att5
100.0,2.3179393702941886,1.562145991103315,100000.0,22749.79554331856,3691285272.920095,22638.0,111.79554331856004,62100.0,162255.7559205932,C,7,13,11,0.03733018448762383,0.2101696471333221,False,0.1,True,0,0.0005,0.6336586869030827,0.09247664180155735,cult_d1=3_d2=7_att1.4
10000.0,1.0,1.5621459911033158,100000.0,62100.0,6831000000.0,55902.0,6198,62100.0,110000.0,B0,11,13,11,0.04965356263049944,0.00023176788316229643,False,0.1,True,3,0.0005,0.0,0.20848453274875023,"15to1_11,5,5_minerr"
10000.0,215.99418815575768,1.5621459911033158,100000.0,14790.0,159727702141.1828,11550.0,3240,62100.0,10799709.407787884,A,5,13,11,0.04965356263049944,1.3438128751589666,False,0.1,True,4,0.0005,0.7618357487922706,0.20848453274875023,"15to1_7,3,3_minerr"
10000.0,1.0,1.5621459911033158,100000.0,56317.877216993526,6194966493.8692875,55902.0,415.8772169935271,62100.0,110000.0,B,11,13,11,0.04965356263049944,0.0004458112562682338,True,0.1,True,0,0.0005,0.09310986768126372,0.20848453274875023,cult_d1=5_d2=11scaled_att5
10000.0,337.41445512913214,1.5621459911033158,100000.0,11706.513760645985,197497348100.50262,11550.0,156.51376064598406,62100.0,16870722.756456606,C,5,13,11,0.04965356263049944,1.455328002975131,False,0.1,True,0,0.0005,0.8114893114227699,0.20848453274875023,cult_d1=3_d2=7_att1.4
100.0,1.0,3.8121050144301445,100000.0,62100.0,20493000000.0,55902.0,6198,62100.0,330000.0,B0,11,13,11,0.03733018448762383,0.00044260973380753454,False,0.3,True,3,0.0005,0.0,0.09247664180155735,"15to1_11,5,5_minerr"
100.0,2.022729257417004,3.8121050144301445,100000.0,25068.0,10648213175.235188,22638.0,2430,62100.0,424773.1440575709,A,7,13,11,0.03733018448762383,0.1761119292520802,False,0.3,True,3,0.0005,0.596328502415459,0.09247664180155735,"15to1_7,3,3_minerr"
100.0,1.0,3.8121050144301445,100000.0,56365.14702118569,18600498516.991276,55902.0,463.1470211856858,62100.0,330000.0,B,11,13,11,0.03733018448762383,0.00047060053359451856,True,0.3,True,0,0.0005,0.09234867920795997,0.09247664180155735,cult_d1=5_d2=11scaled_att5
100.0,7.710856345033924,3.8121050144301445,100000.0,22749.79554331856,36838285115.8187,22638.0,111.79554331856004,62100.0,1619279.832457124,C,7,13,11,0.03733018448762383,0.5106573127005729,False,0.3,True,0,0.0005,0.6336586869030827,0.09247664180155735,cult_d1=3_d2=7_att1.4
10000.0,1.0,3.8121050144301423,100000.0,62100.0,20493000000.0,55902.0,6198,62100.0,330000.0,B0,11,13,11,0.04965356263049944,0.00044260973380753454,False,0.3,True,3,0.0005,0.0,0.20848453274875023,"15to1_11,5,5_minerr"
10000.0,294.44173519451925,3.8121050144301423,100000.0,14790.0,653218989529.041,11550.0,3240,62100.0,44166260.27917789,A,5,13,11,0.04965356263049944,1.421270285093889,False,0.3,True,4,0.0005,0.7618357487922706,0.20848453274875023,"15to1_7,3,3_minerr"
10000.0,1.0,3.8121050144301423,100000.0,56365.14702118569,18600498516.991276,55902.0,463.1470211856858,62100.0,330000.0,B,11,13,11,0.04965356263049944,0.00047060053359451856,True,0.3,True,0,0.0005,0.09234867920795997,0.20848453274875023,cult_d1=5_d2=11scaled_att5
10000.0,1122.442815192539,3.8121050144301423,100000.0,11706.513760645985,1970983839238.4517,11550.0,156.51376064598406,62100.0,168366422.27888086,C,5,13,11,0.04965356263049944,1.7558156685423816,False,0.3,True,0,0.0005,0.8114893114227699,0.20848453274875023,cult_d1=3_d2=7_att1.4
100.0,,0.34884570118074787,100000.0,,,,,71494.0,,B0,,13,11,0.032249281538318963,,,1.0,False,,0.0005,nan,0.09197503328149736,
100.0,5.982577266262315,0.34884570118074787,100000.0,25068.0,104979872837.4646,22638.0,2430,71494.0,4187804.0863836207,A,7,13,11,0.032249281538318963,0.4472128640243084,False,1.0,True,3,0.0005,0.6493691778331049,0.09197503328149736,"15to1_7,3,3_minerr"
100.0,1.0,0.34884570118074787,100000.0,56422.269417635034,62064496359.39854,55902.0,520.2694176350374,71494.0,1100000.0,B,11,13,11,0.032249281538318963,0.00023262704776738684,True,1.0,True,0,0.0005,0.2108111251624607,0.09197503328149736,cult_d1=5_d2=11scaled_att6
100.0,2.0869963613172793,0.34884570118074787,100000.0,22762.369865699424,33253488159.27095,22638.0,124.36986569942535,71494.0,1460897.4529220955,C,7,13,11,0.032249281538318963,0.18393147114859906,False,1.0,True,0,0.0005,0.6816184593714238,0.09197503328149736,cult_d1=3_d2=7_att1.6
10000.0,,0.34884570118074776,100000.0,,,,,71494.0,,B0,,13,11,0.042883069740409056,,,1.0,False,,0.0005,nan,0.2072942655862613,
10000.0,870.8631789224206,0.34884570118074776,100000.0,14790.0,6440033208131.301,11550.0,3240,71494.0,435431589.4612103,A,5,13,11,0.042883069740409056,1.6923712198661172,False,1.0,True,4,0.0005,0.7931294933840602,0.2072942655862613,"15to1_7,3,3_minerr"
10000.0,1.0,0.34884570118074776,100000.0,56422.269417635034,62064496359.39854,55902.0,520.2694176350374,71494.0,1100000.0,B,11,13,11,0.042883069740409056,0.00023262704776738684,True,1.0,True,0,0.0005,0.2108111251624607,0.2072942655862613,cult_d1=5_d2=11scaled_att6
10000.0,303.7968762836868,0.34884570118074776,100000.0,11724.117811979195,1780875184230.6062,11550.0,174.1178119791955,71494.0,151898438.1418434,C,5,13,11,0.042883069740409056,1.4290898269904078,False,1.0,True,0,0.0005,0.8360125631244693,0.2072942655862613,cult_d1=3_d2=7_att1.6
100.0,,0.34884570118074787,1000000.0,,,,,93670.0,,B0,,13,13,0.024614392380704345,,,0.1,False,,0.0005,nan,0.09197503328149736,
100.0,51.73739215906045,0.34884570118074787,1000000.0,25068.0,907867062650.3292,22638.0,2430,93670.0,36216174.51134232,A,7,13,13,0.024614392380704345,0.9865451931715784,False,0.1,True,3,0.0005,0.7323796306181274,0.09197503328149736,"15to1_7,3,3_minerr"
100.0,1.0,0.34884570118074787,1000000.0,78518.22796876811,102073696359.39854,78078.0,440.22796876810855,93670.0,1300000.0,B,13,13,13,0.024614392380704345,0.00016429507863175937,True,0.1,True,0,0.0005,0.16175693425036708,0.09197503328149736,cult_d1=5_d2=11scaled_att6
100.0,18.04836684499077,0.34884570118074787,1000000.0,22762.369865699424,287576521118.2545,22638.0,124.36986569942535,93670.0,12633856.791493539,C,7,13,13,0.024614392380704345,0.7232638002958691,False,0.1,True,0,0.0005,0.7569940229988318,0.09197503328149736,cult_d1=3_d2=7_att1.6
10000.0,,86.53985961923826,1000000.0,,,,,93670.0,,B0,,13,13,0.0247486330381279,,,0.1,False,,0.0005,nan,0.09247664180155735,
10000.0,51.73739215906045,86.53985961923826,1000000.0,25068.0,907867062650.3292,22638.0,2430,93670.0,36216174.51134232,A,7,13,13,0.0247486330381279,0.9865451931715784,False,0.1,True,3,0.0005,0.7323796306181274,0.09247664180155735,"15to1_7,3,3_minerr"
10000.0,1.0,86.53985961923826,1000000.0,78518.22796876811,102073696359.39854,78078.0,440.22796876810855,93670.0,1300000.0,B,13,13,13,0.0247486330381279,0.00016429507863175937,True,0.1,True,0,0.0005,0.16175693425036708,0.09247664180155735,cult_d1=5_d2=11scaled_att6
10000.0,4477.346654510569,86.53985961923826,1000000.0,22749.79554331856,71301104676673.77,22638.0,111.79554331856004,93670.0,3134142658.1573987,C,7,13,13,0.0247486330381279,2.101696471333221,False,0.1,True,0,0.0005,0.7571282636562554,0.09247664180155735,cult_d1=3_d2=7_att1.4
100.0,,2.3462614568078815,1000000.0,,,,,93670.0,,B0,,13,13,0.03537557525675858,,,0.3,False,,0.0005,nan,0.1270758603428661,
100.0,20.744419352542085,2.3462614568078815,1000000.0,26076.0,1135956105977.4634,22638.0,3438,93670.0,43563280.640338376,A,7,13,13,0.03537557525675858,0.7580693159096429,False,0.3,True,3,0.0005,0.7216184477420733,0.1270758603428661,"15to1_9,3,3_minq"
100.0,1.0,2.3462614568078815,1000000.0,78518.22796876811,306221089078.1956,78078.0,440.22796876810855,93670.0,3900000.0,B,13,13,13,0.03537557525675858,0.00037685525848717827,True,0.3,True,0,0.0005,0.16175693425036708,0.1270758603428661,cult_d1=5_d2=11scaled_att6
100.0,48.671831570729,2.3462614568078815,1000000.0,22762.369865699424,2326561087733.315,22638.0,124.36986569942535,93670.0,102210846.29853089,C,7,13,13,0.03537557525675858,0.9712751138936739,False,0.3,True,0,0.0005,0.7569940229988318,0.1270758603428661,cult_d1=3_d2=7_att1.6
10000.0,,0.042452192671982796,1000000.0,,,,,93670.0,,B0,,13,13,0.024614392380704345,,,0.3,False,,0.0005,nan,0.09197503328149736,
10000.0,1146.5092497530989,0.042452192671982796,1000000.0,25068.0,60355457132902.44,22638.0,2430,93670.0,2407669424.481508,A,7,13,13,0.024614392380704345,1.7611192925208017,False,0.3,True,3,0.0005,0.7323796306181274,0.09197503328149736,"15to1_7,3,3_minerr"
10000.0,1.0,0.042452192671982796,1000000.0,78518.22796876811,306221089078.1956,78078.0,440.22796876810855,93670.0,3900000.0,B,13,13,13,0.024614392380704345,0.00037685525848717827,True,0.3,True,0,0.0005,0.16175693425036708,0.09197503328149736,cult_d1=5_d2=11scaled_att6
10000.0,48.671831570729,0.042452192671982796,1000000.0,22762.369865699424,2326561087733.315,22638.0,124.36986569942535,93670.0,102210846.29853089,C,7,13,13,0.024614392380704345,0.9712751138936739,False,0.3,True,0,0.0005,0.7569940229988318,0.09197503328149736,cult_d1=3_d2=7_att1.6
100.0,,0.7922598347377293,1000000.0,,,,,nan,,B0,,13,,nan,,,1.0,False,,0.0005,nan,0.12654481757580882,
100.0,91.33324703283516,0.7922598347377293,1000000.0,26076.0,16671240247397.467,22638.0,3438,nan,639332729.2298461,A,7,13,,nan,1.1286287182058872,False,1.0,True,3,0.0005,nan,0.12654481757580882,"15to1_9,3,3_minq"
100.0,1.0,0.7922598347377293,1000000.0,78575.31761417113,1021479128984.2247,78078.0,497.31761417113296,nan,13000000.0,B,13,13,,nan,0.0005572856432519467,True,1.0,True,0,0.0005,nan,0.12654481757580882,cult_d1=5_d2=11scaled_att7
100.0,72.3596632002942,0.7922598347377293,1000000.0,22776.21733689321,11536555908320.059,22638.0,138.21733689320885,nan,506517642.4020594,C,7,13,,nan,1.070412251503769,False,1.0,True,0,0.0005,nan,0.12654481757580882,cult_d1=3_d2=7_att1.8
10000.0,,17.162795232316068,1000000.0,,,,,nan,,B0,,13,,nan,,,1.0,False,,0.0005,nan,0.1270758603428661,
10000.0,91.33324703283516,17.162795232316068,1000000.0,26076.0,16671240247397.467,22638.0,3438,nan,639332729.2298461,A,7,13,,nan,1.1286287182058872,False,1.0,True,3,0.0005,nan,0.1270758603428661,"15to1_9,3,3_minq"
10000.0,1.0,17.162795232316068,1000000.0,78575.31761417113,1021479128984.2247,78078.0,497.31761417113296,nan,13000000.0,B,13,13,,nan,0.0005572856432519467,True,1.0,True,0,0.0005,nan,0.1270758603428661,cult_d1=5_d2=11scaled_att7
10000.0,1567.533816727089,17.162795232316068,1000000.0,22762.369865699424,249765491593334.44,22638.0,124.36986569942535,nan,10972736717.089622,C,7,13,,nan,1.8393147114859905,False,1.0,True,0,0.0005,nan,0.1270758603428661,cult_d1=3_d2=7_att1.6
100.0,,2.3541353202499637,100000000.0,,,,,nan,,B0,,13,,nan,,,0.1,False,,0.0005,nan,0.09310986768126372,
100.0,2.5270978075151564,2.3541353202499637,100000000.0,62100.0,17262605123136.033,55902.0,6198,nan,277980758.8266672,A,11,13,,nan,0.23176788316229643,False,0.1,True,3,0.0005,nan,0.09310986768126372,"15to1_11,5,5_minerr"
100.0,,2.3541353202499637,100000000.0,,,,,nan,,B,,13,,nan,,,0.1,False,,0.0005,nan,0.09310986768126372,
100.0,5.949130206397674,2.3541353202499637,100000000.0,56317.877216993526,36854662296299.27,55902.0,415.8772169935271,nan,654404322.7037442,C,11,13,,nan,0.4458112562682338,True,0.1,True,0,0.0005,nan,0.09310986768126372,cult_d1=5_d2=11scaled_att5
10000.0,,2.3541353202499637,100000000.0,,,,,nan,,B0,,13,,nan,,,0.1,False,,0.0005,nan,0.09310986768126372,
10000.0,2.5270978075151564,2.3541353202499637,100000000.0,62100.0,17262605123136.033,55902.0,6198,nan,277980758.8266672,A,11,13,,nan,0.23176788316229643,False,0.1,True,3,0.0005,nan,0.09310986768126372,"15to1_11,5,5_minerr"
10000.0,,2.3541353202499637,100000000.0,,,,,nan,,B,,13,,nan,,,0.1,False,,0.0005,nan,0.09310986768126372,
10000.0,5.949130206397674,2.3541353202499637,100000000.0,56317.877216993526,36854662296299.27,55902.0,415.8772169935271,nan,654404322.7037442,C,11,13,,nan,0.4458112562682338,True,0.1,True,0,0.0005,nan,0.09310986768126372,cult_d1=5_d2=11scaled_att5
100.0,,13.046507550117518,100000000.0,,,,,nan,,B0,,13,,nan,,,0.3,False,,0.0005,nan,0.09310986768126372,
100.0,5.873430851388089,13.046507550117518,100000000.0,62100.0,120364218437496.11,55902.0,6198,nan,1938232180.9580693,A,11,13,,nan,0.44260973380753454,False,0.3,True,3,0.0005,nan,0.09310986768126372,"15to1_11,5,5_minerr"
100.0,,13.046507550117518,100000000.0,,,,,nan,,B,,13,,nan,,,0.3,False,,0.0005,nan,0.09310986768126372,
100.0,76.62775994772787,13.046507550117518,100000000.0,56317.877216993526,1424119216129299.2,55902.0,415.8772169935271,nan,25287160782.750195,C,11,13,,nan,1.0847398531253465,True,0.3,True,0,0.0005,nan,0.09310986768126372,cult_d1=5_d2=11scaled_att5
10000.0,,13.046507550117518,100000000.0,,,,,nan,,B0,,13,,nan,,,0.3,False,,0.0005,nan,0.09310986768126372,
10000.0,5.873430851388089,13.046507550117518,100000000.0,62100.0,120364218437496.11,55902.0,6198,nan,1938232180.9580693,A,11,13,,nan,0.44260973380753454,False,0.3,True,3,0.0005,nan,0.09310986768126372,"15to1_11,5,5_minerr"
10000.0,,13.046507550117518,100000000.0,,,,,nan,,B,,13,,nan,,,0.3,False,,0.0005,nan,0.09310986768126372,
10000.0,76.62775994772787,13.046507550117518,100000000.0,56317.877216993526,1424119216129299.2,55902.0,415.8772169935271,nan,25287160782.750195,C,11,13,,nan,1.0847398531253465,True,0.3,True,0,0.0005,nan,0.09310986768126372,cult_d1=5_d2=11scaled_att5
100.0,,0.03653316439699624,100000000.0,,,,,nan,,B0,,13,,nan,,,1.0,False,,0.0005,nan,0.33050608218668387,
100.0,69.41083702265848,0.03653316439699624,100000000.0,84276.0,7604568011198036.0,78078.0,6198,nan,90234088129.45602,A,13,13,,nan,1.0600107520965953,False,1.0,True,3,0.0005,nan,0.33050608218668387,"15to1_11,5,5_minerr"
100.0,,0.03653316439699624,100000000.0,,,,,nan,,B,,13,,nan,,,1.0,False,,0.0005,nan,0.33050608218668387,
100.0,2.5357975198818954,0.03653316439699624,100000000.0,56422.269417635034,157382995940881.72,55902.0,520.2694176350374,nan,2789377271.870085,C,11,13,,nan,0.23262704776738682,True,1.0,True,0,0.0005,nan,0.33050608218668387,cult_d1=5_d2=11scaled_att6
10000.0,,1.4523902736996073,100000000.0,,,,,nan,,B0,,13,,nan,,,1.0,False,,0.0005,nan,0.09234867920795997,
10000.0,112.4180873799084,1.4523902736996073,100000000.0,62100.0,7679279548921543.0,55902.0,6198,nan,123659896117.89925,A,11,13,,nan,1.1805562110658678,False,1.0,True,3,0.0005,nan,0.09234867920795997,"15to1_11,5,5_minerr"
10000.0,,1.4523902736996073,100000000.0,,,,,nan,,B,,13,,nan,,,1.0,False,,0.0005,nan,0.09234867920795997,
10000.0,163.27493669849153,1.4523902736996073,100000000.0,56365.14702118569,1.0123317393073786e+16,55902.0,463.1470211856858,nan,179602430368.34067,C,11,13,,nan,1.2738588770224815,True,1.0,True,0,0.0005,nan,0.09234867920795997,cult_d1=5_d2=11scaled_att5
100.0,,nan,10000000000.0,,,,,nan,,B0,,13,,nan,,,0.1,False,,0.0005,nan,nan,
100.0,,nan,10000000000.0,,,,,nan,,A,,13,,nan,,,0.1,False,,0.0005,nan,nan,
100.0,,nan,10000000000.0,,,,,nan,,B,,13,,nan,,,0.1,False,,0.0005,nan,nan,
100.0,75.01455537350552,nan,10000000000.0,78575.31761417113,7.66258026840673e+16,78078.0,497.31761417113296,nan,975189219855.5717,C,13,13,,nan,1.0794205415883962,True,0.1,True,0,0.0005,nan,nan,cult_d1=5_d2=11scaled_att7
10000.0,,nan,10000000000.0,,,,,nan,,B0,,13,,nan,,,0.1,False,,0.0005,nan,nan,
10000.0,,nan,10000000000.0,,,,,nan,,A,,13,,nan,,,0.1,False,,0.0005,nan,nan,
10000.0,,nan,10000000000.0,,,,,nan,,B,,13,,nan,,,0.1,False,,0.0005,nan,nan,
10000.0,714.6573129903002,nan,10000000000.0,78518.22796876811,7.294771356719556e+17,78078.0,440.22796876810855,nan,9290545068873.902,C,13,13,,nan,1.6429507863175936,True,0.1,True,0,0.0005,nan,nan,cult_d1=5_d2=11scaled_att6
100.0,,nan,10000000000.0,,,,,nan,,B0,,13,,nan,,,0.3,False,,0.0005,nan,nan,
100.0,,nan,10000000000.0,,,,,nan,,A,,13,,nan,,,0.3,False,,0.0005,nan,nan,
100.0,,nan,10000000000.0,,,,,nan,,B,,13,,nan,,,0.3,False,,0.0005,nan,nan,
100.0,20.858126670439347,nan,10000000000.0,78703.04643047418,6.402232636005569e+16,78078.0,625.0464304741796,nan,813466940147.1345,C,13,13,,nan,0.7594359101678121,True,0.3,True,0,0.0005,nan,nan,cult_d1=5_d2=11scaled_att8
10000.0,,nan,10000000000.0,,,,,nan,,B0,,13,,nan,,,0.3,False,,0.0005,nan,nan,
10000.0,,nan,10000000000.0,,,,,nan,,A,,13,,nan,,,0.3,False,,0.0005,nan,nan,
10000.0,,nan,10000000000.0,,,,,nan,,B,,13,,nan,,,0.3,False,,0.0005,nan,nan,
10000.0,4071.8283464481606,nan,10000000000.0,78575.31761417113,1.2477863018109428e+19,78078.0,497.31761417113296,nan,158801305511478.25,C,13,13,,nan,2.07796185068419,True,0.3,True,0,0.0005,nan,nan,cult_d1=5_d2=11scaled_att7
100.0,,nan,10000000000.0,,,,,nan,,B0,,13,,nan,,,1.0,False,,0.0005,nan,nan,
100.0,,nan,10000000000.0,,,,,nan,,A,,13,,nan,,,1.0,False,,0.0005,nan,nan,
100.0,,nan,10000000000.0,,,,,nan,,B,,13,,nan,,,1.0,False,,0.0005,nan,nan,
100.0,76.13517832397899,nan,10000000000.0,78779.41424774795,7.797250177614172e+17,78078.0,701.4142477479475,nan,9897573182117.27,C,13,13,,nan,1.0831276056243992,True,1.0,True,0,0.0005,nan,nan,cult_d1=5_d2=11scaled_att10
10000.0,,nan,10000000000.0,,,,,nan,,B0,,13,,nan,,,1.0,False,,0.0005,nan,nan,
10000.0,,nan,10000000000.0,,,,,nan,,A,,13,,nan,,,1.0,False,,0.0005,nan,nan,
10000.0,,nan,10000000000.0,,,,,nan,,B,,13,,nan,,,1.0,False,,0.0005,nan,nan,
10000.0,111.17214507704401,nan,10000000000.0,78703.04643047418,1.1374462444506207e+18,78078.0,625.0464304741796,nan,14452378860015.72,C,13,13,,nan,1.1777699641315418,True,1.0,True,0,0.0005,nan,nan,cult_d1=5_d2=11scaled_att8
100.0,1.0,0.6394227948510427,10000.0,40860.0,367740000.0,37422.0,3438,40860.0,9000.0,B0,9,15,9,0.04727083307278549,0.000804533151000637,False,0.1,True,3,0.0005,0.0,0.14162532917979287,"15to1_9,3,3_minq"
100.0,2.7991634195476705,0.6394227948510427,10000.0,13638.0,190874953.57895565,11550.0,2088,40860.0,13995.817097738352,A,5,15,9,0.04727083307278549,0.2573301484512313,False,0.1,True,4,0.0005,0.6662261380323055,0.14162532917979287,"15to1_5,3,3_minerr"
100.0,1.0,0.6394227948510427,10000.0,37529.50237313916,337765521.35825247,37422.0,107.50237313916244,40860.0,9000.0,B,9,15,9,0.04727083307278549,0.0007463166842985188,False,0.1,True,0,0.0005,0.08150997618357403,0.14162532917979287,cult_d1=3_d2=7_att1.8
100.0,1.7898488969719732,0.6394227948510427,10000.0,11706.513760645985,104764453.70939721,11550.0,156.51376064598406,40860.0,8949.244484859866,C,5,15,9,0.04727083307278549,0.1455328002975131,False,0.1,True,0,0.0005,0.7134969711050909,0.14162532917979287,cult_d1=3_d2=7_att1.4
10000.0,1.0,0.6394227948510427,10000.0,40860.0,367740000.0,37422.0,3438,40860.0,9000.0,B0,9,15,9,0.04727083307278549,0.000804533151000637,False,0.1,True,3,0.0005,0.0,0.14162532917979287,"15to1_9,3,3_minq"
10000.0,2.7991634195476705,0.6394227948510427,10000.0,13638.0,190874953.57895565,11550.0,2088,40860.0,13995.817097738352,A,5,15,9,0.04727083307278549,0.2573301484512313,False,0.1,True,4,0.0005,0.6662261380323055,0.14162532917979287,"15to1_5,3,3_minerr"
10000.0,1.0,0.6394227948510427,10000.0,37529.50237313916,337765521.35825247,37422.0,107.50237313916244,40860.0,9000.0,B,9,15,9,0.04727083307278549,0.0007463166842985188,False,0.1,True,0,0.0005,0.08150997618357403,0.14162532917979287,cult_d1=3_d2=7_att1.8
10000.0,1.7898488969719732,0.6394227948510427,10000.0,11706.513760645985,104764453.70939721,11550.0,156.51376064598406,40860.0,8949.244484859866,C,5,15,9,0.04727083307278549,0.1455328002975131,False,0.1,True,0,0.0005,0.7134969711050909,0.14162532917979287,cult_d1=3_d2=7_att1.4
100.0,1.0,0.26143536979896154,10000.0,43766.0,1181682000.0,37422.0,6344,43766.0,27000.0,B0,9,15,9,0.04413211715381838,0.0009993497098856174,False,0.3,True,4,0.0005,0.0,0.14162532917979287,"15to1_9,5,5_minerr"
100.0,7.720618251810976,0.26143536979896154,10000.0,13638.0,1579406875.7729714,11550.0,2088,43766.0,115809.27377716464,A,5,15,9,0.04413211715381838,0.5109736113153929,False,0.3,True,4,0.0005,0.6883882465841065,0.14162532917979287,"15to1_5,3,3_minerr"
100.0,1.0,0.26143536979896154,10000.0,37930.29437632542,1024117948.1607864,37422.0,508.294376325422,43766.0,27000.0,B,9,15,9,0.04413211715381838,0.0003710018658202834,True,0.3,True,0,0.0005,0.13333879321104458,0.14162532917979287,cult_d1=5_d2=11scaled_att5
100.0,2.018442687738814,0.26143536979896154,10000.0,11706.513760645985,354433906.4863454,11550.0,156.51376064598406,43766.0,30276.640316082212,C,5,15,9,0.04413211715381838,0.17558156685423817,False,0.3,True,0,0.0005,0.7325203637379247,0.14162532917979287,cult_d1=3_d2=7_att1.4
10000.0,1.0,0.26143536979896154,10000.0,43766.0,1181682000.0,37422.0,6344,43766.0,27000.0,B0,9,15,9,0.04413211715381838,0.0009993497098856174,False,0.3,True,4,0.0005,0.0,0.14162532917979287,"15to1_9,5,5_minerr"
10000.0,7.720618251810976,0.26143536979896154,10000.0,13638.0,1579406875.7729714,11550.0,2088,43766.0,115809.27377716464,A,5,15,9,0.04413211715381838,0.5109736113153929,False,0.3,True,4,0.0005,0.6883882465841065,0.14162532917979287,"15to1_5,3,3_minerr"
10000.0,1.0,0.26143536979896154,10000.0,37930.29437632542,1024117948.1607864,37422.0,508.294376325422,43766.0,27000.0,B,9,15,9,0.04413211715381838,0.0003710018658202834,True,0.3,True,0,0.0005,0.13333879321104458,0.14162532917979287,cult_d1=5_d2=11scaled_att5
10000.0,2.018442687738814,0.26143536979896154,10000.0,11706.513760645985,354433906.4863454,11550.0,156.51376064598406,43766.0,30276.640316082212,C,5,15,9,0.04413211715381838,0.17558156685423817,False,0.3,True,0,0.0005,0.7325203637379247,0.14162532917979287,cult_d1=3_d2=7_att1.4
100.0,1.0,1.562145991103315,10000.0,45686.0,4111740000.0,37422.0,8264,45686.0,90000.0,B0,9,15,9,0.0674930227937227,0.0003805835016143355,False,1.0,True,4,0.0005,0.0,0.20848453274875023,"15to1_11,5,5_minerr"
100.0,1.9678636013016442,1.562145991103315,10000.0,14790.0,1455235133.162566,11550.0,3240,45686.0,98393.18006508221,A,5,15,9,0.0674930227937227,0.16923712198661173,False,1.0,True,4,0.0005,0.6762684410979294,0.20848453274875023,"15to1_7,3,3_minerr"
100.0,1.0,1.562145991103315,10000.0,37930.29437632542,3413726493.869288,37422.0,508.294376325422,45686.0,90000.0,B,9,15,9,0.0674930227937227,0.0005946268747202728,True,1.0,True,0,0.0005,0.16976110019862933,0.20848453274875023,cult_d1=5_d2=11scaled_att5
100.0,3.0740902358114957,1.562145991103315,10000.0,11706.513760645985,1799343982.3497367,11550.0,156.51376064598406,45686.0,153704.5117905748,C,5,15,9,0.0674930227937227,0.28075224980277597,False,1.0,True,0,0.0005,0.7437614638916521,0.20848453274875023,cult_d1=3_d2=7_att1.4
10000.0,1.0,0.01142565599723933,10000.0,45686.0,4111740000.0,37422.0,8264,45686.0,90000.0,B0,9,15,9,0.04227742063989001,0.0003805835016143355,False,1.0,True,4,0.0005,0.0,0.14162532917979287,"15to1_11,5,5_minerr"
10000.0,269.0515307439904,0.01142565599723933,10000.0,13638.0,183466238814.32706,11550.0,2088,45686.0,13452576.53719952,A,5,15,9,0.04227742063989001,1.3987257313399581,False,1.0,True,4,0.0005,0.701484043251762,0.14162532917979287,"15to1_5,3,3_minerr"
10000.0,1.0,0.01142565599723933,10000.0,37930.29437632542,3413726493.869288,37422.0,508.294376325422,45686.0,90000.0,B,9,15,9,0.04227742063989001,0.0005946268747202728,True,1.0,True,0,0.0005,0.16976110019862933,0.14162532917979287,cult_d1=5_d2=11scaled_att5
10000.0,3.0740902358114957,0.01142565599723933,10000.0,11706.513760645985,1799343982.3497367,11550.0,156.51376064598406,45686.0,153704.5117905748,C,5,15,9,0.04227742063989001,0.28075224980277597,False,1.0,True,0,0.0005,0.7437614638916521,0.14162532917979287,cult_d1=3_d2=7_att1.4
100.0,1.0,1.562145991103315,100000.0,62100.0,6831000000.0,55902.0,6198,62100.0,110000.0,B0,11,15,11,0.03733018448762383,0.00023176788316229643,False,0.1,True,3,0.0005,0.0,0.09247664180155735,"15to1_11,5,5_minerr"
100.0,1.4838173791023659,1.562145991103315,100000.0,25068.0,2603743384.1536674,22638.0,2430,62100.0,103867.21653716562,A,7,15,11,0.03733018448762383,0.09865451931715785,False,0.1,True,3,0.0005,0.596328502415459,0.09247664180155735,"15to1_7,3,3_minerr"
100.0,1.0,1.562145991103315,100000.0,56317.877216993526,6194966493.8692875,55902.0,415.8772169935271,62100.0,110000.0,B,11,15,11,0.03733018448762383,0.0004458112562682338,True,0.1,True,0,0.0005,0.09310986768126372,0.09247664180155735,cult_d1=5_d2=11scaled_att5
100.0,2.3179393702941886,1.562145991103315,100000.0,22749.79554331856,3691285272.920095,22638.0,111.79554331856004,62100.0,162255.7559205932,C,7,15,11,0.03733018448762383,0.2101696471333221,False,0.1,True,0,0.0005,0.6336586869030827,0.09247664180155735,cult_d1=3_d2=7_att1.4
10000.0,1.0,1.5621459911033158,100000.0,62100.0,6831000000.0,55902.0,6198,62100.0,110000.0,B0,11,15,11,0.04965356263049944,0.00023176788316229643,False,0.1,True,3,0.0005,0.0,0.20848453274875023,"15to1_11,5,5_minerr"
10000.0,215.99418815575768,1.5621459911033158,100000.0,14790.0,159727702141.1828,11550.0,3240,62100.0,10799709.407787884,A,5,15,11,0.04965356263049944,1.3438128751589666,False,0.1,True,4,0.0005,0.7618357487922706,0.20848453274875023,"15to1_7,3,3_minerr"
10000.0,1.0,1.5621459911033158,100000.0,56317.877216993526,6194966493.8692875,55902.0,415.8772169935271,62100.0,110000.0,B,11,15,11,0.04965356263049944,0.0004458112562682338,True,0.1,True,0,0.0005,0.09310986768126372,0.20848453274875023,cult_d1=5_d2=11scaled_att5
10000.0,337.41445512913214,1.5621459911033158,100000.0,11706.513760645985,197497348100.50262,11550.0,156.51376064598406,62100.0,16870722.756456606,C,5,15,11,0.04965356263049944,1.455328002975131,False,0.1,True,0,0.0005,0.8114893114227699,0.20848453274875023,cult_d1=3_d2=7_att1.4
100.0,1.0,3.8121050144301445,100000.0,62100.0,20493000000.0,55902.0,6198,62100.0,330000.0,B0,11,15,11,0.03733018448762383,0.00044260973380753454,False,0.3,True,3,0.0005,0.0,0.09247664180155735,"15to1_11,5,5_minerr"
100.0,2.022729257417004,3.8121050144301445,100000.0,25068.0,10648213175.235188,22638.0,2430,62100.0,424773.1440575709,A,7,15,11,0.03733018448762383,0.1761119292520802,False,0.3,True,3,0.0005,0.596328502415459,0.09247664180155735,"15to1_7,3,3_minerr"
100.0,1.0,3.8121050144301445,100000.0,56365.14702118569,18600498516.991276,55902.0,463.1470211856858,62100.0,330000.0,B,11,15,11,0.03733018448762383,0.00047060053359451856,True,0.3,True,0,0.0005,0.09234867920795997,0.09247664180155735,cult_d1=5_d2=11scaled_att5
100.0,7.710856345033924,3.8121050144301445,100000.0,22749.79554331856,36838285115.8187,22638.0,111.79554331856004,62100.0,1619279.832457124,C,7,15,11,0.03733018448762383,0.5106573127005729,False,0.3,True,0,0.0005,0.6336586869030827,0.09247664180155735,cult_d1=3_d2=7_att1.4
10000.0,1.0,3.8121050144301423,100000.0,62100.0,20493000000.0,55902.0,6198,62100.0,330000.0,B0,11,15,11,0.04965356263049944,0.00044260973380753454,False,0.3,True,3,0.0005,0.0,0.20848453274875023,"15to1_11,5,5_minerr"
10000.0,294.44173519451925,3.8121050144301423,100000.0,14790.0,653218989529.041,11550.0,3240,62100.0,44166260.27917789,A,5,15,11,0.04965356263049944,1.421270285093889,False,0.3,True,4,0.0005,0.7618357487922706,0.20848453274875023,"15to1_7,3,3_minerr"
10000.0,1.0,3.8121050144301423,100000.0,56365.14702118569,18600498516.991276,55902.0,463.1470211856858,62100.0,330000.0,B,11,15,11,0.04965356263049944,0.00047060053359451856,True,0.3,True,0,0.0005,0.09234867920795997,0.20848453274875023,cult_d1=5_d2=11scaled_att5
10000.0,1122.442815192539,3.8121050144301423,100000.0,11706.513760645985,1970983839238.4517,11550.0,156.51376064598406,62100.0,168366422.27888086,C,5,15,11,0.04965356263049944,1.7558156685423816,False,0.3,True,0,0.0005,0.8114893114227699,0.20848453274875023,cult_d1=3_d2=7_att1.4
100.0,1.0,0.34884570118074787,100000.0,71494.0,78643400000.0,55902.0,15592,71494.0,1100000.0,B0,11,15,11,0.032249281538318963,0.0002612723620223727,False,1.0,True,4,0.0005,0.0,0.09197503328149736,"15to1_15,7,7_minerr"
100.0,5.982577266262315,0.34884570118074787,100000.0,25068.0,104979872837.4646,22638.0,2430,71494.0,4187804.0863836207,A,7,15,11,0.032249281538318963,0.4472128640243084,False,1.0,True,3,0.0005,0.6493691778331049,0.09197503328149736,"15to1_7,3,3_minerr"
100.0,1.0,0.34884570118074787,100000.0,56422.269417635034,62064496359.39854,55902.0,520.2694176350374,71494.0,1100000.0,B,11,15,11,0.032249281538318963,0.00023262704776738684,True,1.0,True,0,0.0005,0.2108111251624607,0.09197503328149736,cult_d1=5_d2=11scaled_att6
100.0,2.0869963613172793,0.34884570118074787,100000.0,22762.369865699424,33253488159.27095,22638.0,124.36986569942535,71494.0,1460897.4529220955,C,7,15,11,0.032249281538318963,0.18393147114859906,False,1.0,True,0,0.0005,0.6816184593714238,0.09197503328149736,cult_d1=3_d2=7_att1.6
10000.0,1.0,0.34884570118074776,100000.0,71494.0,78643400000.0,55902.0,15592,71494.0,1100000.0,B0,11,15,11,0.042883069740409056,0.0002612723620223727,False,1.0,True,4,0.0005,0.0,0.2072942655862613,"15to1_15,7,7_minerr"
10000.0,870.8631789224206,0.34884570118074776,100000.0,14790.0,6440033208131.301,11550.0,3240,71494.0,435431589.4612103,A,5,15,11,0.042883069740409056,1.6923712198661172,False,1.0,True,4,0.0005,0.7931294933840602,0.2072942655862613,"15to1_7,3,3_minerr"
10000.0,1.0,0.34884570118074776,100000.0,56422.269417635034,62064496359.39854,55902.0,520.2694176350374,71494.0,1100000.0,B,11,15,11,0.042883069740409056,0.00023262704776738684,True,1.0,True,0,0.0005,0.2108111251624607,0.2072942655862613,cult_d1=5_d2=11scaled_att6
10000.0,303.7968762836868,0.34884570118074776,100000.0,11724.117811979195,1780875184230.6062,11550.0,174.1178119791955,71494.0,151898438.1418434,C,5,15,11,0.042883069740409056,1.4290898269904078,False,1.0,True,0,0.0005,0.8360125631244693,0.2072942655862613,cult_d1=3_d2=7_att1.6
100.0,1.0,0.34884570118074787,1000000.0,93670.0,121771000000.0,78078.0,15592,93670.0,1300000.0,B0,13,15,13,0.024614392380704345,0.00019294039288674522,False,0.1,True,4,0.0005,0.0,0.09197503328149736,"15to1_15,7,7_minerr"
100.0,51.73739215906045,0.34884570118074787,1000000.0,25068.0,907867062650.3292,22638.0,2430,93670.0,36216174.51134232,A,7,15,13,0.024614392380704345,0.9865451931715784,False,0.1,True,3,0.0005,0.7323796306181274,0.09197503328149736,"15to1_7,3,3_minerr"
100.0,1.0,0.34884570118074787,1000000.0,78518.22796876811,102073696359.39854,78078.0,440.22796876810855,93670.0,1300000.0,B,13,15,13,0.024614392380704345,0.00016429507863175937,True,0.1,True,0,0.0005,0.16175693425036708,0.09197503328149736,cult_d1=5_d2=11scaled_att6
100.0,18.04836684499077,0.34884570118074787,1000000.0,22762.369865699424,287576521118.2545,22638.0,124.36986569942535,93670.0,12633856.791493539,C,7,15,13,0.024614392380704345,0.7232638002958691,False,0.1,True,0,0.0005,0.7569940229988318,0.09197503328149736,cult_d1=3_d2=7_att1.6
10000.0,1.0,86.53985961923826,1000000.0,93670.0,121771000000.0,78078.0,15592,93670.0,1300000.0,B0,13,15,13,0.0247486330381279,0.00019294039288674522,False,0.1,True,4,0.0005,0.0,0.09247664180155735,"15to1_15,7,7_minerr"
10000.0,51.73739215906045,86.53985961923826,1000000.0,25068.0,907867062650.3292,22638.0,2430,93670.0,36216174.51134232,A,7,15,13,0.0247486330381279,0.9865451931715784,False,0.1,True,3,0.0005,0.7323796306181274,0.09247664180155735,"15to1_7,3,3_minerr"
10000.0,1.0,86.53985961923826,1000000.0,78518.22796876811,102073696359.39854,78078.0,440.22796876810855,93670.0,1300000.0,B,13,15,13,0.0247486330381279,0.00016429507863175937,True,0.1,True,0,0.0005,0.16175693425036708,0.09247664180155735,cult_d1=5_d2=11scaled_att6
10000.0,4477.346654510569,86.53985961923826,1000000.0,22749.79554331856,71301104676673.77,22638.0,111.79554331856004,93670.0,3134142658.1573987,C,7,15,13,0.0247486330381279,2.101696471333221,False,0.1,True,0,0.0005,0.7571282636562554,0.09247664180155735,cult_d1=3_d2=7_att1.4
100.0,1.0,2.3462614568078815,1000000.0,93670.0,365313000000.0,78078.0,15592,93670.0,3900000.0,B0,13,15,13,0.03537557525675858,0.0004627912012521358,False,0.3,True,4,0.0005,0.0,0.1270758603428661,"15to1_15,7,7_minerr"
100.0,20.744419352542085,2.3462614568078815,1000000.0,26076.0,1135956105977.4634,22638.0,3438,93670.0,43563280.640338376,A,7,15,13,0.03537557525675858,0.7580693159096429,False,0.3,True,3,0.0005,0.7216184477420733,0.1270758603428661,"15to1_9,3,3_minq"
100.0,1.0,2.3462614568078815,1000000.0,78518.22796876811,306221089078.1956,78078.0,440.22796876810855,93670.0,3900000.0,B,13,15,13,0.03537557525675858,0.00037685525848717827,True,0.3,True,0,0.0005,0.16175693425036708,0.1270758603428661,cult_d1=5_d2=11scaled_att6
100.0,48.671831570729,2.3462614568078815,1000000.0,22762.369865699424,2326561087733.315,22638.0,124.36986569942535,93670.0,102210846.29853089,C,7,15,13,0.03537557525675858,0.9712751138936739,False,0.3,True,0,0.0005,0.7569940229988318,0.1270758603428661,cult_d1=3_d2=7_att1.6
10000.0,1.0,0.042452192671982796,1000000.0,93670.0,365313000000.0,78078.0,15592,93670.0,3900000.0,B0,13,15,13,0.024614392380704345,0.0004627912012521358,False,0.3,True,4,0.0005,0.0,0.09197503328149736,"15to1_15,7,7_minerr"
10000.0,1146.5092497530989,0.042452192671982796,1000000.0,25068.0,60355457132902.44,22638.0,2430,93670.0,2407669424.481508,A,7,15,13,0.024614392380704345,1.7611192925208017,False,0.3,True,3,0.0005,0.7323796306181274,0.09197503328149736,"15to1_7,3,3_minerr"
10000.0,1.0,0.042452192671982796,1000000.0,78518.22796876811,306221089078.1956,78078.0,440.22796876810855,93670.0,3900000.0,B,13,15,13,0.024614392380704345,0.00037685525848717827,True,0.3,True,0,0.0005,0.16175693425036708,0.09197503328149736,cult_d1=5_d2=11scaled_att6
10000.0,48.671831570729,0.042452192671982796,1000000.0,22762.369865699424,2326561087733.315,22638.0,124.36986569942535,93670.0,102210846.29853089,C,7,15,13,0.024614392380704345,0.9712751138936739,False,0.3,True,0,0.0005,0.7569940229988318,0.09197503328149736,cult_d1=3_d2=7_att1.6
100.0,,0.7922598347377293,1000000.0,,,,,nan,,B0,,15,,nan,,,1.0,False,,0.0005,nan,0.12654481757580882,
100.0,91.33324703283516,0.7922598347377293,1000000.0,26076.0,16671240247397.467,22638.0,3438,nan,639332729.2298461,A,7,15,,nan,1.1286287182058872,False,1.0,True,3,0.0005,nan,0.12654481757580882,"15to1_9,3,3_minq"
100.0,1.0,0.7922598347377293,1000000.0,78575.31761417113,1021479128984.2247,78078.0,497.31761417113296,nan,13000000.0,B,13,15,,nan,0.0005572856432519467,True,1.0,True,0,0.0005,nan,0.12654481757580882,cult_d1=5_d2=11scaled_att7
100.0,72.3596632002942,0.7922598347377293,1000000.0,22776.21733689321,11536555908320.059,22638.0,138.21733689320885,nan,506517642.4020594,C,7,15,,nan,1.070412251503769,False,1.0,True,0,0.0005,nan,0.12654481757580882,cult_d1=3_d2=7_att1.8
10000.0,,17.162795232316068,1000000.0,,,,,nan,,B0,,15,,nan,,,1.0,False,,0.0005,nan,0.1270758603428661,
10000.0,91.33324703283516,17.162795232316068,1000000.0,26076.0,16671240247397.467,22638.0,3438,nan,639332729.2298461,A,7,15,,nan,1.1286287182058872,False,1.0,True,3,0.0005,nan,0.1270758603428661,"15to1_9,3,3_minq"
10000.0,1.0,17.162795232316068,1000000.0,78575.31761417113,1021479128984.2247,78078.0,497.31761417113296,nan,13000000.0,B,13,15,,nan,0.0005572856432519467,True,1.0,True,0,0.0005,nan,0.1270758603428661,cult_d1=5_d2=11scaled_att7
10000.0,1567.533816727089,17.162795232316068,1000000.0,22762.369865699424,249765491593334.44,22638.0,124.36986569942535,nan,10972736717.089622,C,7,15,,nan,1.8393147114859905,False,1.0,True,0,0.0005,nan,0.1270758603428661,cult_d1=3_d2=7_att1.6
100.0,,2.3541353202499637,100000000.0,,,,,nan,,B0,,15,,nan,,,0.1,False,,0.0005,nan,0.09310986768126372,
100.0,2.5270978075151564,2.3541353202499637,100000000.0,62100.0,17262605123136.033,55902.0,6198,nan,277980758.8266672,A,11,15,,nan,0.23176788316229643,False,0.1,True,3,0.0005,nan,0.09310986768126372,"15to1_11,5,5_minerr"
100.0,1.0,2.3541353202499637,100000000.0,104491.70690641095,15673756035961.643,103950.0,541.7069064109556,nan,150000000.0,B,15,15,,nan,0.0008640086765381186,True,0.1,True,0,0.0005,nan,0.09310986768126372,cult_d1=5_d2=11scaled_att8
100.0,5.949130206397674,2.3541353202499637,100000000.0,56317.877216993526,36854662296299.27,55902.0,415.8772169935271,nan,654404322.7037442,C,11,15,,nan,0.4458112562682338,True,0.1,True,0,0.0005,nan,0.09310986768126372,cult_d1=5_d2=11scaled_att5
10000.0,,2.3541353202499637,100000000.0,,,,,nan,,B0,,15,,nan,,,0.1,False,,0.0005,nan,0.09310986768126372,
10000.0,2.5270978075151564,2.3541353202499637,100000000.0,62100.0,17262605123136.033,55902.0,6198,nan,277980758.8266672,A,11,15,,nan,0.23176788316229643,False,0.1,True,3,0.0005,nan,0.09310986768126372,"15to1_11,5,5_minerr"
10000.0,1.0,2.3541353202499637,100000000.0,104491.70690641095,15673756035961.643,103950.0,541.7069064109556,nan,150000000.0,B,15,15,,nan,0.0008640086765381186,True,0.1,True,0,0.0005,nan,0.09310986768126372,cult_d1=5_d2=11scaled_att8
10000.0,5.949130206397674,2.3541353202499637,100000000.0,56317.877216993526,36854662296299.27,55902.0,415.8772169935271,nan,654404322.7037442,C,11,15,,nan,0.4458112562682338,True,0.1,True,0,0.0005,nan,0.09310986768126372,cult_d1=5_d2=11scaled_att5
100.0,,13.046507550117518,100000000.0,,,,,nan,,B0,,15,,nan,,,0.3,False,,0.0005,nan,0.09310986768126372,
100.0,5.873430851388089,13.046507550117518,100000000.0,62100.0,120364218437496.11,55902.0,6198,nan,1938232180.9580693,A,11,15,,nan,0.44260973380753454,False,0.3,True,3,0.0005,nan,0.09310986768126372,"15to1_11,5,5_minerr"
100.0,,13.046507550117518,100000000.0,,,,,nan,,B,,15,,nan,,,0.3,False,,0.0005,nan,0.09310986768126372,
100.0,76.62775994772787,13.046507550117518,100000000.0,56317.877216993526,1424119216129299.2,55902.0,415.8772169935271,nan,25287160782.750195,C,11,15,,nan,1.0847398531253465,True,0.3,True,0,0.0005,nan,0.09310986768126372,cult_d1=5_d2=11scaled_att5
10000.0,,13.046507550117518,100000000.0,,,,,nan,,B0,,15,,nan,,,0.3,False,,0.0005,nan,0.09310986768126372,
10000.0,5.873430851388089,13.046507550117518,100000000.0,62100.0,120364218437496.11,55902.0,6198,nan,1938232180.9580693,A,11,15,,nan,0.44260973380753454,False,0.3,True,3,0.0005,nan,0.09310986768126372,"15to1_11,5,5_minerr"
10000.0,,13.046507550117518,100000000.0,,,,,nan,,B,,15,,nan,,,0.3,False,,0.0005,nan,0.09310986768126372,
10000.0,76.62775994772787,13.046507550117518,100000000.0,56317.877216993526,1424119216129299.2,55902.0,415.8772169935271,nan,25287160782.750195,C,11,15,,nan,1.0847398531253465,True,0.3,True,0,0.0005,nan,0.09310986768126372,cult_d1=5_d2=11scaled_att5
100.0,,0.8917394753817645,100000000.0,,,,,nan,,B0,,15,,nan,,,1.0,False,,0.0005,nan,0.2108111251624607,
100.0,2.8436528715926697,0.8917394753817645,100000000.0,71494.0,223634530241810.94,55902.0,15592,nan,3128018158.7519364,A,11,15,,nan,0.2612723620223727,False,1.0,True,4,0.0005,nan,0.2108111251624607,"15to1_15,7,7_minerr"
100.0,,0.8917394753817645,100000000.0,,,,,nan,,B,,15,,nan,,,1.0,False,,0.0005,nan,0.2108111251624607,
100.0,2.5357975198818954,0.8917394753817645,100000000.0,56422.269417635034,157382995940881.72,55902.0,520.2694176350374,nan,2789377271.870085,C,11,15,,nan,0.23262704776738682,True,1.0,True,0,0.0005,nan,0.2108111251624607,cult_d1=5_d2=11scaled_att6
10000.0,,1.4523902736996073,100000000.0,,,,,nan,,B0,,15,,nan,,,1.0,False,,0.0005,nan,0.09234867920795997,
10000.0,112.4180873799084,1.4523902736996073,100000000.0,62100.0,7679279548921543.0,55902.0,6198,nan,123659896117.89925,A,11,15,,nan,1.1805562110658678,False,1.0,True,3,0.0005,nan,0.09234867920795997,"15to1_11,5,5_minerr"
10000.0,,1.4523902736996073,100000000.0,,,,,nan,,B,,15,,nan,,,1.0,False,,0.0005,nan,0.09234867920795997,
10000.0,163.27493669849153,1.4523902736996073,100000000.0,56365.14702118569,1.0123317393073786e+16,55902.0,463.1470211856858,nan,179602430368.34067,C,11,15,,nan,1.2738588770224815,True,1.0,True,0,0.0005,nan,0.09234867920795997,cult_d1=5_d2=11scaled_att5
100.0,,nan,10000000000.0,,,,,nan,,B0,,15,,nan,,,0.1,False,,0.0005,nan,nan,
100.0,,nan,10000000000.0,,,,,nan,,A,,15,,nan,,,0.1,False,,0.0005,nan,nan,
100.0,,nan,10000000000.0,,,,,nan,,B,,15,,nan,,,0.1,False,,0.0005,nan,nan,
100.0,75.01455537350552,nan,10000000000.0,78575.31761417113,7.66258026840673e+16,78078.0,497.31761417113296,nan,975189219855.5717,C,13,15,,nan,1.0794205415883962,True,0.1,True,0,0.0005,nan,nan,cult_d1=5_d2=11scaled_att7
10000.0,,0.31796544354653145,10000000000.0,,,,,nan,,B0,,15,,nan,,,0.1,False,,0.0005,nan,0.16175693425036708,
10000.0,2247.594282633787,0.31796544354653145,10000000000.0,93670.0,2.7369180339059886e+18,78078.0,15592,nan,29218725674239.23,A,13,15,,nan,1.929403928867452,False,0.1,True,4,0.0005,nan,0.16175693425036708,"15to1_15,7,7_minerr"
10000.0,,0.31796544354653145,10000000000.0,,,,,nan,,B,,15,,nan,,,0.1,False,,0.0005,nan,0.16175693425036708,
10000.0,714.6573129903002,0.31796544354653145,10000000000.0,78518.22796876811,7.294771356719556e+17,78078.0,440.22796876810855,nan,9290545068873.902,C,13,15,,nan,1.6429507863175936,True,0.1,True,0,0.0005,nan,0.16175693425036708,cult_d1=5_d2=11scaled_att6
100.0,,nan,10000000000.0,,,,,nan,,B0,,15,,nan,,,0.3,False,,0.0005,nan,nan,
100.0,,nan,10000000000.0,,,,,nan,,A,,15,,nan,,,0.3,False,,0.0005,nan,nan,
100.0,,nan,10000000000.0,,,,,nan,,B,,15,,nan,,,0.3,False,,0.0005,nan,nan,
100.0,20.858126670439347,nan,10000000000.0,78703.04643047418,6.402232636005569e+16,78078.0,625.0464304741796,nan,813466940147.1345,C,13,15,,nan,0.7594359101678121,True,0.3,True,0,0.0005,nan,nan,cult_d1=5_d2=11scaled_att8
10000.0,,nan,10000000000.0,,,,,nan,,B0,,15,,nan,,,0.3,False,,0.0005,nan,nan,
10000.0,,nan,10000000000.0,,,,,nan,,A,,15,,nan,,,0.3,False,,0.0005,nan,nan,
10000.0,,nan,10000000000.0,,,,,nan,,B,,15,,nan,,,0.3,False,,0.0005,nan,nan,
10000.0,4071.8283464481606,nan,10000000000.0,78575.31761417113,1.2477863018109428e+19,78078.0,497.31761417113296,nan,158801305511478.25,C,13,15,,nan,2.07796185068419,True,0.3,True,0,0.0005,nan,nan,cult_d1=5_d2=11scaled_att7
100.0,,nan,10000000000.0,,,,,nan,,B0,,15,,nan,,,1.0,False,,0.0005,nan,nan,
100.0,,nan,10000000000.0,,,,,nan,,A,,15,,nan,,,1.0,False,,0.0005,nan,nan,
100.0,,nan,10000000000.0,,,,,nan,,B,,15,,nan,,,1.0,False,,0.0005,nan,nan,
100.0,76.13517832397899,nan,10000000000.0,78779.41424774795,7.797250177614172e+17,78078.0,701.4142477479475,nan,9897573182117.27,C,13,15,,nan,1.0831276056243992,True,1.0,True,0,0.0005,nan,nan,cult_d1=5_d2=11scaled_att10
10000.0,,nan,10000000000.0,,,,,nan,,B0,,15,,nan,,,1.0,False,,0.0005,nan,nan,
10000.0,,nan,10000000000.0,,,,,nan,,A,,15,,nan,,,1.0,False,,0.0005,nan,nan,
10000.0,,nan,10000000000.0,,,,,nan,,B,,15,,nan,,,1.0,False,,0.0005,nan,nan,
10000.0,111.17214507704401,nan,10000000000.0,78703.04643047418,1.1374462444506207e+18,78078.0,625.0464304741796,nan,14452378860015.72,C,13,15,,nan,1.1777699641315418,True,1.0,True,0,0.0005,nan,nan,cult_d1=5_d2=11scaled_att8
100.0,1.0,0.6394227948510427,10000.0,40860.0,367740000.0,37422.0,3438,40860.0,9000.0,B0,9,17,9,0.04727083307278549,0.000804533151000637,False,0.1,True,3,0.0005,0.0,0.14162532917979287,"15to1_9,3,3_minq"
100.0,2.7991634195476705,0.6394227948510427,10000.0,13638.0,190874953.57895565,11550.0,2088,40860.0,13995.817097738352,A,5,17,9,0.04727083307278549,0.2573301484512313,False,0.1,True,4,0.0005,0.6662261380323055,0.14162532917979287,"15to1_5,3,3_minerr"
100.0,1.0,0.6394227948510427,10000.0,37529.50237313916,337765521.35825247,37422.0,107.50237313916244,40860.0,9000.0,B,9,17,9,0.04727083307278549,0.0007463166842985188,False,0.1,True,0,0.0005,0.08150997618357403,0.14162532917979287,cult_d1=3_d2=7_att1.8
100.0,1.7898488969719732,0.6394227948510427,10000.0,11706.513760645985,104764453.70939721,11550.0,156.51376064598406,40860.0,8949.244484859866,C,5,17,9,0.04727083307278549,0.1455328002975131,False,0.1,True,0,0.0005,0.7134969711050909,0.14162532917979287,cult_d1=3_d2=7_att1.4
10000.0,1.0,0.6394227948510427,10000.0,40860.0,367740000.0,37422.0,3438,40860.0,9000.0,B0,9,17,9,0.04727083307278549,0.000804533151000637,False,0.1,True,3,0.0005,0.0,0.14162532917979287,"15to1_9,3,3_minq"
10000.0,2.7991634195476705,0.6394227948510427,10000.0,13638.0,190874953.57895565,11550.0,2088,40860.0,13995.817097738352,A,5,17,9,0.04727083307278549,0.2573301484512313,False,0.1,True,4,0.0005,0.6662261380323055,0.14162532917979287,"15to1_5,3,3_minerr"
10000.0,1.0,0.6394227948510427,10000.0,37529.50237313916,337765521.35825247,37422.0,107.50237313916244,40860.0,9000.0,B,9,17,9,0.04727083307278549,0.0007463166842985188,False,0.1,True,0,0.0005,0.08150997618357403,0.14162532917979287,cult_d1=3_d2=7_att1.8
10000.0,1.7898488969719732,0.6394227948510427,10000.0,11706.513760645985,104764453.70939721,11550.0,156.51376064598406,40860.0,8949.244484859866,C,5,17,9,0.04727083307278549,0.1455328002975131,False,0.1,True,0,0.0005,0.7134969711050909,0.14162532917979287,cult_d1=3_d2=7_att1.4
100.0,1.0,0.26143536979896154,10000.0,43766.0,1181682000.0,37422.0,6344,43766.0,27000.0,B0,9,17,9,0.04413211715381838,0.0009993497098856174,False,0.3,True,4,0.0005,0.0,0.14162532917979287,"15to1_9,5,5_minerr"
100.0,7.720618251810976,0.26143536979896154,10000.0,13638.0,1579406875.7729714,11550.0,2088,43766.0,115809.27377716464,A,5,17,9,0.04413211715381838,0.5109736113153929,False,0.3,True,4,0.0005,0.6883882465841065,0.14162532917979287,"15to1_5,3,3_minerr"
100.0,1.0,0.26143536979896154,10000.0,37930.29437632542,1024117948.1607864,37422.0,508.294376325422,43766.0,27000.0,B,9,17,9,0.04413211715381838,0.0003710018658202834,True,0.3,True,0,0.0005,0.13333879321104458,0.14162532917979287,cult_d1=5_d2=11scaled_att5
100.0,2.018442687738814,0.26143536979896154,10000.0,11706.513760645985,354433906.4863454,11550.0,156.51376064598406,43766.0,30276.640316082212,C,5,17,9,0.04413211715381838,0.17558156685423817,False,0.3,True,0,0.0005,0.7325203637379247,0.14162532917979287,cult_d1=3_d2=7_att1.4
10000.0,1.0,0.26143536979896154,10000.0,43766.0,1181682000.0,37422.0,6344,43766.0,27000.0,B0,9,17,9,0.04413211715381838,0.0009993497098856174,False,0.3,True,4,0.0005,0.0,0.14162532917979287,"15to1_9,5,5_minerr"
10000.0,7.720618251810976,0.26143536979896154,10000.0,13638.0,1579406875.7729714,11550.0,2088,43766.0,115809.27377716464,A,5,17,9,0.04413211715381838,0.5109736113153929,False,0.3,True,4,0.0005,0.6883882465841065,0.14162532917979287,"15to1_5,3,3_minerr"
10000.0,1.0,0.26143536979896154,10000.0,37930.29437632542,1024117948.1607864,37422.0,508.294376325422,43766.0,27000.0,B,9,17,9,0.04413211715381838,0.0003710018658202834,True,0.3,True,0,0.0005,0.13333879321104458,0.14162532917979287,cult_d1=5_d2=11scaled_att5
10000.0,2.018442687738814,0.26143536979896154,10000.0,11706.513760645985,354433906.4863454,11550.0,156.51376064598406,43766.0,30276.640316082212,C,5,17,9,0.04413211715381838,0.17558156685423817,False,0.3,True,0,0.0005,0.7325203637379247,0.14162532917979287,cult_d1=3_d2=7_att1.4
100.0,1.0,1.562145991103315,10000.0,45686.0,4111740000.0,37422.0,8264,45686.0,90000.0,B0,9,17,9,0.0674930227937227,0.0003805835016143355,False,1.0,True,4,0.0005,0.0,0.20848453274875023,"15to1_11,5,5_minerr"
100.0,1.9678636013016442,1.562145991103315,10000.0,14790.0,1455235133.162566,11550.0,3240,45686.0,98393.18006508221,A,5,17,9,0.0674930227937227,0.16923712198661173,False,1.0,True,4,0.0005,0.6762684410979294,0.20848453274875023,"15to1_7,3,3_minerr"
100.0,1.0,1.562145991103315,10000.0,37930.29437632542,3413726493.869288,37422.0,508.294376325422,45686.0,90000.0,B,9,17,9,0.0674930227937227,0.0005946268747202728,True,1.0,True,0,0.0005,0.16976110019862933,0.20848453274875023,cult_d1=5_d2=11scaled_att5
100.0,3.0740902358114957,1.562145991103315,10000.0,11706.513760645985,1799343982.3497367,11550.0,156.51376064598406,45686.0,153704.5117905748,C,5,17,9,0.0674930227937227,0.28075224980277597,False,1.0,True,0,0.0005,0.7437614638916521,0.20848453274875023,cult_d1=3_d2=7_att1.4
10000.0,1.0,0.01142565599723933,10000.0,45686.0,4111740000.0,37422.0,8264,45686.0,90000.0,B0,9,17,9,0.04227742063989001,0.0003805835016143355,False,1.0,True,4,0.0005,0.0,0.14162532917979287,"15to1_11,5,5_minerr"
10000.0,269.0515307439904,0.01142565599723933,10000.0,13638.0,183466238814.32706,11550.0,2088,45686.0,13452576.53719952,A,5,17,9,0.04227742063989001,1.3987257313399581,False,1.0,True,4,0.0005,0.701484043251762,0.14162532917979287,"15to1_5,3,3_minerr"
10000.0,1.0,0.01142565599723933,10000.0,37930.29437632542,3413726493.869288,37422.0,508.294376325422,45686.0,90000.0,B,9,17,9,0.04227742063989001,0.0005946268747202728,True,1.0,True,0,0.0005,0.16976110019862933,0.14162532917979287,cult_d1=5_d2=11scaled_att5
10000.0,3.0740902358114957,0.01142565599723933,10000.0,11706.513760645985,1799343982.3497367,11550.0,156.51376064598406,45686.0,153704.5117905748,C,5,17,9,0.04227742063989001,0.28075224980277597,False,1.0,True,0,0.0005,0.7437614638916521,0.14162532917979287,cult_d1=3_d2=7_att1.4
100.0,1.0,1.562145991103315,100000.0,62100.0,6831000000.0,55902.0,6198,62100.0,110000.0,B0,11,17,11,0.03733018448762383,0.00023176788316229643,False,0.1,True,3,0.0005,0.0,0.09247664180155735,"15to1_11,5,5_minerr"
100.0,1.4838173791023659,1.562145991103315,100000.0,25068.0,2603743384.1536674,22638.0,2430,62100.0,103867.21653716562,A,7,17,11,0.03733018448762383,0.09865451931715785,False,0.1,True,3,0.0005,0.596328502415459,0.09247664180155735,"15to1_7,3,3_minerr"
100.0,1.0,1.562145991103315,100000.0,56317.877216993526,6194966493.8692875,55902.0,415.8772169935271,62100.0,110000.0,B,11,17,11,0.03733018448762383,0.0004458112562682338,True,0.1,True,0,0.0005,0.09310986768126372,0.09247664180155735,cult_d1=5_d2=11scaled_att5
100.0,2.3179393702941886,1.562145991103315,100000.0,22749.79554331856,3691285272.920095,22638.0,111.79554331856004,62100.0,162255.7559205932,C,7,17,11,0.03733018448762383,0.2101696471333221,False,0.1,True,0,0.0005,0.6336586869030827,0.09247664180155735,cult_d1=3_d2=7_att1.4
10000.0,1.0,1.5621459911033158,100000.0,62100.0,6831000000.0,55902.0,6198,62100.0,110000.0,B0,11,17,11,0.04965356263049944,0.00023176788316229643,False,0.1,True,3,0.0005,0.0,0.20848453274875023,"15to1_11,5,5_minerr"
10000.0,215.99418815575768,1.5621459911033158,100000.0,14790.0,159727702141.1828,11550.0,3240,62100.0,10799709.407787884,A,5,17,11,0.04965356263049944,1.3438128751589666,False,0.1,True,4,0.0005,0.7618357487922706,0.20848453274875023,"15to1_7,3,3_minerr"
10000.0,1.0,1.5621459911033158,100000.0,56317.877216993526,6194966493.8692875,55902.0,415.8772169935271,62100.0,110000.0,B,11,17,11,0.04965356263049944,0.0004458112562682338,True,0.1,True,0,0.0005,0.09310986768126372,0.20848453274875023,cult_d1=5_d2=11scaled_att5
10000.0,337.41445512913214,1.5621459911033158,100000.0,11706.513760645985,197497348100.50262,11550.0,156.51376064598406,62100.0,16870722.756456606,C,5,17,11,0.04965356263049944,1.455328002975131,False,0.1,True,0,0.0005,0.8114893114227699,0.20848453274875023,cult_d1=3_d2=7_att1.4
100.0,1.0,3.8121050144301445,100000.0,62100.0,20493000000.0,55902.0,6198,62100.0,330000.0,B0,11,17,11,0.03733018448762383,0.00044260973380753454,False,0.3,True,3,0.0005,0.0,0.09247664180155735,"15to1_11,5,5_minerr"
100.0,2.022729257417004,3.8121050144301445,100000.0,25068.0,10648213175.235188,22638.0,2430,62100.0,424773.1440575709,A,7,17,11,0.03733018448762383,0.1761119292520802,False,0.3,True,3,0.0005,0.596328502415459,0.09247664180155735,"15to1_7,3,3_minerr"
100.0,1.0,3.8121050144301445,100000.0,56365.14702118569,18600498516.991276,55902.0,463.1470211856858,62100.0,330000.0,B,11,17,11,0.03733018448762383,0.00047060053359451856,True,0.3,True,0,0.0005,0.09234867920795997,0.09247664180155735,cult_d1=5_d2=11scaled_att5
100.0,7.710856345033924,3.8121050144301445,100000.0,22749.79554331856,36838285115.8187,22638.0,111.79554331856004,62100.0,1619279.832457124,C,7,17,11,0.03733018448762383,0.5106573127005729,False,0.3,True,0,0.0005,0.6336586869030827,0.09247664180155735,cult_d1=3_d2=7_att1.4
10000.0,1.0,3.8121050144301423,100000.0,62100.0,20493000000.0,55902.0,6198,62100.0,330000.0,B0,11,17,11,0.04965356263049944,0.00044260973380753454,False,0.3,True,3,0.0005,0.0,0.20848453274875023,"15to1_11,5,5_minerr"
10000.0,294.44173519451925,3.8121050144301423,100000.0,14790.0,653218989529.041,11550.0,3240,62100.0,44166260.27917789,A,5,17,11,0.04965356263049944,1.421270285093889,False,0.3,True,4,0.0005,0.7618357487922706,0.20848453274875023,"15to1_7,3,3_minerr"
10000.0,1.0,3.8121050144301423,100000.0,56365.14702118569,18600498516.991276,55902.0,463.1470211856858,62100.0,330000.0,B,11,17,11,0.04965356263049944,0.00047060053359451856,True,0.3,True,0,0.0005,0.09234867920795997,0.20848453274875023,cult_d1=5_d2=11scaled_att5
10000.0,1122.442815192539,3.8121050144301423,100000.0,11706.513760645985,1970983839238.4517,11550.0,156.51376064598406,62100.0,168366422.27888086,C,5,17,11,0.04965356263049944,1.7558156685423816,False,0.3,True,0,0.0005,0.8114893114227699,0.20848453274875023,cult_d1=3_d2=7_att1.4
100.0,1.0,0.34884570118074787,100000.0,71494.0,78643400000.0,55902.0,15592,71494.0,1100000.0,B0,11,17,11,0.032249281538318963,0.0002612723620223727,False,1.0,True,4,0.0005,0.0,0.09197503328149736,"15to1_15,7,7_minerr"
100.0,5.982577266262315,0.34884570118074787,100000.0,25068.0,104979872837.4646,22638.0,2430,71494.0,4187804.0863836207,A,7,17,11,0.032249281538318963,0.4472128640243084,False,1.0,True,3,0.0005,0.6493691778331049,0.09197503328149736,"15to1_7,3,3_minerr"
100.0,1.0,0.34884570118074787,100000.0,56422.269417635034,62064496359.39854,55902.0,520.2694176350374,71494.0,1100000.0,B,11,17,11,0.032249281538318963,0.00023262704776738684,True,1.0,True,0,0.0005,0.2108111251624607,0.09197503328149736,cult_d1=5_d2=11scaled_att6
100.0,2.0869963613172793,0.34884570118074787,100000.0,22762.369865699424,33253488159.27095,22638.0,124.36986569942535,71494.0,1460897.4529220955,C,7,17,11,0.032249281538318963,0.18393147114859906,False,1.0,True,0,0.0005,0.6816184593714238,0.09197503328149736,cult_d1=3_d2=7_att1.6
10000.0,1.0,0.34884570118074776,100000.0,71494.0,78643400000.0,55902.0,15592,71494.0,1100000.0,B0,11,17,11,0.042883069740409056,0.0002612723620223727,False,1.0,True,4,0.0005,0.0,0.2072942655862613,"15to1_15,7,7_minerr"
10000.0,870.8631789224206,0.34884570118074776,100000.0,14790.0,6440033208131.301,11550.0,3240,71494.0,435431589.4612103,A,5,17,11,0.042883069740409056,1.6923712198661172,False,1.0,True,4,0.0005,0.7931294933840602,0.2072942655862613,"15to1_7,3,3_minerr"
10000.0,1.0,0.34884570118074776,100000.0,56422.269417635034,62064496359.39854,55902.0,520.2694176350374,71494.0,1100000.0,B,11,17,11,0.042883069740409056,0.00023262704776738684,True,1.0,True,0,0.0005,0.2108111251624607,0.2072942655862613,cult_d1=5_d2=11scaled_att6
10000.0,303.7968762836868,0.34884570118074776,100000.0,11724.117811979195,1780875184230.6062,11550.0,174.1178119791955,71494.0,151898438.1418434,C,5,17,11,0.042883069740409056,1.4290898269904078,False,1.0,True,0,0.0005,0.8360125631244693,0.2072942655862613,cult_d1=3_d2=7_att1.6
100.0,1.0,0.34884570118074787,1000000.0,93670.0,121771000000.0,78078.0,15592,93670.0,1300000.0,B0,13,17,13,0.024614392380704345,0.00019294039288674522,False,0.1,True,4,0.0005,0.0,0.09197503328149736,"15to1_15,7,7_minerr"
100.0,51.73739215906045,0.34884570118074787,1000000.0,25068.0,907867062650.3292,22638.0,2430,93670.0,36216174.51134232,A,7,17,13,0.024614392380704345,0.9865451931715784,False,0.1,True,3,0.0005,0.7323796306181274,0.09197503328149736,"15to1_7,3,3_minerr"
100.0,1.0,0.34884570118074787,1000000.0,78518.22796876811,102073696359.39854,78078.0,440.22796876810855,93670.0,1300000.0,B,13,17,13,0.024614392380704345,0.00016429507863175937,True,0.1,True,0,0.0005,0.16175693425036708,0.09197503328149736,cult_d1=5_d2=11scaled_att6
100.0,18.04836684499077,0.34884570118074787,1000000.0,22762.369865699424,287576521118.2545,22638.0,124.36986569942535,93670.0,12633856.791493539,C,7,17,13,0.024614392380704345,0.7232638002958691,False,0.1,True,0,0.0005,0.7569940229988318,0.09197503328149736,cult_d1=3_d2=7_att1.6
10000.0,1.0,86.53985961923826,1000000.0,93670.0,121771000000.0,78078.0,15592,93670.0,1300000.0,B0,13,17,13,0.0247486330381279,0.00019294039288674522,False,0.1,True,4,0.0005,0.0,0.09247664180155735,"15to1_15,7,7_minerr"
10000.0,51.73739215906045,86.53985961923826,1000000.0,25068.0,907867062650.3292,22638.0,2430,93670.0,36216174.51134232,A,7,17,13,0.0247486330381279,0.9865451931715784,False,0.1,True,3,0.0005,0.7323796306181274,0.09247664180155735,"15to1_7,3,3_minerr"
10000.0,1.0,86.53985961923826,1000000.0,78518.22796876811,102073696359.39854,78078.0,440.22796876810855,93670.0,1300000.0,B,13,17,13,0.0247486330381279,0.00016429507863175937,True,0.1,True,0,0.0005,0.16175693425036708,0.09247664180155735,cult_d1=5_d2=11scaled_att6
10000.0,4477.346654510569,86.53985961923826,1000000.0,22749.79554331856,71301104676673.77,22638.0,111.79554331856004,93670.0,3134142658.1573987,C,7,17,13,0.0247486330381279,2.101696471333221,False,0.1,True,0,0.0005,0.7571282636562554,0.09247664180155735,cult_d1=3_d2=7_att1.4
100.0,1.0,2.3462614568078815,1000000.0,93670.0,365313000000.0,78078.0,15592,93670.0,3900000.0,B0,13,17,13,0.03537557525675858,0.0004627912012521358,False,0.3,True,4,0.0005,0.0,0.1270758603428661,"15to1_15,7,7_minerr"
100.0,20.744419352542085,2.3462614568078815,1000000.0,26076.0,1135956105977.4634,22638.0,3438,93670.0,43563280.640338376,A,7,17,13,0.03537557525675858,0.7580693159096429,False,0.3,True,3,0.0005,0.7216184477420733,0.1270758603428661,"15to1_9,3,3_minq"
100.0,1.0,2.3462614568078815,1000000.0,78518.22796876811,306221089078.1956,78078.0,440.22796876810855,93670.0,3900000.0,B,13,17,13,0.03537557525675858,0.00037685525848717827,True,0.3,True,0,0.0005,0.16175693425036708,0.1270758603428661,cult_d1=5_d2=11scaled_att6
100.0,48.671831570729,2.3462614568078815,1000000.0,22762.369865699424,2326561087733.315,22638.0,124.36986569942535,93670.0,102210846.29853089,C,7,17,13,0.03537557525675858,0.9712751138936739,False,0.3,True,0,0.0005,0.7569940229988318,0.1270758603428661,cult_d1=3_d2=7_att1.6
10000.0,1.0,0.042452192671982796,1000000.0,93670.0,365313000000.0,78078.0,15592,93670.0,3900000.0,B0,13,17,13,0.024614392380704345,0.0004627912012521358,False,0.3,True,4,0.0005,0.0,0.09197503328149736,"15to1_15,7,7_minerr"
10000.0,1146.5092497530989,0.042452192671982796,1000000.0,25068.0,60355457132902.44,22638.0,2430,93670.0,2407669424.481508,A,7,17,13,0.024614392380704345,1.7611192925208017,False,0.3,True,3,0.0005,0.7323796306181274,0.09197503328149736,"15to1_7,3,3_minerr"
10000.0,1.0,0.042452192671982796,1000000.0,78518.22796876811,306221089078.1956,78078.0,440.22796876810855,93670.0,3900000.0,B,13,17,13,0.024614392380704345,0.00037685525848717827,True,0.3,True,0,0.0005,0.16175693425036708,0.09197503328149736,cult_d1=5_d2=11scaled_att6
10000.0,48.671831570729,0.042452192671982796,1000000.0,22762.369865699424,2326561087733.315,22638.0,124.36986569942535,93670.0,102210846.29853089,C,7,17,13,0.024614392380704345,0.9712751138936739,False,0.3,True,0,0.0005,0.7569940229988318,0.09197503328149736,cult_d1=3_d2=7_att1.6
100.0,,0.7922598347377293,1000000.0,,,,,nan,,B0,,17,,nan,,,1.0,False,,0.0005,nan,0.12654481757580882,
100.0,91.33324703283516,0.7922598347377293,1000000.0,26076.0,16671240247397.467,22638.0,3438,nan,639332729.2298461,A,7,17,,nan,1.1286287182058872,False,1.0,True,3,0.0005,nan,0.12654481757580882,"15to1_9,3,3_minq"
100.0,1.0,0.7922598347377293,1000000.0,78575.31761417113,1021479128984.2247,78078.0,497.31761417113296,nan,13000000.0,B,13,17,,nan,0.0005572856432519467,True,1.0,True,0,0.0005,nan,0.12654481757580882,cult_d1=5_d2=11scaled_att7
100.0,72.3596632002942,0.7922598347377293,1000000.0,22776.21733689321,11536555908320.059,22638.0,138.21733689320885,nan,506517642.4020594,C,7,17,,nan,1.070412251503769,False,1.0,True,0,0.0005,nan,0.12654481757580882,cult_d1=3_d2=7_att1.8
10000.0,,17.162795232316068,1000000.0,,,,,nan,,B0,,17,,nan,,,1.0,False,,0.0005,nan,0.1270758603428661,
10000.0,91.33324703283516,17.162795232316068,1000000.0,26076.0,16671240247397.467,22638.0,3438,nan,639332729.2298461,A,7,17,,nan,1.1286287182058872,False,1.0,True,3,0.0005,nan,0.1270758603428661,"15to1_9,3,3_minq"
10000.0,1.0,17.162795232316068,1000000.0,78575.31761417113,1021479128984.2247,78078.0,497.31761417113296,nan,13000000.0,B,13,17,,nan,0.0005572856432519467,True,1.0,True,0,0.0005,nan,0.1270758603428661,cult_d1=5_d2=11scaled_att7
10000.0,1567.533816727089,17.162795232316068,1000000.0,22762.369865699424,249765491593334.44,22638.0,124.36986569942535,nan,10972736717.089622,C,7,17,,nan,1.8393147114859905,False,1.0,True,0,0.0005,nan,0.1270758603428661,cult_d1=3_d2=7_att1.6
100.0,,2.3541353202499637,100000000.0,,,,,nan,,B0,,17,,nan,,,0.1,False,,0.0005,nan,0.09310986768126372,
100.0,2.5270978075151564,2.3541353202499637,100000000.0,62100.0,17262605123136.033,55902.0,6198,nan,277980758.8266672,A,11,17,,nan,0.23176788316229643,False,0.1,True,3,0.0005,nan,0.09310986768126372,"15to1_11,5,5_minerr"
100.0,1.0,2.3541353202499637,100000000.0,104491.70690641095,15673756035961.643,103950.0,541.7069064109556,nan,150000000.0,B,15,17,,nan,0.0008640086765381186,True,0.1,True,0,0.0005,nan,0.09310986768126372,cult_d1=5_d2=11scaled_att8
100.0,5.949130206397674,2.3541353202499637,100000000.0,56317.877216993526,36854662296299.27,55902.0,415.8772169935271,nan,654404322.7037442,C,11,17,,nan,0.4458112562682338,True,0.1,True,0,0.0005,nan,0.09310986768126372,cult_d1=5_d2=11scaled_att5
10000.0,,2.3541353202499637,100000000.0,,,,,nan,,B0,,17,,nan,,,0.1,False,,0.0005,nan,0.09310986768126372,
10000.0,2.5270978075151564,2.3541353202499637,100000000.0,62100.0,17262605123136.033,55902.0,6198,nan,277980758.8266672,A,11,17,,nan,0.23176788316229643,False,0.1,True,3,0.0005,nan,0.09310986768126372,"15to1_11,5,5_minerr"
10000.0,1.0,2.3541353202499637,100000000.0,104491.70690641095,15673756035961.643,103950.0,541.7069064109556,nan,150000000.0,B,15,17,,nan,0.0008640086765381186,True,0.1,True,0,0.0005,nan,0.09310986768126372,cult_d1=5_d2=11scaled_att8
10000.0,5.949130206397674,2.3541353202499637,100000000.0,56317.877216993526,36854662296299.27,55902.0,415.8772169935271,nan,654404322.7037442,C,11,17,,nan,0.4458112562682338,True,0.1,True,0,0.0005,nan,0.09310986768126372,cult_d1=5_d2=11scaled_att5
100.0,,13.046507550117518,100000000.0,,,,,nan,,B0,,17,,nan,,,0.3,False,,0.0005,nan,0.09310986768126372,
100.0,5.873430851388089,13.046507550117518,100000000.0,62100.0,120364218437496.11,55902.0,6198,nan,1938232180.9580693,A,11,17,,nan,0.44260973380753454,False,0.3,True,3,0.0005,nan,0.09310986768126372,"15to1_11,5,5_minerr"
100.0,,13.046507550117518,100000000.0,,,,,nan,,B,,17,,nan,,,0.3,False,,0.0005,nan,0.09310986768126372,
100.0,76.62775994772787,13.046507550117518,100000000.0,56317.877216993526,1424119216129299.2,55902.0,415.8772169935271,nan,25287160782.750195,C,11,17,,nan,1.0847398531253465,True,0.3,True,0,0.0005,nan,0.09310986768126372,cult_d1=5_d2=11scaled_att5
10000.0,,13.046507550117518,100000000.0,,,,,nan,,B0,,17,,nan,,,0.3,False,,0.0005,nan,0.09310986768126372,
10000.0,5.873430851388089,13.046507550117518,100000000.0,62100.0,120364218437496.11,55902.0,6198,nan,1938232180.9580693,A,11,17,,nan,0.44260973380753454,False,0.3,True,3,0.0005,nan,0.09310986768126372,"15to1_11,5,5_minerr"
10000.0,,13.046507550117518,100000000.0,,,,,nan,,B,,17,,nan,,,0.3,False,,0.0005,nan,0.09310986768126372,
10000.0,76.62775994772787,13.046507550117518,100000000.0,56317.877216993526,1424119216129299.2,55902.0,415.8772169935271,nan,25287160782.750195,C,11,17,,nan,1.0847398531253465,True,0.3,True,0,0.0005,nan,0.09310986768126372,cult_d1=5_d2=11scaled_att5
100.0,,0.8917394753817645,100000000.0,,,,,nan,,B0,,17,,nan,,,1.0,False,,0.0005,nan,0.2108111251624607,
100.0,2.8436528715926697,0.8917394753817645,100000000.0,71494.0,223634530241810.94,55902.0,15592,nan,3128018158.7519364,A,11,17,,nan,0.2612723620223727,False,1.0,True,4,0.0005,nan,0.2108111251624607,"15to1_15,7,7_minerr"
100.0,,0.8917394753817645,100000000.0,,,,,nan,,B,,17,,nan,,,1.0,False,,0.0005,nan,0.2108111251624607,
100.0,2.5357975198818954,0.8917394753817645,100000000.0,56422.269417635034,157382995940881.72,55902.0,520.2694176350374,nan,2789377271.870085,C,11,17,,nan,0.23262704776738682,True,1.0,True,0,0.0005,nan,0.2108111251624607,cult_d1=5_d2=11scaled_att6
10000.0,,1.4523902736996073,100000000.0,,,,,nan,,B0,,17,,nan,,,1.0,False,,0.0005,nan,0.09234867920795997,
10000.0,112.4180873799084,1.4523902736996073,100000000.0,62100.0,7679279548921543.0,55902.0,6198,nan,123659896117.89925,A,11,17,,nan,1.1805562110658678,False,1.0,True,3,0.0005,nan,0.09234867920795997,"15to1_11,5,5_minerr"
10000.0,,1.4523902736996073,100000000.0,,,,,nan,,B,,17,,nan,,,1.0,False,,0.0005,nan,0.09234867920795997,
10000.0,163.27493669849153,1.4523902736996073,100000000.0,56365.14702118569,1.0123317393073786e+16,55902.0,463.1470211856858,nan,179602430368.34067,C,11,17,,nan,1.2738588770224815,True,1.0,True,0,0.0005,nan,0.09234867920795997,cult_d1=5_d2=11scaled_att5
100.0,,nan,10000000000.0,,,,,nan,,B0,,17,,nan,,,0.1,False,,0.0005,nan,nan,
100.0,,nan,10000000000.0,,,,,nan,,A,,17,,nan,,,0.1,False,,0.0005,nan,nan,
100.0,,nan,10000000000.0,,,,,nan,,B,,17,,nan,,,0.1,False,,0.0005,nan,nan,
100.0,75.01455537350552,nan,10000000000.0,78575.31761417113,7.66258026840673e+16,78078.0,497.31761417113296,nan,975189219855.5717,C,13,17,,nan,1.0794205415883962,True,0.1,True,0,0.0005,nan,nan,cult_d1=5_d2=11scaled_att7
10000.0,,0.31796544354653145,10000000000.0,,,,,nan,,B0,,17,,nan,,,0.1,False,,0.0005,nan,0.16175693425036708,
10000.0,2247.594282633787,0.31796544354653145,10000000000.0,93670.0,2.7369180339059886e+18,78078.0,15592,nan,29218725674239.23,A,13,17,,nan,1.929403928867452,False,0.1,True,4,0.0005,nan,0.16175693425036708,"15to1_15,7,7_minerr"
10000.0,,0.31796544354653145,10000000000.0,,,,,nan,,B,,17,,nan,,,0.1,False,,0.0005,nan,0.16175693425036708,
10000.0,714.6573129903002,0.31796544354653145,10000000000.0,78518.22796876811,7.294771356719556e+17,78078.0,440.22796876810855,nan,9290545068873.902,C,13,17,,nan,1.6429507863175936,True,0.1,True,0,0.0005,nan,0.16175693425036708,cult_d1=5_d2=11scaled_att6
100.0,,nan,10000000000.0,,,,,nan,,B0,,17,,nan,,,0.3,False,,0.0005,nan,nan,
100.0,,nan,10000000000.0,,,,,nan,,A,,17,,nan,,,0.3,False,,0.0005,nan,nan,
100.0,,nan,10000000000.0,,,,,nan,,B,,17,,nan,,,0.3,False,,0.0005,nan,nan,
100.0,20.858126670439347,nan,10000000000.0,78703.04643047418,6.402232636005569e+16,78078.0,625.0464304741796,nan,813466940147.1345,C,13,17,,nan,0.7594359101678121,True,0.3,True,0,0.0005,nan,nan,cult_d1=5_d2=11scaled_att8
10000.0,,nan,10000000000.0,,,,,nan,,B0,,17,,nan,,,0.3,False,,0.0005,nan,nan,
10000.0,,nan,10000000000.0,,,,,nan,,A,,17,,nan,,,0.3,False,,0.0005,nan,nan,
10000.0,,nan,10000000000.0,,,,,nan,,B,,17,,nan,,,0.3,False,,0.0005,nan,nan,
10000.0,4071.8283464481606,nan,10000000000.0,78575.31761417113,1.2477863018109428e+19,78078.0,497.31761417113296,nan,158801305511478.25,C,13,17,,nan,2.07796185068419,True,0.3,True,0,0.0005,nan,nan,cult_d1=5_d2=11scaled_att7
100.0,,nan,10000000000.0,,,,,nan,,B0,,17,,nan,,,1.0,False,,0.0005,nan,nan,
100.0,,nan,10000000000.0,,,,,nan,,A,,17,,nan,,,1.0,False,,0.0005,nan,nan,
100.0,,nan,10000000000.0,,,,,nan,,B,,17,,nan,,,1.0,False,,0.0005,nan,nan,
100.0,76.13517832397899,nan,10000000000.0,78779.41424774795,7.797250177614172e+17,78078.0,701.4142477479475,nan,9897573182117.27,C,13,17,,nan,1.0831276056243992,True,1.0,True,0,0.0005,nan,nan,cult_d1=5_d2=11scaled_att10
10000.0,,nan,10000000000.0,,,,,nan,,B0,,17,,nan,,,1.0,False,,0.0005,nan,nan,
10000.0,,nan,10000000000.0,,,,,nan,,A,,17,,nan,,,1.0,False,,0.0005,nan,nan,
10000.0,,nan,10000000000.0,,,,,nan,,B,,17,,nan,,,1.0,False,,0.0005,nan,nan,
10000.0,111.17214507704401,nan,10000000000.0,78703.04643047418,1.1374462444506207e+18,78078.0,625.0464304741796,nan,14452378860015.72,C,13,17,,nan,1.1777699641315418,True,1.0,True,0,0.0005,nan,nan,cult_d1=5_d2=11scaled_att8
100.0,1.0,0.6394227948510427,10000.0,40860.0,367740000.0,37422.0,3438,40860.0,9000.0,B0,9,21,9,0.04727083307278549,0.000804533151000637,False,0.1,True,3,0.0005,0.0,0.14162532917979287,"15to1_9,3,3_minq"
100.0,2.7991634195476705,0.6394227948510427,10000.0,13638.0,190874953.57895565,11550.0,2088,40860.0,13995.817097738352,A,5,21,9,0.04727083307278549,0.2573301484512313,False,0.1,True,4,0.0005,0.6662261380323055,0.14162532917979287,"15to1_5,3,3_minerr"
100.0,1.0,0.6394227948510427,10000.0,37529.50237313916,337765521.35825247,37422.0,107.50237313916244,40860.0,9000.0,B,9,21,9,0.04727083307278549,0.0007463166842985188,False,0.1,True,0,0.0005,0.08150997618357403,0.14162532917979287,cult_d1=3_d2=7_att1.8
100.0,1.7898488969719732,0.6394227948510427,10000.0,11706.513760645985,104764453.70939721,11550.0,156.51376064598406,40860.0,8949.244484859866,C,5,21,9,0.04727083307278549,0.1455328002975131,False,0.1,True,0,0.0005,0.7134969711050909,0.14162532917979287,cult_d1=3_d2=7_att1.4
10000.0,1.0,0.6394227948510427,10000.0,40860.0,367740000.0,37422.0,3438,40860.0,9000.0,B0,9,21,9,0.04727083307278549,0.000804533151000637,False,0.1,True,3,0.0005,0.0,0.14162532917979287,"15to1_9,3,3_minq"
10000.0,2.7991634195476705,0.6394227948510427,10000.0,13638.0,190874953.57895565,11550.0,2088,40860.0,13995.817097738352,A,5,21,9,0.04727083307278549,0.2573301484512313,False,0.1,True,4,0.0005,0.6662261380323055,0.14162532917979287,"15to1_5,3,3_minerr"
10000.0,1.0,0.6394227948510427,10000.0,37529.50237313916,337765521.35825247,37422.0,107.50237313916244,40860.0,9000.0,B,9,21,9,0.04727083307278549,0.0007463166842985188,False,0.1,True,0,0.0005,0.08150997618357403,0.14162532917979287,cult_d1=3_d2=7_att1.8
10000.0,1.7898488969719732,0.6394227948510427,10000.0,11706.513760645985,104764453.70939721,11550.0,156.51376064598406,40860.0,8949.244484859866,C,5,21,9,0.04727083307278549,0.1455328002975131,False,0.1,True,0,0.0005,0.7134969711050909,0.14162532917979287,cult_d1=3_d2=7_att1.4
100.0,1.0,0.26143536979896154,10000.0,43766.0,1181682000.0,37422.0,6344,43766.0,27000.0,B0,9,21,9,0.04413211715381838,0.0009993497098856174,False,0.3,True,4,0.0005,0.0,0.14162532917979287,"15to1_9,5,5_minerr"
100.0,7.720618251810976,0.26143536979896154,10000.0,13638.0,1579406875.7729714,11550.0,2088,43766.0,115809.27377716464,A,5,21,9,0.04413211715381838,0.5109736113153929,False,0.3,True,4,0.0005,0.6883882465841065,0.14162532917979287,"15to1_5,3,3_minerr"
100.0,1.0,0.26143536979896154,10000.0,37930.29437632542,1024117948.1607864,37422.0,508.294376325422,43766.0,27000.0,B,9,21,9,0.04413211715381838,0.0003710018658202834,True,0.3,True,0,0.0005,0.13333879321104458,0.14162532917979287,cult_d1=5_d2=11scaled_att5
100.0,2.018442687738814,0.26143536979896154,10000.0,11706.513760645985,354433906.4863454,11550.0,156.51376064598406,43766.0,30276.640316082212,C,5,21,9,0.04413211715381838,0.17558156685423817,False,0.3,True,0,0.0005,0.7325203637379247,0.14162532917979287,cult_d1=3_d2=7_att1.4
10000.0,1.0,0.26143536979896154,10000.0,43766.0,1181682000.0,37422.0,6344,43766.0,27000.0,B0,9,21,9,0.04413211715381838,0.0009993497098856174,False,0.3,True,4,0.0005,0.0,0.14162532917979287,"15to1_9,5,5_minerr"
10000.0,7.720618251810976,0.26143536979896154,10000.0,13638.0,1579406875.7729714,11550.0,2088,43766.0,115809.27377716464,A,5,21,9,0.04413211715381838,0.5109736113153929,False,0.3,True,4,0.0005,0.6883882465841065,0.14162532917979287,"15to1_5,3,3_minerr"
10000.0,1.0,0.26143536979896154,10000.0,37930.29437632542,1024117948.1607864,37422.0,508.294376325422,43766.0,27000.0,B,9,21,9,0.04413211715381838,0.0003710018658202834,True,0.3,True,0,0.0005,0.13333879321104458,0.14162532917979287,cult_d1=5_d2=11scaled_att5
10000.0,2.018442687738814,0.26143536979896154,10000.0,11706.513760645985,354433906.4863454,11550.0,156.51376064598406,43766.0,30276.640316082212,C,5,21,9,0.04413211715381838,0.17558156685423817,False,0.3,True,0,0.0005,0.7325203637379247,0.14162532917979287,cult_d1=3_d2=7_att1.4
100.0,1.0,1.562145991103315,10000.0,45686.0,4111740000.0,37422.0,8264,45686.0,90000.0,B0,9,21,9,0.0674930227937227,0.0003805835016143355,False,1.0,True,4,0.0005,0.0,0.20848453274875023,"15to1_11,5,5_minerr"
100.0,1.9678636013016442,1.562145991103315,10000.0,14790.0,1455235133.162566,11550.0,3240,45686.0,98393.18006508221,A,5,21,9,0.0674930227937227,0.16923712198661173,False,1.0,True,4,0.0005,0.6762684410979294,0.20848453274875023,"15to1_7,3,3_minerr"
100.0,1.0,1.562145991103315,10000.0,37930.29437632542,3413726493.869288,37422.0,508.294376325422,45686.0,90000.0,B,9,21,9,0.0674930227937227,0.0005946268747202728,True,1.0,True,0,0.0005,0.16976110019862933,0.20848453274875023,cult_d1=5_d2=11scaled_att5
100.0,3.0740902358114957,1.562145991103315,10000.0,11706.513760645985,1799343982.3497367,11550.0,156.51376064598406,45686.0,153704.5117905748,C,5,21,9,0.0674930227937227,0.28075224980277597,False,1.0,True,0,0.0005,0.7437614638916521,0.20848453274875023,cult_d1=3_d2=7_att1.4
10000.0,1.0,0.01142565599723933,10000.0,45686.0,4111740000.0,37422.0,8264,45686.0,90000.0,B0,9,21,9,0.04227742063989001,0.0003805835016143355,False,1.0,True,4,0.0005,0.0,0.14162532917979287,"15to1_11,5,5_minerr"
10000.0,269.0515307439904,0.01142565599723933,10000.0,13638.0,183466238814.32706,11550.0,2088,45686.0,13452576.53719952,A,5,21,9,0.04227742063989001,1.3987257313399581,False,1.0,True,4,0.0005,0.701484043251762,0.14162532917979287,"15to1_5,3,3_minerr"
10000.0,1.0,0.01142565599723933,10000.0,37930.29437632542,3413726493.869288,37422.0,508.294376325422,45686.0,90000.0,B,9,21,9,0.04227742063989001,0.0005946268747202728,True,1.0,True,0,0.0005,0.16976110019862933,0.14162532917979287,cult_d1=5_d2=11scaled_att5
10000.0,3.0740902358114957,0.01142565599723933,10000.0,11706.513760645985,1799343982.3497367,11550.0,156.51376064598406,45686.0,153704.5117905748,C,5,21,9,0.04227742063989001,0.28075224980277597,False,1.0,True,0,0.0005,0.7437614638916521,0.14162532917979287,cult_d1=3_d2=7_att1.4
100.0,1.0,1.562145991103315,100000.0,62100.0,6831000000.0,55902.0,6198,62100.0,110000.0,B0,11,21,11,0.03733018448762383,0.00023176788316229643,False,0.1,True,3,0.0005,0.0,0.09247664180155735,"15to1_11,5,5_minerr"
100.0,1.4838173791023659,1.562145991103315,100000.0,25068.0,2603743384.1536674,22638.0,2430,62100.0,103867.21653716562,A,7,21,11,0.03733018448762383,0.09865451931715785,False,0.1,True,3,0.0005,0.596328502415459,0.09247664180155735,"15to1_7,3,3_minerr"
100.0,1.0,1.562145991103315,100000.0,56317.877216993526,6194966493.8692875,55902.0,415.8772169935271,62100.0,110000.0,B,11,21,11,0.03733018448762383,0.0004458112562682338,True,0.1,True,0,0.0005,0.09310986768126372,0.09247664180155735,cult_d1=5_d2=11scaled_att5
100.0,2.3179393702941886,1.562145991103315,100000.0,22749.79554331856,3691285272.920095,22638.0,111.79554331856004,62100.0,162255.7559205932,C,7,21,11,0.03733018448762383,0.2101696471333221,False,0.1,True,0,0.0005,0.6336586869030827,0.09247664180155735,cult_d1=3_d2=7_att1.4
10000.0,1.0,1.5621459911033158,100000.0,62100.0,6831000000.0,55902.0,6198,62100.0,110000.0,B0,11,21,11,0.04965356263049944,0.00023176788316229643,False,0.1,True,3,0.0005,0.0,0.20848453274875023,"15to1_11,5,5_minerr"
10000.0,215.99418815575768,1.5621459911033158,100000.0,14790.0,159727702141.1828,11550.0,3240,62100.0,10799709.407787884,A,5,21,11,0.04965356263049944,1.3438128751589666,False,0.1,True,4,0.0005,0.7618357487922706,0.20848453274875023,"15to1_7,3,3_minerr"
10000.0,1.0,1.5621459911033158,100000.0,56317.877216993526,6194966493.8692875,55902.0,415.8772169935271,62100.0,110000.0,B,11,21,11,0.04965356263049944,0.0004458112562682338,True,0.1,True,0,0.0005,0.09310986768126372,0.20848453274875023,cult_d1=5_d2=11scaled_att5
10000.0,337.41445512913214,1.5621459911033158,100000.0,11706.513760645985,197497348100.50262,11550.0,156.51376064598406,62100.0,16870722.756456606,C,5,21,11,0.04965356263049944,1.455328002975131,False,0.1,True,0,0.0005,0.8114893114227699,0.20848453274875023,cult_d1=3_d2=7_att1.4
100.0,1.0,3.8121050144301445,100000.0,62100.0,20493000000.0,55902.0,6198,62100.0,330000.0,B0,11,21,11,0.03733018448762383,0.00044260973380753454,False,0.3,True,3,0.0005,0.0,0.09247664180155735,"15to1_11,5,5_minerr"
100.0,2.022729257417004,3.8121050144301445,100000.0,25068.0,10648213175.235188,22638.0,2430,62100.0,424773.1440575709,A,7,21,11,0.03733018448762383,0.1761119292520802,False,0.3,True,3,0.0005,0.596328502415459,0.09247664180155735,"15to1_7,3,3_minerr"
100.0,1.0,3.8121050144301445,100000.0,56365.14702118569,18600498516.991276,55902.0,463.1470211856858,62100.0,330000.0,B,11,21,11,0.03733018448762383,0.00047060053359451856,True,0.3,True,0,0.0005,0.09234867920795997,0.09247664180155735,cult_d1=5_d2=11scaled_att5
100.0,7.710856345033924,3.8121050144301445,100000.0,22749.79554331856,36838285115.8187,22638.0,111.79554331856004,62100.0,1619279.832457124,C,7,21,11,0.03733018448762383,0.5106573127005729,False,0.3,True,0,0.0005,0.6336586869030827,0.09247664180155735,cult_d1=3_d2=7_att1.4
10000.0,1.0,3.8121050144301423,100000.0,62100.0,20493000000.0,55902.0,6198,62100.0,330000.0,B0,11,21,11,0.04965356263049944,0.00044260973380753454,False,0.3,True,3,0.0005,0.0,0.20848453274875023,"15to1_11,5,5_minerr"
10000.0,294.44173519451925,3.8121050144301423,100000.0,14790.0,653218989529.041,11550.0,3240,62100.0,44166260.27917789,A,5,21,11,0.04965356263049944,1.421270285093889,False,0.3,True,4,0.0005,0.7618357487922706,0.20848453274875023,"15to1_7,3,3_minerr"
10000.0,1.0,3.8121050144301423,100000.0,56365.14702118569,18600498516.991276,55902.0,463.1470211856858,62100.0,330000.0,B,11,21,11,0.04965356263049944,0.00047060053359451856,True,0.3,True,0,0.0005,0.09234867920795997,0.20848453274875023,cult_d1=5_d2=11scaled_att5
10000.0,1122.442815192539,3.8121050144301423,100000.0,11706.513760645985,1970983839238.4517,11550.0,156.51376064598406,62100.0,168366422.27888086,C,5,21,11,0.04965356263049944,1.7558156685423816,False,0.3,True,0,0.0005,0.8114893114227699,0.20848453274875023,cult_d1=3_d2=7_att1.4
100.0,1.0,0.34884570118074787,100000.0,71494.0,78643400000.0,55902.0,15592,71494.0,1100000.0,B0,11,21,11,0.032249281538318963,0.0002612723620223727,False,1.0,True,4,0.0005,0.0,0.09197503328149736,"15to1_15,7,7_minerr"
100.0,5.982577266262315,0.34884570118074787,100000.0,25068.0,104979872837.4646,22638.0,2430,71494.0,4187804.0863836207,A,7,21,11,0.032249281538318963,0.4472128640243084,False,1.0,True,3,0.0005,0.6493691778331049,0.09197503328149736,"15to1_7,3,3_minerr"
100.0,1.0,0.34884570118074787,100000.0,56422.269417635034,62064496359.39854,55902.0,520.2694176350374,71494.0,1100000.0,B,11,21,11,0.032249281538318963,0.00023262704776738684,True,1.0,True,0,0.0005,0.2108111251624607,0.09197503328149736,cult_d1=5_d2=11scaled_att6
100.0,2.0869963613172793,0.34884570118074787,100000.0,22762.369865699424,33253488159.27095,22638.0,124.36986569942535,71494.0,1460897.4529220955,C,7,21,11,0.032249281538318963,0.18393147114859906,False,1.0,True,0,0.0005,0.6816184593714238,0.09197503328149736,cult_d1=3_d2=7_att1.6
10000.0,1.0,0.34884570118074776,100000.0,71494.0,78643400000.0,55902.0,15592,71494.0,1100000.0,B0,11,21,11,0.042883069740409056,0.0002612723620223727,False,1.0,True,4,0.0005,0.0,0.2072942655862613,"15to1_15,7,7_minerr"
10000.0,870.8631789224206,0.34884570118074776,100000.0,14790.0,6440033208131.301,11550.0,3240,71494.0,435431589.4612103,A,5,21,11,0.042883069740409056,1.6923712198661172,False,1.0,True,4,0.0005,0.7931294933840602,0.2072942655862613,"15to1_7,3,3_minerr"
10000.0,1.0,0.34884570118074776,100000.0,56422.269417635034,62064496359.39854,55902.0,520.2694176350374,71494.0,1100000.0,B,11,21,11,0.042883069740409056,0.00023262704776738684,True,1.0,True,0,0.0005,0.2108111251624607,0.2072942655862613,cult_d1=5_d2=11scaled_att6
10000.0,303.7968762836868,0.34884570118074776,100000.0,11724.117811979195,1780875184230.6062,11550.0,174.1178119791955,71494.0,151898438.1418434,C,5,21,11,0.042883069740409056,1.4290898269904078,False,1.0,True,0,0.0005,0.8360125631244693,0.2072942655862613,cult_d1=3_d2=7_att1.6
100.0,1.0,0.34884570118074787,1000000.0,93670.0,121771000000.0,78078.0,15592,93670.0,1300000.0,B0,13,21,13,0.024614392380704345,0.00019294039288674522,False,0.1,True,4,0.0005,0.0,0.09197503328149736,"15to1_15,7,7_minerr"
100.0,51.73739215906045,0.34884570118074787,1000000.0,25068.0,907867062650.3292,22638.0,2430,93670.0,36216174.51134232,A,7,21,13,0.024614392380704345,0.9865451931715784,False,0.1,True,3,0.0005,0.7323796306181274,0.09197503328149736,"15to1_7,3,3_minerr"
100.0,1.0,0.34884570118074787,1000000.0,78518.22796876811,102073696359.39854,78078.0,440.22796876810855,93670.0,1300000.0,B,13,21,13,0.024614392380704345,0.00016429507863175937,True,0.1,True,0,0.0005,0.16175693425036708,0.09197503328149736,cult_d1=5_d2=11scaled_att6
100.0,18.04836684499077,0.34884570118074787,1000000.0,22762.369865699424,287576521118.2545,22638.0,124.36986569942535,93670.0,12633856.791493539,C,7,21,13,0.024614392380704345,0.7232638002958691,False,0.1,True,0,0.0005,0.7569940229988318,0.09197503328149736,cult_d1=3_d2=7_att1.6
10000.0,1.0,86.53985961923826,1000000.0,93670.0,121771000000.0,78078.0,15592,93670.0,1300000.0,B0,13,21,13,0.0247486330381279,0.00019294039288674522,False,0.1,True,4,0.0005,0.0,0.09247664180155735,"15to1_15,7,7_minerr"
10000.0,51.73739215906045,86.53985961923826,1000000.0,25068.0,907867062650.3292,22638.0,2430,93670.0,36216174.51134232,A,7,21,13,0.0247486330381279,0.9865451931715784,False,0.1,True,3,0.0005,0.7323796306181274,0.09247664180155735,"15to1_7,3,3_minerr"
10000.0,1.0,86.53985961923826,1000000.0,78518.22796876811,102073696359.39854,78078.0,440.22796876810855,93670.0,1300000.0,B,13,21,13,0.0247486330381279,0.00016429507863175937,True,0.1,True,0,0.0005,0.16175693425036708,0.09247664180155735,cult_d1=5_d2=11scaled_att6
10000.0,4477.346654510569,86.53985961923826,1000000.0,22749.79554331856,71301104676673.77,22638.0,111.79554331856004,93670.0,3134142658.1573987,C,7,21,13,0.0247486330381279,2.101696471333221,False,0.1,True,0,0.0005,0.7571282636562554,0.09247664180155735,cult_d1=3_d2=7_att1.4
100.0,1.0,2.3462614568078815,1000000.0,93670.0,365313000000.0,78078.0,15592,93670.0,3900000.0,B0,13,21,13,0.03537557525675858,0.0004627912012521358,False,0.3,True,4,0.0005,0.0,0.1270758603428661,"15to1_15,7,7_minerr"
100.0,20.744419352542085,2.3462614568078815,1000000.0,26076.0,1135956105977.4634,22638.0,3438,93670.0,43563280.640338376,A,7,21,13,0.03537557525675858,0.7580693159096429,False,0.3,True,3,0.0005,0.7216184477420733,0.1270758603428661,"15to1_9,3,3_minq"
100.0,1.0,2.3462614568078815,1000000.0,78518.22796876811,306221089078.1956,78078.0,440.22796876810855,93670.0,3900000.0,B,13,21,13,0.03537557525675858,0.00037685525848717827,True,0.3,True,0,0.0005,0.16175693425036708,0.1270758603428661,cult_d1=5_d2=11scaled_att6
100.0,48.671831570729,2.3462614568078815,1000000.0,22762.369865699424,2326561087733.315,22638.0,124.36986569942535,93670.0,102210846.29853089,C,7,21,13,0.03537557525675858,0.9712751138936739,False,0.3,True,0,0.0005,0.7569940229988318,0.1270758603428661,cult_d1=3_d2=7_att1.6
10000.0,1.0,0.042452192671982796,1000000.0,93670.0,365313000000.0,78078.0,15592,93670.0,3900000.0,B0,13,21,13,0.024614392380704345,0.0004627912012521358,False,0.3,True,4,0.0005,0.0,0.09197503328149736,"15to1_15,7,7_minerr"
10000.0,1146.5092497530989,0.042452192671982796,1000000.0,25068.0,60355457132902.44,22638.0,2430,93670.0,2407669424.481508,A,7,21,13,0.024614392380704345,1.7611192925208017,False,0.3,True,3,0.0005,0.7323796306181274,0.09197503328149736,"15to1_7,3,3_minerr"
10000.0,1.0,0.042452192671982796,1000000.0,78518.22796876811,306221089078.1956,78078.0,440.22796876810855,93670.0,3900000.0,B,13,21,13,0.024614392380704345,0.00037685525848717827,True,0.3,True,0,0.0005,0.16175693425036708,0.09197503328149736,cult_d1=5_d2=11scaled_att6
10000.0,48.671831570729,0.042452192671982796,1000000.0,22762.369865699424,2326561087733.315,22638.0,124.36986569942535,93670.0,102210846.29853089,C,7,21,13,0.024614392380704345,0.9712751138936739,False,0.3,True,0,0.0005,0.7569940229988318,0.09197503328149736,cult_d1=3_d2=7_att1.6
100.0,,0.7922598347377293,1000000.0,,,,,nan,,B0,,21,,nan,,,1.0,False,,0.0005,nan,0.12654481757580882,
100.0,91.33324703283516,0.7922598347377293,1000000.0,26076.0,16671240247397.467,22638.0,3438,nan,639332729.2298461,A,7,21,,nan,1.1286287182058872,False,1.0,True,3,0.0005,nan,0.12654481757580882,"15to1_9,3,3_minq"
100.0,1.0,0.7922598347377293,1000000.0,78575.31761417113,1021479128984.2247,78078.0,497.31761417113296,nan,13000000.0,B,13,21,,nan,0.0005572856432519467,True,1.0,True,0,0.0005,nan,0.12654481757580882,cult_d1=5_d2=11scaled_att7
100.0,72.3596632002942,0.7922598347377293,1000000.0,22776.21733689321,11536555908320.059,22638.0,138.21733689320885,nan,506517642.4020594,C,7,21,,nan,1.070412251503769,False,1.0,True,0,0.0005,nan,0.12654481757580882,cult_d1=3_d2=7_att1.8
10000.0,,17.162795232316068,1000000.0,,,,,nan,,B0,,21,,nan,,,1.0,False,,0.0005,nan,0.1270758603428661,
10000.0,91.33324703283516,17.162795232316068,1000000.0,26076.0,16671240247397.467,22638.0,3438,nan,639332729.2298461,A,7,21,,nan,1.1286287182058872,False,1.0,True,3,0.0005,nan,0.1270758603428661,"15to1_9,3,3_minq"
10000.0,1.0,17.162795232316068,1000000.0,78575.31761417113,1021479128984.2247,78078.0,497.31761417113296,nan,13000000.0,B,13,21,,nan,0.0005572856432519467,True,1.0,True,0,0.0005,nan,0.1270758603428661,cult_d1=5_d2=11scaled_att7
10000.0,1567.533816727089,17.162795232316068,1000000.0,22762.369865699424,249765491593334.44,22638.0,124.36986569942535,nan,10972736717.089622,C,7,21,,nan,1.8393147114859905,False,1.0,True,0,0.0005,nan,0.1270758603428661,cult_d1=3_d2=7_att1.6
100.0,,2.3541353202499637,100000000.0,,,,,nan,,B0,,21,,nan,,,0.1,False,,0.0005,nan,0.09310986768126372,
100.0,2.5270978075151564,2.3541353202499637,100000000.0,62100.0,17262605123136.033,55902.0,6198,nan,277980758.8266672,A,11,21,,nan,0.23176788316229643,False,0.1,True,3,0.0005,nan,0.09310986768126372,"15to1_11,5,5_minerr"
100.0,1.0,2.3541353202499637,100000000.0,104491.70690641095,15673756035961.643,103950.0,541.7069064109556,nan,150000000.0,B,15,21,,nan,0.0008640086765381186,True,0.1,True,0,0.0005,nan,0.09310986768126372,cult_d1=5_d2=11scaled_att8
100.0,5.949130206397674,2.3541353202499637,100000000.0,56317.877216993526,36854662296299.27,55902.0,415.8772169935271,nan,654404322.7037442,C,11,21,,nan,0.4458112562682338,True,0.1,True,0,0.0005,nan,0.09310986768126372,cult_d1=5_d2=11scaled_att5
10000.0,,2.3541353202499637,100000000.0,,,,,nan,,B0,,21,,nan,,,0.1,False,,0.0005,nan,0.09310986768126372,
10000.0,2.5270978075151564,2.3541353202499637,100000000.0,62100.0,17262605123136.033,55902.0,6198,nan,277980758.8266672,A,11,21,,nan,0.23176788316229643,False,0.1,True,3,0.0005,nan,0.09310986768126372,"15to1_11,5,5_minerr"
10000.0,1.0,2.3541353202499637,100000000.0,104491.70690641095,15673756035961.643,103950.0,541.7069064109556,nan,150000000.0,B,15,21,,nan,0.0008640086765381186,True,0.1,True,0,0.0005,nan,0.09310986768126372,cult_d1=5_d2=11scaled_att8
10000.0,5.949130206397674,2.3541353202499637,100000000.0,56317.877216993526,36854662296299.27,55902.0,415.8772169935271,nan,654404322.7037442,C,11,21,,nan,0.4458112562682338,True,0.1,True,0,0.0005,nan,0.09310986768126372,cult_d1=5_d2=11scaled_att5
100.0,,13.046507550117518,100000000.0,,,,,nan,,B0,,21,,nan,,,0.3,False,,0.0005,nan,0.09310986768126372,
100.0,5.873430851388089,13.046507550117518,100000000.0,62100.0,120364218437496.11,55902.0,6198,nan,1938232180.9580693,A,11,21,,nan,0.44260973380753454,False,0.3,True,3,0.0005,nan,0.09310986768126372,"15to1_11,5,5_minerr"
100.0,,13.046507550117518,100000000.0,,,,,nan,,B,,21,,nan,,,0.3,False,,0.0005,nan,0.09310986768126372,
100.0,76.62775994772787,13.046507550117518,100000000.0,56317.877216993526,1424119216129299.2,55902.0,415.8772169935271,nan,25287160782.750195,C,11,21,,nan,1.0847398531253465,True,0.3,True,0,0.0005,nan,0.09310986768126372,cult_d1=5_d2=11scaled_att5
10000.0,,13.046507550117518,100000000.0,,,,,nan,,B0,,21,,nan,,,0.3,False,,0.0005,nan,0.09310986768126372,
10000.0,5.873430851388089,13.046507550117518,100000000.0,62100.0,120364218437496.11,55902.0,6198,nan,1938232180.9580693,A,11,21,,nan,0.44260973380753454,False,0.3,True,3,0.0005,nan,0.09310986768126372,"15to1_11,5,5_minerr"
10000.0,,13.046507550117518,100000000.0,,,,,nan,,B,,21,,nan,,,0.3,False,,0.0005,nan,0.09310986768126372,
10000.0,76.62775994772787,13.046507550117518,100000000.0,56317.877216993526,1424119216129299.2,55902.0,415.8772169935271,nan,25287160782.750195,C,11,21,,nan,1.0847398531253465,True,0.3,True,0,0.0005,nan,0.09310986768126372,cult_d1=5_d2=11scaled_att5
100.0,,0.8917394753817645,100000000.0,,,,,nan,,B0,,21,,nan,,,1.0,False,,0.0005,nan,0.2108111251624607,
100.0,2.8436528715926697,0.8917394753817645,100000000.0,71494.0,223634530241810.94,55902.0,15592,nan,3128018158.7519364,A,11,21,,nan,0.2612723620223727,False,1.0,True,4,0.0005,nan,0.2108111251624607,"15to1_15,7,7_minerr"
100.0,,0.8917394753817645,100000000.0,,,,,nan,,B,,21,,nan,,,1.0,False,,0.0005,nan,0.2108111251624607,
100.0,2.5357975198818954,0.8917394753817645,100000000.0,56422.269417635034,157382995940881.72,55902.0,520.2694176350374,nan,2789377271.870085,C,11,21,,nan,0.23262704776738682,True,1.0,True,0,0.0005,nan,0.2108111251624607,cult_d1=5_d2=11scaled_att6
10000.0,,1.4523902736996073,100000000.0,,,,,nan,,B0,,21,,nan,,,1.0,False,,0.0005,nan,0.09234867920795997,
10000.0,112.4180873799084,1.4523902736996073,100000000.0,62100.0,7679279548921543.0,55902.0,6198,nan,123659896117.89925,A,11,21,,nan,1.1805562110658678,False,1.0,True,3,0.0005,nan,0.09234867920795997,"15to1_11,5,5_minerr"
10000.0,,1.4523902736996073,100000000.0,,,,,nan,,B,,21,,nan,,,1.0,False,,0.0005,nan,0.09234867920795997,
10000.0,163.27493669849153,1.4523902736996073,100000000.0,56365.14702118569,1.0123317393073786e+16,55902.0,463.1470211856858,nan,179602430368.34067,C,11,21,,nan,1.2738588770224815,True,1.0,True,0,0.0005,nan,0.09234867920795997,cult_d1=5_d2=11scaled_att5
100.0,,nan,10000000000.0,,,,,nan,,B0,,21,,nan,,,0.1,False,,0.0005,nan,nan,
100.0,,nan,10000000000.0,,,,,nan,,A,,21,,nan,,,0.1,False,,0.0005,nan,nan,
100.0,,nan,10000000000.0,,,,,nan,,B,,21,,nan,,,0.1,False,,0.0005,nan,nan,
100.0,75.01455537350552,nan,10000000000.0,78575.31761417113,7.66258026840673e+16,78078.0,497.31761417113296,nan,975189219855.5717,C,13,21,,nan,1.0794205415883962,True,0.1,True,0,0.0005,nan,nan,cult_d1=5_d2=11scaled_att7
10000.0,,0.31796544354653145,10000000000.0,,,,,nan,,B0,,21,,nan,,,0.1,False,,0.0005,nan,0.16175693425036708,
10000.0,2247.594282633787,0.31796544354653145,10000000000.0,93670.0,2.7369180339059886e+18,78078.0,15592,nan,29218725674239.23,A,13,21,,nan,1.929403928867452,False,0.1,True,4,0.0005,nan,0.16175693425036708,"15to1_15,7,7_minerr"
10000.0,,0.31796544354653145,10000000000.0,,,,,nan,,B,,21,,nan,,,0.1,False,,0.0005,nan,0.16175693425036708,
10000.0,714.6573129903002,0.31796544354653145,10000000000.0,78518.22796876811,7.294771356719556e+17,78078.0,440.22796876810855,nan,9290545068873.902,C,13,21,,nan,1.6429507863175936,True,0.1,True,0,0.0005,nan,0.16175693425036708,cult_d1=5_d2=11scaled_att6
100.0,,nan,10000000000.0,,,,,nan,,B0,,21,,nan,,,0.3,False,,0.0005,nan,nan,
100.0,,nan,10000000000.0,,,,,nan,,A,,21,,nan,,,0.3,False,,0.0005,nan,nan,
100.0,,nan,10000000000.0,,,,,nan,,B,,21,,nan,,,0.3,False,,0.0005,nan,nan,
100.0,20.858126670439347,nan,10000000000.0,78703.04643047418,6.402232636005569e+16,78078.0,625.0464304741796,nan,813466940147.1345,C,13,21,,nan,0.7594359101678121,True,0.3,True,0,0.0005,nan,nan,cult_d1=5_d2=11scaled_att8
10000.0,,nan,10000000000.0,,,,,nan,,B0,,21,,nan,,,0.3,False,,0.0005,nan,nan,
10000.0,,nan,10000000000.0,,,,,nan,,A,,21,,nan,,,0.3,False,,0.0005,nan,nan,
10000.0,,nan,10000000000.0,,,,,nan,,B,,21,,nan,,,0.3,False,,0.0005,nan,nan,
10000.0,4071.8283464481606,nan,10000000000.0,78575.31761417113,1.2477863018109428e+19,78078.0,497.31761417113296,nan,158801305511478.25,C,13,21,,nan,2.07796185068419,True,0.3,True,0,0.0005,nan,nan,cult_d1=5_d2=11scaled_att7
100.0,,nan,10000000000.0,,,,,nan,,B0,,21,,nan,,,1.0,False,,0.0005,nan,nan,
100.0,,nan,10000000000.0,,,,,nan,,A,,21,,nan,,,1.0,False,,0.0005,nan,nan,
100.0,,nan,10000000000.0,,,,,nan,,B,,21,,nan,,,1.0,False,,0.0005,nan,nan,
100.0,76.13517832397899,nan,10000000000.0,78779.41424774795,7.797250177614172e+17,78078.0,701.4142477479475,nan,9897573182117.27,C,13,21,,nan,1.0831276056243992,True,1.0,True,0,0.0005,nan,nan,cult_d1=5_d2=11scaled_att10
10000.0,,nan,10000000000.0,,,,,nan,,B0,,21,,nan,,,1.0,False,,0.0005,nan,nan,
10000.0,,nan,10000000000.0,,,,,nan,,A,,21,,nan,,,1.0,False,,0.0005,nan,nan,
10000.0,,nan,10000000000.0,,,,,nan,,B,,21,,nan,,,1.0,False,,0.0005,nan,nan,
10000.0,111.17214507704401,nan,10000000000.0,78703.04643047418,1.1374462444506207e+18,78078.0,625.0464304741796,nan,14452378860015.72,C,13,21,,nan,1.1777699641315418,True,1.0,True,0,0.0005,nan,nan,cult_d1=5_d2=11scaled_att8
100.0,1.0,0.6394227948510427,10000.0,40860.0,367740000.0,37422.0,3438,40860.0,9000.0,B0,9,25,9,0.04727083307278549,0.000804533151000637,False,0.1,True,3,0.0005,0.0,0.14162532917979287,"15to1_9,3,3_minq"
100.0,2.7991634195476705,0.6394227948510427,10000.0,13638.0,190874953.57895565,11550.0,2088,40860.0,13995.817097738352,A,5,25,9,0.04727083307278549,0.2573301484512313,False,0.1,True,4,0.0005,0.6662261380323055,0.14162532917979287,"15to1_5,3,3_minerr"
100.0,1.0,0.6394227948510427,10000.0,37529.50237313916,337765521.35825247,37422.0,107.50237313916244,40860.0,9000.0,B,9,25,9,0.04727083307278549,0.0007463166842985188,False,0.1,True,0,0.0005,0.08150997618357403,0.14162532917979287,cult_d1=3_d2=7_att1.8
100.0,1.7898488969719732,0.6394227948510427,10000.0,11706.513760645985,104764453.70939721,11550.0,156.51376064598406,40860.0,8949.244484859866,C,5,25,9,0.04727083307278549,0.1455328002975131,False,0.1,True,0,0.0005,0.7134969711050909,0.14162532917979287,cult_d1=3_d2=7_att1.4
10000.0,1.0,0.6394227948510427,10000.0,40860.0,367740000.0,37422.0,3438,40860.0,9000.0,B0,9,25,9,0.04727083307278549,0.000804533151000637,False,0.1,True,3,0.0005,0.0,0.14162532917979287,"15to1_9,3,3_minq"
10000.0,2.7991634195476705,0.6394227948510427,10000.0,13638.0,190874953.57895565,11550.0,2088,40860.0,13995.817097738352,A,5,25,9,0.04727083307278549,0.2573301484512313,False,0.1,True,4,0.0005,0.6662261380323055,0.14162532917979287,"15to1_5,3,3_minerr"
10000.0,1.0,0.6394227948510427,10000.0,37529.50237313916,337765521.35825247,37422.0,107.50237313916244,40860.0,9000.0,B,9,25,9,0.04727083307278549,0.0007463166842985188,False,0.1,True,0,0.0005,0.08150997618357403,0.14162532917979287,cult_d1=3_d2=7_att1.8
10000.0,1.7898488969719732,0.6394227948510427,10000.0,11706.513760645985,104764453.70939721,11550.0,156.51376064598406,40860.0,8949.244484859866,C,5,25,9,0.04727083307278549,0.1455328002975131,False,0.1,True,0,0.0005,0.7134969711050909,0.14162532917979287,cult_d1=3_d2=7_att1.4
100.0,1.0,0.26143536979896154,10000.0,43766.0,1181682000.0,37422.0,6344,43766.0,27000.0,B0,9,25,9,0.04413211715381838,0.0009993497098856174,False,0.3,True,4,0.0005,0.0,0.14162532917979287,"15to1_9,5,5_minerr"
100.0,7.720618251810976,0.26143536979896154,10000.0,13638.0,1579406875.7729714,11550.0,2088,43766.0,115809.27377716464,A,5,25,9,0.04413211715381838,0.5109736113153929,False,0.3,True,4,0.0005,0.6883882465841065,0.14162532917979287,"15to1_5,3,3_minerr"
100.0,1.0,0.26143536979896154,10000.0,37930.29437632542,1024117948.1607864,37422.0,508.294376325422,43766.0,27000.0,B,9,25,9,0.04413211715381838,0.0003710018658202834,True,0.3,True,0,0.0005,0.13333879321104458,0.14162532917979287,cult_d1=5_d2=11scaled_att5
100.0,2.018442687738814,0.26143536979896154,10000.0,11706.513760645985,354433906.4863454,11550.0,156.51376064598406,43766.0,30276.640316082212,C,5,25,9,0.04413211715381838,0.17558156685423817,False,0.3,True,0,0.0005,0.7325203637379247,0.14162532917979287,cult_d1=3_d2=7_att1.4
10000.0,1.0,0.26143536979896154,10000.0,43766.0,1181682000.0,37422.0,6344,43766.0,27000.0,B0,9,25,9,0.04413211715381838,0.0009993497098856174,False,0.3,True,4,0.0005,0.0,0.14162532917979287,"15to1_9,5,5_minerr"
10000.0,7.720618251810976,0.26143536979896154,10000.0,13638.0,1579406875.7729714,11550.0,2088,43766.0,115809.27377716464,A,5,25,9,0.04413211715381838,0.5109736113153929,False,0.3,True,4,0.0005,0.6883882465841065,0.14162532917979287,"15to1_5,3,3_minerr"
10000.0,1.0,0.26143536979896154,10000.0,37930.29437632542,1024117948.1607864,37422.0,508.294376325422,43766.0,27000.0,B,9,25,9,0.04413211715381838,0.0003710018658202834,True,0.3,True,0,0.0005,0.13333879321104458,0.14162532917979287,cult_d1=5_d2=11scaled_att5
10000.0,2.018442687738814,0.26143536979896154,10000.0,11706.513760645985,354433906.4863454,11550.0,156.51376064598406,43766.0,30276.640316082212,C,5,25,9,0.04413211715381838,0.17558156685423817,False,0.3,True,0,0.0005,0.7325203637379247,0.14162532917979287,cult_d1=3_d2=7_att1.4
100.0,1.0,1.562145991103315,10000.0,45686.0,4111740000.0,37422.0,8264,45686.0,90000.0,B0,9,25,9,0.0674930227937227,0.0003805835016143355,False,1.0,True,4,0.0005,0.0,0.20848453274875023,"15to1_11,5,5_minerr"
100.0,1.9678636013016442,1.562145991103315,10000.0,14790.0,1455235133.162566,11550.0,3240,45686.0,98393.18006508221,A,5,25,9,0.0674930227937227,0.16923712198661173,False,1.0,True,4,0.0005,0.6762684410979294,0.20848453274875023,"15to1_7,3,3_minerr"
100.0,1.0,1.562145991103315,10000.0,37930.29437632542,3413726493.869288,37422.0,508.294376325422,45686.0,90000.0,B,9,25,9,0.0674930227937227,0.0005946268747202728,True,1.0,True,0,0.0005,0.16976110019862933,0.20848453274875023,cult_d1=5_d2=11scaled_att5
100.0,3.0740902358114957,1.562145991103315,10000.0,11706.513760645985,1799343982.3497367,11550.0,156.51376064598406,45686.0,153704.5117905748,C,5,25,9,0.0674930227937227,0.28075224980277597,False,1.0,True,0,0.0005,0.7437614638916521,0.20848453274875023,cult_d1=3_d2=7_att1.4
10000.0,1.0,0.01142565599723933,10000.0,45686.0,4111740000.0,37422.0,8264,45686.0,90000.0,B0,9,25,9,0.04227742063989001,0.0003805835016143355,False,1.0,True,4,0.0005,0.0,0.14162532917979287,"15to1_11,5,5_minerr"
10000.0,269.0515307439904,0.01142565599723933,10000.0,13638.0,183466238814.32706,11550.0,2088,45686.0,13452576.53719952,A,5,25,9,0.04227742063989001,1.3987257313399581,False,1.0,True,4,0.0005,0.701484043251762,0.14162532917979287,"15to1_5,3,3_minerr"
10000.0,1.0,0.01142565599723933,10000.0,37930.29437632542,3413726493.869288,37422.0,508.294376325422,45686.0,90000.0,B,9,25,9,0.04227742063989001,0.0005946268747202728,True,1.0,True,0,0.0005,0.16976110019862933,0.14162532917979287,cult_d1=5_d2=11scaled_att5
10000.0,3.0740902358114957,0.01142565599723933,10000.0,11706.513760645985,1799343982.3497367,11550.0,156.51376064598406,45686.0,153704.5117905748,C,5,25,9,0.04227742063989001,0.28075224980277597,False,1.0,True,0,0.0005,0.7437614638916521,0.14162532917979287,cult_d1=3_d2=7_att1.4
100.0,1.0,1.562145991103315,100000.0,62100.0,6831000000.0,55902.0,6198,62100.0,110000.0,B0,11,25,11,0.03733018448762383,0.00023176788316229643,False,0.1,True,3,0.0005,0.0,0.09247664180155735,"15to1_11,5,5_minerr"
100.0,1.4838173791023659,1.562145991103315,100000.0,25068.0,2603743384.1536674,22638.0,2430,62100.0,103867.21653716562,A,7,25,11,0.03733018448762383,0.09865451931715785,False,0.1,True,3,0.0005,0.596328502415459,0.09247664180155735,"15to1_7,3,3_minerr"
100.0,1.0,1.562145991103315,100000.0,56317.877216993526,6194966493.8692875,55902.0,415.8772169935271,62100.0,110000.0,B,11,25,11,0.03733018448762383,0.0004458112562682338,True,0.1,True,0,0.0005,0.09310986768126372,0.09247664180155735,cult_d1=5_d2=11scaled_att5
100.0,2.3179393702941886,1.562145991103315,100000.0,22749.79554331856,3691285272.920095,22638.0,111.79554331856004,62100.0,162255.7559205932,C,7,25,11,0.03733018448762383,0.2101696471333221,False,0.1,True,0,0.0005,0.6336586869030827,0.09247664180155735,cult_d1=3_d2=7_att1.4
10000.0,1.0,1.5621459911033158,100000.0,62100.0,6831000000.0,55902.0,6198,62100.0,110000.0,B0,11,25,11,0.04965356263049944,0.00023176788316229643,False,0.1,True,3,0.0005,0.0,0.20848453274875023,"15to1_11,5,5_minerr"
10000.0,215.99418815575768,1.5621459911033158,100000.0,14790.0,159727702141.1828,11550.0,3240,62100.0,10799709.407787884,A,5,25,11,0.04965356263049944,1.3438128751589666,False,0.1,True,4,0.0005,0.7618357487922706,0.20848453274875023,"15to1_7,3,3_minerr"
10000.0,1.0,1.5621459911033158,100000.0,56317.877216993526,6194966493.8692875,55902.0,415.8772169935271,62100.0,110000.0,B,11,25,11,0.04965356263049944,0.0004458112562682338,True,0.1,True,0,0.0005,0.09310986768126372,0.20848453274875023,cult_d1=5_d2=11scaled_att5
10000.0,337.41445512913214,1.5621459911033158,100000.0,11706.513760645985,197497348100.50262,11550.0,156.51376064598406,62100.0,16870722.756456606,C,5,25,11,0.04965356263049944,1.455328002975131,False,0.1,True,0,0.0005,0.8114893114227699,0.20848453274875023,cult_d1=3_d2=7_att1.4
100.0,1.0,3.8121050144301445,100000.0,62100.0,20493000000.0,55902.0,6198,62100.0,330000.0,B0,11,25,11,0.03733018448762383,0.00044260973380753454,False,0.3,True,3,0.0005,0.0,0.09247664180155735,"15to1_11,5,5_minerr"
100.0,2.022729257417004,3.8121050144301445,100000.0,25068.0,10648213175.235188,22638.0,2430,62100.0,424773.1440575709,A,7,25,11,0.03733018448762383,0.1761119292520802,False,0.3,True,3,0.0005,0.596328502415459,0.09247664180155735,"15to1_7,3,3_minerr"
100.0,1.0,3.8121050144301445,100000.0,56365.14702118569,18600498516.991276,55902.0,463.1470211856858,62100.0,330000.0,B,11,25,11,0.03733018448762383,0.00047060053359451856,True,0.3,True,0,0.0005,0.09234867920795997,0.09247664180155735,cult_d1=5_d2=11scaled_att5
100.0,7.710856345033924,3.8121050144301445,100000.0,22749.79554331856,36838285115.8187,22638.0,111.79554331856004,62100.0,1619279.832457124,C,7,25,11,0.03733018448762383,0.5106573127005729,False,0.3,True,0,0.0005,0.6336586869030827,0.09247664180155735,cult_d1=3_d2=7_att1.4
10000.0,1.0,3.8121050144301423,100000.0,62100.0,20493000000.0,55902.0,6198,62100.0,330000.0,B0,11,25,11,0.04965356263049944,0.00044260973380753454,False,0.3,True,3,0.0005,0.0,0.20848453274875023,"15to1_11,5,5_minerr"
10000.0,294.44173519451925,3.8121050144301423,100000.0,14790.0,653218989529.041,11550.0,3240,62100.0,44166260.27917789,A,5,25,11,0.04965356263049944,1.421270285093889,False,0.3,True,4,0.0005,0.7618357487922706,0.20848453274875023,"15to1_7,3,3_minerr"
10000.0,1.0,3.8121050144301423,100000.0,56365.14702118569,18600498516.991276,55902.0,463.1470211856858,62100.0,330000.0,B,11,25,11,0.04965356263049944,0.00047060053359451856,True,0.3,True,0,0.0005,0.09234867920795997,0.20848453274875023,cult_d1=5_d2=11scaled_att5
10000.0,1122.442815192539,3.8121050144301423,100000.0,11706.513760645985,1970983839238.4517,11550.0,156.51376064598406,62100.0,168366422.27888086,C,5,25,11,0.04965356263049944,1.7558156685423816,False,0.3,True,0,0.0005,0.8114893114227699,0.20848453274875023,cult_d1=3_d2=7_att1.4
100.0,1.0,0.34884570118074787,100000.0,71494.0,78643400000.0,55902.0,15592,71494.0,1100000.0,B0,11,25,11,0.032249281538318963,0.0002612723620223727,False,1.0,True,4,0.0005,0.0,0.09197503328149736,"15to1_15,7,7_minerr"
100.0,5.982577266262315,0.34884570118074787,100000.0,25068.0,104979872837.4646,22638.0,2430,71494.0,4187804.0863836207,A,7,25,11,0.032249281538318963,0.4472128640243084,False,1.0,True,3,0.0005,0.6493691778331049,0.09197503328149736,"15to1_7,3,3_minerr"
100.0,1.0,0.34884570118074787,100000.0,56422.269417635034,62064496359.39854,55902.0,520.2694176350374,71494.0,1100000.0,B,11,25,11,0.032249281538318963,0.00023262704776738684,True,1.0,True,0,0.0005,0.2108111251624607,0.09197503328149736,cult_d1=5_d2=11scaled_att6
100.0,2.0869963613172793,0.34884570118074787,100000.0,22762.369865699424,33253488159.27095,22638.0,124.36986569942535,71494.0,1460897.4529220955,C,7,25,11,0.032249281538318963,0.18393147114859906,False,1.0,True,0,0.0005,0.6816184593714238,0.09197503328149736,cult_d1=3_d2=7_att1.6
10000.0,1.0,0.34884570118074776,100000.0,71494.0,78643400000.0,55902.0,15592,71494.0,1100000.0,B0,11,25,11,0.042883069740409056,0.0002612723620223727,False,1.0,True,4,0.0005,0.0,0.2072942655862613,"15to1_15,7,7_minerr"
10000.0,870.8631789224206,0.34884570118074776,100000.0,14790.0,6440033208131.301,11550.0,3240,71494.0,435431589.4612103,A,5,25,11,0.042883069740409056,1.6923712198661172,False,1.0,True,4,0.0005,0.7931294933840602,0.2072942655862613,"15to1_7,3,3_minerr"
10000.0,1.0,0.34884570118074776,100000.0,56422.269417635034,62064496359.39854,55902.0,520.2694176350374,71494.0,1100000.0,B,11,25,11,0.042883069740409056,0.00023262704776738684,True,1.0,True,0,0.0005,0.2108111251624607,0.2072942655862613,cult_d1=5_d2=11scaled_att6
10000.0,303.7968762836868,0.34884570118074776,100000.0,11724.117811979195,1780875184230.6062,11550.0,174.1178119791955,71494.0,151898438.1418434,C,5,25,11,0.042883069740409056,1.4290898269904078,False,1.0,True,0,0.0005,0.8360125631244693,0.2072942655862613,cult_d1=3_d2=7_att1.6
100.0,1.0,0.34884570118074787,1000000.0,93670.0,121771000000.0,78078.0,15592,93670.0,1300000.0,B0,13,25,13,0.024614392380704345,0.00019294039288674522,False,0.1,True,4,0.0005,0.0,0.09197503328149736,"15to1_15,7,7_minerr"
100.0,51.73739215906045,0.34884570118074787,1000000.0,25068.0,907867062650.3292,22638.0,2430,93670.0,36216174.51134232,A,7,25,13,0.024614392380704345,0.9865451931715784,False,0.1,True,3,0.0005,0.7323796306181274,0.09197503328149736,"15to1_7,3,3_minerr"
100.0,1.0,0.34884570118074787,1000000.0,78518.22796876811,102073696359.39854,78078.0,440.22796876810855,93670.0,1300000.0,B,13,25,13,0.024614392380704345,0.00016429507863175937,True,0.1,True,0,0.0005,0.16175693425036708,0.09197503328149736,cult_d1=5_d2=11scaled_att6
100.0,18.04836684499077,0.34884570118074787,1000000.0,22762.369865699424,287576521118.2545,22638.0,124.36986569942535,93670.0,12633856.791493539,C,7,25,13,0.024614392380704345,0.7232638002958691,False,0.1,True,0,0.0005,0.7569940229988318,0.09197503328149736,cult_d1=3_d2=7_att1.6
10000.0,1.0,86.53985961923826,1000000.0,93670.0,121771000000.0,78078.0,15592,93670.0,1300000.0,B0,13,25,13,0.0247486330381279,0.00019294039288674522,False,0.1,True,4,0.0005,0.0,0.09247664180155735,"15to1_15,7,7_minerr"
10000.0,51.73739215906045,86.53985961923826,1000000.0,25068.0,907867062650.3292,22638.0,2430,93670.0,36216174.51134232,A,7,25,13,0.0247486330381279,0.9865451931715784,False,0.1,True,3,0.0005,0.7323796306181274,0.09247664180155735,"15to1_7,3,3_minerr"
10000.0,1.0,86.53985961923826,1000000.0,78518.22796876811,102073696359.39854,78078.0,440.22796876810855,93670.0,1300000.0,B,13,25,13,0.0247486330381279,0.00016429507863175937,True,0.1,True,0,0.0005,0.16175693425036708,0.09247664180155735,cult_d1=5_d2=11scaled_att6
10000.0,4477.346654510569,86.53985961923826,1000000.0,22749.79554331856,71301104676673.77,22638.0,111.79554331856004,93670.0,3134142658.1573987,C,7,25,13,0.0247486330381279,2.101696471333221,False,0.1,True,0,0.0005,0.7571282636562554,0.09247664180155735,cult_d1=3_d2=7_att1.4
100.0,1.0,2.3462614568078815,1000000.0,93670.0,365313000000.0,78078.0,15592,93670.0,3900000.0,B0,13,25,13,0.03537557525675858,0.0004627912012521358,False,0.3,True,4,0.0005,0.0,0.1270758603428661,"15to1_15,7,7_minerr"
100.0,20.744419352542085,2.3462614568078815,1000000.0,26076.0,1135956105977.4634,22638.0,3438,93670.0,43563280.640338376,A,7,25,13,0.03537557525675858,0.7580693159096429,False,0.3,True,3,0.0005,0.7216184477420733,0.1270758603428661,"15to1_9,3,3_minq"
100.0,1.0,2.3462614568078815,1000000.0,78518.22796876811,306221089078.1956,78078.0,440.22796876810855,93670.0,3900000.0,B,13,25,13,0.03537557525675858,0.00037685525848717827,True,0.3,True,0,0.0005,0.16175693425036708,0.1270758603428661,cult_d1=5_d2=11scaled_att6
100.0,48.671831570729,2.3462614568078815,1000000.0,22762.369865699424,2326561087733.315,22638.0,124.36986569942535,93670.0,102210846.29853089,C,7,25,13,0.03537557525675858,0.9712751138936739,False,0.3,True,0,0.0005,0.7569940229988318,0.1270758603428661,cult_d1=3_d2=7_att1.6
10000.0,1.0,0.042452192671982796,1000000.0,93670.0,365313000000.0,78078.0,15592,93670.0,3900000.0,B0,13,25,13,0.024614392380704345,0.0004627912012521358,False,0.3,True,4,0.0005,0.0,0.09197503328149736,"15to1_15,7,7_minerr"
10000.0,1146.5092497530989,0.042452192671982796,1000000.0,25068.0,60355457132902.44,22638.0,2430,93670.0,2407669424.481508,A,7,25,13,0.024614392380704345,1.7611192925208017,False,0.3,True,3,0.0005,0.7323796306181274,0.09197503328149736,"15to1_7,3,3_minerr"
10000.0,1.0,0.042452192671982796,1000000.0,78518.22796876811,306221089078.1956,78078.0,440.22796876810855,93670.0,3900000.0,B,13,25,13,0.024614392380704345,0.00037685525848717827,True,0.3,True,0,0.0005,0.16175693425036708,0.09197503328149736,cult_d1=5_d2=11scaled_att6
10000.0,48.671831570729,0.042452192671982796,1000000.0,22762.369865699424,2326561087733.315,22638.0,124.36986569942535,93670.0,102210846.29853089,C,7,25,13,0.024614392380704345,0.9712751138936739,False,0.3,True,0,0.0005,0.7569940229988318,0.09197503328149736,cult_d1=3_d2=7_att1.6
100.0,,0.7922598347377293,1000000.0,,,,,nan,,B0,,25,,nan,,,1.0,False,,0.0005,nan,0.12654481757580882,
100.0,91.33324703283516,0.7922598347377293,1000000.0,26076.0,16671240247397.467,22638.0,3438,nan,639332729.2298461,A,7,25,,nan,1.1286287182058872,False,1.0,True,3,0.0005,nan,0.12654481757580882,"15to1_9,3,3_minq"
100.0,1.0,0.7922598347377293,1000000.0,78575.31761417113,1021479128984.2247,78078.0,497.31761417113296,nan,13000000.0,B,13,25,,nan,0.0005572856432519467,True,1.0,True,0,0.0005,nan,0.12654481757580882,cult_d1=5_d2=11scaled_att7
100.0,72.3596632002942,0.7922598347377293,1000000.0,22776.21733689321,11536555908320.059,22638.0,138.21733689320885,nan,506517642.4020594,C,7,25,,nan,1.070412251503769,False,1.0,True,0,0.0005,nan,0.12654481757580882,cult_d1=3_d2=7_att1.8
10000.0,,17.162795232316068,1000000.0,,,,,nan,,B0,,25,,nan,,,1.0,False,,0.0005,nan,0.1270758603428661,
10000.0,91.33324703283516,17.162795232316068,1000000.0,26076.0,16671240247397.467,22638.0,3438,nan,639332729.2298461,A,7,25,,nan,1.1286287182058872,False,1.0,True,3,0.0005,nan,0.1270758603428661,"15to1_9,3,3_minq"
10000.0,1.0,17.162795232316068,1000000.0,78575.31761417113,1021479128984.2247,78078.0,497.31761417113296,nan,13000000.0,B,13,25,,nan,0.0005572856432519467,True,1.0,True,0,0.0005,nan,0.1270758603428661,cult_d1=5_d2=11scaled_att7
10000.0,1567.533816727089,17.162795232316068,1000000.0,22762.369865699424,249765491593334.44,22638.0,124.36986569942535,nan,10972736717.089622,C,7,25,,nan,1.8393147114859905,False,1.0,True,0,0.0005,nan,0.1270758603428661,cult_d1=3_d2=7_att1.6
100.0,,2.3541353202499637,100000000.0,,,,,nan,,B0,,25,,nan,,,0.1,False,,0.0005,nan,0.09310986768126372,
100.0,2.5270978075151564,2.3541353202499637,100000000.0,62100.0,17262605123136.033,55902.0,6198,nan,277980758.8266672,A,11,25,,nan,0.23176788316229643,False,0.1,True,3,0.0005,nan,0.09310986768126372,"15to1_11,5,5_minerr"
100.0,1.0,2.3541353202499637,100000000.0,104491.70690641095,15673756035961.643,103950.0,541.7069064109556,nan,150000000.0,B,15,25,,nan,0.0008640086765381186,True,0.1,True,0,0.0005,nan,0.09310986768126372,cult_d1=5_d2=11scaled_att8
100.0,5.949130206397674,2.3541353202499637,100000000.0,56317.877216993526,36854662296299.27,55902.0,415.8772169935271,nan,654404322.7037442,C,11,25,,nan,0.4458112562682338,True,0.1,True,0,0.0005,nan,0.09310986768126372,cult_d1=5_d2=11scaled_att5
10000.0,,2.3541353202499637,100000000.0,,,,,nan,,B0,,25,,nan,,,0.1,False,,0.0005,nan,0.09310986768126372,
10000.0,2.5270978075151564,2.3541353202499637,100000000.0,62100.0,17262605123136.033,55902.0,6198,nan,277980758.8266672,A,11,25,,nan,0.23176788316229643,False,0.1,True,3,0.0005,nan,0.09310986768126372,"15to1_11,5,5_minerr"
10000.0,1.0,2.3541353202499637,100000000.0,104491.70690641095,15673756035961.643,103950.0,541.7069064109556,nan,150000000.0,B,15,25,,nan,0.0008640086765381186,True,0.1,True,0,0.0005,nan,0.09310986768126372,cult_d1=5_d2=11scaled_att8
10000.0,5.949130206397674,2.3541353202499637,100000000.0,56317.877216993526,36854662296299.27,55902.0,415.8772169935271,nan,654404322.7037442,C,11,25,,nan,0.4458112562682338,True,0.1,True,0,0.0005,nan,0.09310986768126372,cult_d1=5_d2=11scaled_att5
100.0,,13.046507550117518,100000000.0,,,,,nan,,B0,,25,,nan,,,0.3,False,,0.0005,nan,0.09310986768126372,
100.0,5.873430851388089,13.046507550117518,100000000.0,62100.0,120364218437496.11,55902.0,6198,nan,1938232180.9580693,A,11,25,,nan,0.44260973380753454,False,0.3,True,3,0.0005,nan,0.09310986768126372,"15to1_11,5,5_minerr"
100.0,,13.046507550117518,100000000.0,,,,,nan,,B,,25,,nan,,,0.3,False,,0.0005,nan,0.09310986768126372,
100.0,76.62775994772787,13.046507550117518,100000000.0,56317.877216993526,1424119216129299.2,55902.0,415.8772169935271,nan,25287160782.750195,C,11,25,,nan,1.0847398531253465,True,0.3,True,0,0.0005,nan,0.09310986768126372,cult_d1=5_d2=11scaled_att5
10000.0,,13.046507550117518,100000000.0,,,,,nan,,B0,,25,,nan,,,0.3,False,,0.0005,nan,0.09310986768126372,
10000.0,5.873430851388089,13.046507550117518,100000000.0,62100.0,120364218437496.11,55902.0,6198,nan,1938232180.9580693,A,11,25,,nan,0.44260973380753454,False,0.3,True,3,0.0005,nan,0.09310986768126372,"15to1_11,5,5_minerr"
10000.0,,13.046507550117518,100000000.0,,,,,nan,,B,,25,,nan,,,0.3,False,,0.0005,nan,0.09310986768126372,
10000.0,76.62775994772787,13.046507550117518,100000000.0,56317.877216993526,1424119216129299.2,55902.0,415.8772169935271,nan,25287160782.750195,C,11,25,,nan,1.0847398531253465,True,0.3,True,0,0.0005,nan,0.09310986768126372,cult_d1=5_d2=11scaled_att5
100.0,,0.8917394753817645,100000000.0,,,,,nan,,B0,,25,,nan,,,1.0,False,,0.0005,nan,0.2108111251624607,
100.0,2.8436528715926697,0.8917394753817645,100000000.0,71494.0,223634530241810.94,55902.0,15592,nan,3128018158.7519364,A,11,25,,nan,0.2612723620223727,False,1.0,True,4,0.0005,nan,0.2108111251624607,"15to1_15,7,7_minerr"
100.0,,0.8917394753817645,100000000.0,,,,,nan,,B,,25,,nan,,,1.0,False,,0.0005,nan,0.2108111251624607,
100.0,2.5357975198818954,0.8917394753817645,100000000.0,56422.269417635034,157382995940881.72,55902.0,520.2694176350374,nan,2789377271.870085,C,11,25,,nan,0.23262704776738682,True,1.0,True,0,0.0005,nan,0.2108111251624607,cult_d1=5_d2=11scaled_att6
10000.0,,1.4523902736996073,100000000.0,,,,,nan,,B0,,25,,nan,,,1.0,False,,0.0005,nan,0.09234867920795997,
10000.0,112.4180873799084,1.4523902736996073,100000000.0,62100.0,7679279548921543.0,55902.0,6198,nan,123659896117.89925,A,11,25,,nan,1.1805562110658678,False,1.0,True,3,0.0005,nan,0.09234867920795997,"15to1_11,5,5_minerr"
10000.0,,1.4523902736996073,100000000.0,,,,,nan,,B,,25,,nan,,,1.0,False,,0.0005,nan,0.09234867920795997,
10000.0,163.27493669849153,1.4523902736996073,100000000.0,56365.14702118569,1.0123317393073786e+16,55902.0,463.1470211856858,nan,179602430368.34067,C,11,25,,nan,1.2738588770224815,True,1.0,True,0,0.0005,nan,0.09234867920795997,cult_d1=5_d2=11scaled_att5
100.0,,nan,10000000000.0,,,,,nan,,B0,,25,,nan,,,0.1,False,,0.0005,nan,nan,
100.0,,nan,10000000000.0,,,,,nan,,A,,25,,nan,,,0.1,False,,0.0005,nan,nan,
100.0,,nan,10000000000.0,,,,,nan,,B,,25,,nan,,,0.1,False,,0.0005,nan,nan,
100.0,75.01455537350552,nan,10000000000.0,78575.31761417113,7.66258026840673e+16,78078.0,497.31761417113296,nan,975189219855.5717,C,13,25,,nan,1.0794205415883962,True,0.1,True,0,0.0005,nan,nan,cult_d1=5_d2=11scaled_att7
10000.0,,0.31796544354653145,10000000000.0,,,,,nan,,B0,,25,,nan,,,0.1,False,,0.0005,nan,0.16175693425036708,
10000.0,2247.594282633787,0.31796544354653145,10000000000.0,93670.0,2.7369180339059886e+18,78078.0,15592,nan,29218725674239.23,A,13,25,,nan,1.929403928867452,False,0.1,True,4,0.0005,nan,0.16175693425036708,"15to1_15,7,7_minerr"
10000.0,,0.31796544354653145,10000000000.0,,,,,nan,,B,,25,,nan,,,0.1,False,,0.0005,nan,0.16175693425036708,
10000.0,714.6573129903002,0.31796544354653145,10000000000.0,78518.22796876811,7.294771356719556e+17,78078.0,440.22796876810855,nan,9290545068873.902,C,13,25,,nan,1.6429507863175936,True,0.1,True,0,0.0005,nan,0.16175693425036708,cult_d1=5_d2=11scaled_att6
100.0,,nan,10000000000.0,,,,,nan,,B0,,25,,nan,,,0.3,False,,0.0005,nan,nan,
100.0,,nan,10000000000.0,,,,,nan,,A,,25,,nan,,,0.3,False,,0.0005,nan,nan,
100.0,,nan,10000000000.0,,,,,nan,,B,,25,,nan,,,0.3,False,,0.0005,nan,nan,
100.0,20.858126670439347,nan,10000000000.0,78703.04643047418,6.402232636005569e+16,78078.0,625.0464304741796,nan,813466940147.1345,C,13,25,,nan,0.7594359101678121,True,0.3,True,0,0.0005,nan,nan,cult_d1=5_d2=11scaled_att8
10000.0,,nan,10000000000.0,,,,,nan,,B0,,25,,nan,,,0.3,False,,0.0005,nan,nan,
10000.0,,nan,10000000000.0,,,,,nan,,A,,25,,nan,,,0.3,False,,0.0005,nan,nan,
10000.0,,nan,10000000000.0,,,,,nan,,B,,25,,nan,,,0.3,False,,0.0005,nan,nan,
10000.0,4071.8283464481606,nan,10000000000.0,78575.31761417113,1.2477863018109428e+19,78078.0,497.31761417113296,nan,158801305511478.25,C,13,25,,nan,2.07796185068419,True,0.3,True,0,0.0005,nan,nan,cult_d1=5_d2=11scaled_att7
100.0,,nan,10000000000.0,,,,,nan,,B0,,25,,nan,,,1.0,False,,0.0005,nan,nan,
100.0,,nan,10000000000.0,,,,,nan,,A,,25,,nan,,,1.0,False,,0.0005,nan,nan,
100.0,,nan,10000000000.0,,,,,nan,,B,,25,,nan,,,1.0,False,,0.0005,nan,nan,
100.0,76.13517832397899,nan,10000000000.0,78779.41424774795,7.797250177614172e+17,78078.0,701.4142477479475,nan,9897573182117.27,C,13,25,,nan,1.0831276056243992,True,1.0,True,0,0.0005,nan,nan,cult_d1=5_d2=11scaled_att10
10000.0,,nan,10000000000.0,,,,,nan,,B0,,25,,nan,,,1.0,False,,0.0005,nan,nan,
10000.0,,nan,10000000000.0,,,,,nan,,A,,25,,nan,,,1.0,False,,0.0005,nan,nan,
10000.0,,nan,10000000000.0,,,,,nan,,B,,25,,nan,,,1.0,False,,0.0005,nan,nan,
10000.0,111.17214507704401,nan,10000000000.0,78703.04643047418,1.1374462444506207e+18,78078.0,625.0464304741796,nan,14452378860015.72,C,13,25,,nan,1.1777699641315418,True,1.0,True,0,0.0005,nan,nan,cult_d1=5_d2=11scaled_att8
